"starfire_incident_id","incident_datetime","alarm_box_borough","alarm_box_number","alarm_box_location","incident_borough","zipcode","policeprecinct","citycouncildistrict","communitydistrict","communityschooldistrict","congressionaldistrict","alarm_source_description_tx","alarm_level_index_description","highest_alarm_level","incident_classification","incident_classification_group","dispatch_response_seconds_qy","first_assignment_datetime","first_activation_datetime","first_on_scene_datetime","incident_close_datetime","valid_dispatch_rspns_time_indc","valid_incident_rspns_time_indc","incident_response_seconds_qy","incident_travel_tm_seconds_qy","engines_assigned_quantity","ladders_assigned_quantity","other_units_assigned_quantity"
"500127850130001","2005-01-01T00:00:01.000","RICHMOND / STATEN ISLAND","2785","MERRYMOUNT ST & NOME AVE","RICHMOND / STATEN ISLAND","10314","121","51","502","31","11","Phone","Initial Alarm","First Alarm","Carbon Monoxide - Code 1 - Investigation","NonMedical Emergencies","40","2005-01-01T00:00:41.000","2005-01-01T00:00:56.000","2005-01-01T00:06:38.000","2005-01-01T00:15:56.000","N","Y","397","357","1","1","0"
"500133070120471","2005-01-01T00:00:03.000","BRONX","3307","ARTHUR AVE & 183 ST","BRONX","10458","48","15","206","10","15","PD Link/Medical","DEFAULT RECORD","First Alarm","Medical MFA - PD Link","Medical MFAs","10","2005-01-01T00:00:13.000","2005-01-01T00:01:51.000","2005-01-01T00:04:23.000","2005-01-01T00:07:03.000","N","Y","260","250","1","0","0"
"500103630140001","2005-01-01T00:01:02.000","BROOKLYN","363","TOMPKINS & PARK AVES","BROOKLYN","11206","79","36","303","14","8","PD Link/Medical","Initial Alarm","First Alarm","Medical - Assist Civilian","Medical Emergencies","7","2005-01-01T00:01:09.000","2005-01-01T00:01:25.000","2005-01-01T00:03:28.000","2005-01-01T00:13:20.000","N","Y","146","139","1","0","0"
"500175150150001","2005-01-01T00:01:42.000","QUEENS","7515","ASTORIA BLVD AND 2ND ST","QUEENS","11102","114","22","401","30","12","Phone","DEFAULT RECORD","First Alarm","Non-Medical MFA - Phone","NonMedical MFAs","52","2005-01-01T00:02:34.000","2005-01-01T00:02:51.000","2005-01-01T00:07:09.000","2005-01-01T00:08:27.000","N","Y","327","275","3","2","1"
"500171620150003","2005-01-01T00:01:45.000","QUEENS","7162","JACKSON & 42 RD","QUEENS","11101","108","26","402","30","12","Private Fire Alarm","Initial Alarm","First Alarm","Sprinkler System - Working on System","NonMedical Emergencies","112","2005-01-01T00:03:37.000","2005-01-01T00:04:12.000","2005-01-01T00:08:16.000","2005-01-01T00:24:37.000","N","Y","391","279","1","1","1"
"500116870110001","2005-01-01T00:01:54.000","MANHATTAN","1687","RIVERSIDE DR & 162 ST","MANHATTAN","10032","33","7","112","6","13","Phone","Initial Alarm","First Alarm","Utility Emergency - Electric","NonMedical Emergencies","47","2005-01-01T00:02:41.000","2005-01-01T00:03:03.000","2005-01-01T00:08:19.000","2005-01-01T00:23:37.000","N","Y","385","338","0","1","0"
"500131160120002","2005-01-01T00:02:29.000","BRONX","3116","LORING PLACE & 179 ST","BRONX","10453","46","14","205","10","15","Private Fire Alarm","Initial Alarm","First Alarm","Alarm System - Unwarranted","NonMedical Emergencies","119","2005-01-01T00:04:28.000","2005-01-01T00:06:51.000","2005-01-01T00:09:49.000","2005-01-01T00:20:40.000","N","Y","440","321","1","1","0"
"500127370120001","2005-01-01T00:02:52.000","BRONX","2737","HOE AVE & JENNINGS ST","BRONX","10460","42","17","203","12","15","Phone","Initial Alarm","First Alarm","Non-Medical 10-91 (Unnecessary Alarm)","NonMedical Emergencies","55","2005-01-01T00:03:47.000","2005-01-01T00:04:04.000","2005-01-01T00:11:01.000","2005-01-01T00:20:23.000","N","Y","489","434","1","1","0"
"500126640140004","2005-01-01T00:03:35.000","BROOKLYN","2664","4 AVE & 54 ST","BROOKLYN","11220","72","38","307","15","7","Phone","Initial Alarm","First Alarm","Demolition Debris or Rubbish Fire","NonStructural Fires","41","2005-01-01T00:04:16.000","2005-01-01T00:04:31.000","2005-01-01T00:07:12.000","2005-01-01T00:23:43.000","N","Y","217","176","1","1","0"
"500107860110002","2005-01-01T00:04:26.000","MANHATTAN","786","7 AVE & 42 ST","MANHATTAN","10036","14","3","105","2","12","Private Fire Alarm","Initial Alarm","First Alarm","Alarm System - Unwarranted","NonMedical Emergencies","0",,,,"2005-01-01T00:15:55.000","N","N","0","0","0","0","0"
"500178430150004","2005-01-01T00:04:44.000","QUEENS","7843","ROOSEVELT AVE & 78 ST","QUEENS","11372","110","25","404","24","14","Private Fire Alarm","Initial Alarm","First Alarm","Alarm System - Unwarranted","NonMedical Emergencies","78","2005-01-01T00:06:02.000","2005-01-01T00:06:14.000","2005-01-01T00:10:05.000","2005-01-01T00:27:08.000","N","Y","321","243","1","1","1"
"500104150110003","2005-01-01T00:07:18.000","MANHATTAN","415","ON HOUSTON ST, 150 FT EAST OF AVE D","MANHATTAN","10009","9","2","103","1","7","EMS Link/Medical","Initial Alarm","First Alarm","Medical - EMS Link 10-91","Medical Emergencies","27","2005-01-01T00:07:45.000","2005-01-01T00:08:10.000",,"2005-01-01T00:11:29.000","N","N","0","0","1","0","0"
"500192370150005","2005-01-01T00:07:32.000","QUEENS","9237","N/SVC RD H. HARDING EXPY & 99 ST","QUEENS","11368","110","21","404","28","14","Phone","Initial Alarm","First Alarm","Multiple Dwelling 'A' - Other fire","Structural Fires","102","2005-01-01T00:09:14.000","2005-01-01T00:09:31.000","2005-01-01T00:13:10.000","2005-01-01T00:33:42.000","N","Y","338","236","3","2","2"
"500116840110006","2005-01-01T00:09:01.000","MANHATTAN","1684","FORT WASHINGTON AVE & 161 ST","MANHATTAN","10032","33","7","112","6","13","Phone","DEFAULT RECORD","First Alarm","Non-Medical MFA - Phone","NonMedical MFAs","74","2005-01-01T00:10:15.000","2005-01-01T00:10:29.000","2005-01-01T00:13:27.000","2005-01-01T00:14:29.000","N","Y","266","192","2","1","1"
"500181240150006","2005-01-01T00:09:42.000","QUEENS","8124","PS87 80 ST-BTW 67 DR & 68 AV","QUEENS",,,,,,,"Phone","DEFAULT RECORD","First Alarm","Non-Medical MFA - Phone","NonMedical MFAs","91","2005-01-01T00:11:13.000","2005-01-01T00:11:31.000","2005-01-01T00:14:47.000","2005-01-01T00:17:58.000","N","Y","305","214","1","1","0"
"500123090120004","2005-01-01T00:11:44.000","BRONX","2309","PARK AVE & 158 ST","BRONX","10451","44","16","204","7","15","Phone","DEFAULT RECORD","First Alarm","Non-Medical MFA - Phone","NonMedical MFAs","55","2005-01-01T00:12:39.000","2005-01-01T00:12:57.000","2005-01-01T00:14:57.000","2005-01-01T00:22:14.000","N","Y","193","138","2","2","1"
"500114830140005","2005-01-01T00:11:45.000","BROOKLYN","1483","10 AVE & 48 ST","BROOKLYN","11219","66","39","312","20","10","PD Link/Medical","Initial Alarm","First Alarm","Medical - PD Link 10-91","Medical Emergencies","11","2005-01-01T00:11:56.000","2005-01-01T00:12:22.000",,"2005-01-01T00:16:45.000","N","N","0","0","1","0","0"
"500167440150007","2005-01-01T00:12:12.000","QUEENS","6744","85 RD & 241 ST","QUEENS","11426","105","23","413","26","3","EMS Link/Medical","Initial Alarm","First Alarm","Medical - EMS Link 10-91","Medical Emergencies","85","2005-01-01T00:13:37.000","2005-01-01T00:14:06.000","2005-01-01T00:19:18.000","2005-01-01T00:30:32.000","N","Y","426","341","1","0","0"
"500100830130003","2005-01-01T00:12:27.000","RICHMOND / STATEN ISLAND","83","BRIGHTON AVE & JERSEY ST","RICHMOND / STATEN ISLAND",,,,,,,"Phone","Initial Alarm","First Alarm","Medical - Assist Civilian","Medical Emergencies","73","2005-01-01T00:13:40.000","2005-01-01T00:13:53.000","2005-01-01T00:15:38.000","2005-01-01T00:27:23.000","N","Y","191","118","1","0","0"
"500108990110009","2005-01-01T00:12:29.000","MANHATTAN","899","10 AVE & 55 ST","MANHATTAN","10019","18","6","104","2","10","Phone","Initial Alarm","First Alarm","Odor - Other Smoke","NonMedical Emergencies","58","2005-01-01T00:13:27.000","2005-01-01T00:13:37.000","2005-01-01T00:17:50.000","2005-01-01T00:28:20.000","N","Y","321","263","1","1","0"
"500104220110008","2005-01-01T00:12:49.000","MANHATTAN","422","2 AVE & 3 ST","MANHATTAN","10003","9","2","103","1","12","PD Link/Medical","Initial Alarm","First Alarm","Medical - PD Link 10-91","Medical Emergencies","13","2005-01-01T00:13:02.000","2005-01-01T00:14:50.000","2005-01-01T00:16:33.000","2005-01-01T00:18:50.000","N","Y","224","211","1","0","0"
"500102410140006","2005-01-01T00:13:09.000","BROOKLYN","241","UNION AVE & GRAND ST","BROOKLYN","11211","90","34","301","14","7","Phone","Initial Alarm","First Alarm","Demolition Debris or Rubbish Fire","NonStructural Fires","41","2005-01-01T00:13:50.000","2005-01-01T00:14:14.000","2005-01-01T00:15:56.000","2005-01-01T00:19:13.000","N","Y","167","126","1","0","0"
"500121700120006","2005-01-01T00:14:06.000","BRONX","2170","3 AVE & 141 ST","BRONX","10454","40","8","201","7","15","Phone","Initial Alarm","First Alarm","Utility Emergency - Water","NonMedical Emergencies","72","2005-01-01T00:15:18.000","2005-01-01T00:15:39.000","2005-01-01T00:25:10.000","2005-01-01T01:05:29.000","N","Y","664","592","0","1","0"
"500173790150008","2005-01-01T00:14:09.000","QUEENS","7379","35 AVE & 21 ST","QUEENS","11106","114","26","401","30","12","Phone","Initial Alarm","First Alarm","Brush Fire","NonStructural Fires","64","2005-01-01T00:15:13.000","2005-01-01T00:15:29.000","2005-01-01T00:16:58.000","2005-01-01T00:33:17.000","N","Y","169","105","3","1","1"
"500108970240007","2005-01-01T00:14:23.000","BROOKLYN","897","IRVING AVE & ELDERT ST","BROOKLYN","11237","83","37","304","32","7","Phone","Initial Alarm","First Alarm","Assist Civilian - Non-Medical","NonMedical Emergencies","249","2005-01-01T00:18:32.000","2005-01-01T00:18:53.000","2005-01-01T00:27:58.000","2005-01-01T00:31:06.000","N","Y","815","566","0","1","0"
"500114930110011","2005-01-01T00:14:40.000","MANHATTAN","1493","BWAY & W125 ST\M.L.KING JR BLVD","MANHATTAN","10027","26","7","109","5","13","Phone","Initial Alarm","First Alarm","Multiple Dwelling 'A' - Compactor fire","Structural Fires","49","2005-01-01T00:15:29.000","2005-01-01T00:15:43.000","2005-01-01T00:19:06.000","2005-01-01T00:35:27.000","N","Y","266","217","2","2","1"
"500122560120007","2005-01-01T00:15:13.000","BRONX","2256","AVE ST. JOHN & SOUTHERN BLVD","BRONX","10455","41","8","202","8","15","Verbal","Initial Alarm","First Alarm","Medical - Assist Civilian","Medical Emergencies","97","2005-01-01T00:16:50.000","2005-01-01T00:17:02.000","2005-01-01T00:22:02.000","2005-01-01T00:32:53.000","N","Y","409","312","0","0","1"
"500132090120008","2005-01-01T00:15:32.000","BRONX","3209","LYDIG AVE & BRONX PARK E","BRONX","10462","49","13","211","11","14","Phone","Initial Alarm","First Alarm","Non-Medical 10-91 (Unnecessary Alarm)","NonMedical Emergencies","83","2005-01-01T00:16:55.000","2005-01-01T00:17:17.000","2005-01-01T00:21:18.000","2005-01-01T00:25:42.000","N","Y","346","263","1","1","0"
"500133910140009","2005-01-01T00:16:05.000","BROOKLYN","3391","SHELL RD 200' S OF AVE X W/S OF S","BROOKLYN","11223","61","47","315","21","11","Phone","Initial Alarm","First Alarm","Demolition Debris or Rubbish Fire","NonStructural Fires","26","2005-01-01T00:16:31.000","2005-01-01T00:16:46.000","2005-01-01T00:20:04.000","2005-01-01T00:26:20.000","N","Y","239","213","1","0","0"
"500108780110012","2005-01-01T00:16:29.000","MANHATTAN","878","2 AVE & 53 ST","MANHATTAN","10022","17","4","106","2","12","Phone","7-5 (All Hands Alarm)","Seventh Alarm","Other Commercial Building Fire","Structural Fires","78","2005-01-01T00:17:47.000","2005-01-01T00:18:00.000","2005-01-01T00:21:27.000","2005-01-01T01:00:21.000","N","Y","298","220","5","4","6"
"500108780110012","2005-01-01T00:16:29.000","MANHATTAN","878","2 AVE & 53 ST","MANHATTAN","10022","17","4","106","2","12","Phone","7-5 (All Hands Alarm)","All Hands Working","Other Commercial Building Fire","Structural Fires","78","2005-01-01T00:17:47.000","2005-01-01T00:18:00.000","2005-01-01T00:21:27.000","2005-01-01T01:00:21.000","N","Y","298","220","5","4","6"
"500112510140010","2005-01-01T00:16:51.000","BROOKLYN","1251","6 AVE & UNION ST","BROOKLYN","11215","78","39","306","13","7","Phone","DEFAULT RECORD","First Alarm","Non-Medical MFA - Phone","NonMedical MFAs","52","2005-01-01T00:17:43.000","2005-01-01T00:18:08.000","2005-01-01T00:20:13.000","2005-01-01T00:21:04.000","N","Y","202","150","0","0","1"
"500123910120010","2005-01-01T00:17:41.000","BRONX","2391","ANDERSON AVE & W 164 ST","BRONX","10452","44","8","204","9","15","Phone","Initial Alarm","First Alarm","Odor - Other Than Smoke","NonMedical Emergencies","113","2005-01-01T00:19:34.000","2005-01-01T00:19:57.000","2005-01-01T00:22:30.000","2005-01-01T00:31:05.000","N","Y","289","176","3","2","1"
"500113780110013","2005-01-01T00:17:41.000","MANHATTAN","1378","LEXINGTON AVE & 115 ST","MANHATTAN","10029","23","8","111","4","13","Phone","DEFAULT RECORD","First Alarm","Non-Medical MFA - Phone","NonMedical MFAs","58","2005-01-01T00:18:39.000","2005-01-01T00:18:56.000","2005-01-01T00:22:11.000","2005-01-01T00:26:20.000","N","Y","270","212","3","2","1"
"500133200120009","2005-01-01T00:17:43.000","BRONX","3320","RYER AV & 184 ST","BRONX","10458","46","15","205","10","15","EMS Link/Medical","Initial Alarm","First Alarm","Medical - Assist Civilian","Medical Emergencies","11","2005-01-01T00:17:54.000","2005-01-01T00:18:21.000","2005-01-01T00:22:22.000","2005-01-01T00:36:54.000","N","Y","279","268","1","0","0"
"500105220140011","2005-01-01T00:18:20.000","BROOKLYN","522","HENRY ST & KANE ST","BROOKLYN","11231","76","39","306","15","7","Phone","Initial Alarm","First Alarm","Demolition Debris or Rubbish Fire","NonStructural Fires","27","2005-01-01T00:18:47.000","2005-01-01T00:19:06.000","2005-01-01T00:23:02.000","2005-01-01T00:30:56.000","N","Y","282","255","1","0","0"
"500185430150010","2005-01-01T00:18:21.000","QUEENS","8543","91 AVE & 84 ST","QUEENS",,,,,,,"ERS No Contact","DEFAULT RECORD","First Alarm","Non-Medical MFA - ERS No Contact","NonMedical MFAs","8","2005-01-01T00:18:29.000","2005-01-01T00:18:42.000","2005-01-01T00:20:56.000","2005-01-01T00:22:06.000","N","Y","155","147","1","0","0"
"500108390140012","2005-01-01T00:20:22.000","BROOKLYN","839","BUSHWICK AVE & GRANITE ST","BROOKLYN","11207","83","37","304","32","8","EMS Link/Medical","Initial Alarm","First Alarm","Medical - Assist Civilian","Medical Emergencies","10","2005-01-01T00:20:32.000","2005-01-01T00:20:58.000","2005-01-01T00:23:53.000","2005-01-01T00:34:18.000","N","Y","211","201","1","0","0"
"500188280150011","2005-01-01T00:21:10.000","QUEENS","8828","109 AVE & INWOOD ST","QUEENS","11435","103","28","412","28","5","EMS Link/Medical","Initial Alarm","First Alarm","Medical - Assist Civilian","Medical Emergencies","6","2005-01-01T00:21:16.000","2005-01-01T00:21:34.000","2005-01-01T00:26:15.000","2005-01-01T00:36:55.000","N","Y","305","299","1","0","0"
"500138710130004","2005-01-01T00:21:21.000","RICHMOND / STATEN ISLAND","3871","HYLAN BLVD AND PACIFIC AVE","RICHMOND / STATEN ISLAND","10312","122","51","503","31","11","EMS Link/Medical","Initial Alarm","First Alarm","Medical - EMS Link 10-91","Medical Emergencies","13","2005-01-01T00:21:34.000","2005-01-01T00:22:17.000","2005-01-01T00:25:12.000","2005-01-01T00:28:53.000","N","Y","231","218","1","1","1"
"500123090320011","2005-01-01T00:22:48.000","BRONX","2309","PARK AVE & 158 ST","BRONX","10451","44","16","204","7","15","Phone","Initial Alarm","First Alarm","Utility Emergency - Electric","NonMedical Emergencies","83","2005-01-01T00:24:11.000","2005-01-01T00:24:43.000","2005-01-01T00:24:55.000","2005-01-01T00:38:32.000","N","Y","127","44","0","1","0"
"500172580150012","2005-01-01T00:23:25.000","QUEENS","7258","47 AVE & 39 PL","QUEENS","11104","108","26","402","24","14","PD Link/Medical","Initial Alarm","First Alarm","Medical - PD Link 10-91","Medical Emergencies","8","2005-01-01T00:23:33.000","2005-01-01T00:23:56.000","2005-01-01T00:29:05.000","2005-01-01T00:29:28.000","N","Y","340","332","1","0","0"
"500115240110017","2005-01-01T00:23:27.000","MANHATTAN","1524","ST. NICHOLAS AVE & 130 ST","MANHATTAN","10027","26","9","109","5","13","Phone","Initial Alarm","First Alarm","Odor - Other Than Smoke","NonMedical Emergencies","102","2005-01-01T00:25:09.000","2005-01-01T00:25:29.000","2005-01-01T00:29:31.000","2005-01-01T00:48:59.000","N","Y","364","262","3","1","1"
"500159490150013","2005-01-01T00:24:42.000","QUEENS","5949","259 ST & 148 RD","QUEENS",,,,,,,"ERS No Contact","DEFAULT RECORD","First Alarm","Non-Medical MFA - ERS No Contact","NonMedical MFAs","11","2005-01-01T00:24:53.000","2005-01-01T00:25:18.000","2005-01-01T00:29:39.000","2005-01-01T00:30:52.000","N","Y","297","286","1","0","0"
"500123390120012","2005-01-01T00:24:43.000","BRONX","2339","UNION AVE & 161 ST","BRONX","10459","40","17","201","7","15","PD Link/Medical","Initial Alarm","First Alarm","Medical - Assist Civilian","Medical Emergencies","35","2005-01-01T00:25:18.000","2005-01-01T00:25:38.000","2005-01-01T00:29:05.000","2005-01-01T00:50:23.000","N","Y","262","227","1","0","0"
"500113730140017","2005-01-01T00:24:55.000","BROOKLYN","1373","COLUMBIA ST-160' SO. OF VERONA ST","BROOKLYN","11231","76","38","306","15","7","Phone","Initial Alarm","First Alarm","Demolition Debris or Rubbish Fire","NonStructural Fires","43","2005-01-01T00:25:38.000","2005-01-01T00:25:52.000","2005-01-01T00:28:04.000","2005-01-01T00:34:00.000","N","Y","189","146","1","0","0"
"500106530140016","2005-01-01T00:24:58.000","BROOKLYN","653","LAFAYETTE & CLASSON AVES","BROOKLYN","11238","79","35","303","13","8","Phone","Initial Alarm","First Alarm","Multiple Dwelling 'A' - Compactor fire","Structural Fires","37","2005-01-01T00:25:35.000","2005-01-01T00:25:51.000","2005-01-01T00:28:44.000","2005-01-01T00:47:38.000","N","Y","226","189","3","2","1"
"500140550140018","2005-01-01T00:26:23.000","BROOKLYN","4055","GENEVA LOOP & PENNSYLVANIA AV/G. PAYNE A","BROOKLYN","11239","75","42","305","19","8","EMS Link/Medical","Initial Alarm","First Alarm","Medical - Assist Civilian","Medical Emergencies","24","2005-01-01T00:26:47.000","2005-01-01T00:27:17.000","2005-01-01T00:38:56.000","2005-01-01T00:39:57.000","N","N","753","729","1","0","0"
"500131570120015","2005-01-01T00:26:53.000","BRONX","3157","GRAND AVE  & 181 ST.","BRONX","10453","46","14","205","10","15","EMS Link/Medical","DEFAULT RECORD","First Alarm","Medical MFA - EMS Link","Medical MFAs","11","2005-01-01T00:27:04.000","2005-01-01T00:27:25.000","2005-01-01T00:31:47.000","2005-01-01T00:33:52.000","N","Y","294","283","1","0","0"
"500116490110018","2005-01-01T00:27:19.000","MANHATTAN","1649","RIVERSIDE DR & 150 ST","MANHATTAN","10031","30","7","109","6","13","Phone","7-5 (All Hands Alarm)","Seventh Alarm","Multiple Dwelling 'A' - Other fire","Structural Fires","74","2005-01-01T00:28:33.000","2005-01-01T00:28:48.000","2005-01-01T00:31:53.000","2005-01-01T02:25:27.000","N","Y","274","200","5","3","5"
"500116490110018","2005-01-01T00:27:19.000","MANHATTAN","1649","RIVERSIDE DR & 150 ST","MANHATTAN","10031","30","7","109","6","13","Phone","7-5 (All Hands Alarm)","All Hands Working","Multiple Dwelling 'A' - Other fire","Structural Fires","74","2005-01-01T00:28:33.000","2005-01-01T00:28:48.000","2005-01-01T00:31:53.000","2005-01-01T02:25:27.000","N","Y","274","200","5","3","5"
"500119550130005","2005-01-01T00:28:23.000","RICHMOND / STATEN ISLAND","1955","RICHARD LA & MORANI ST","RICHMOND / STATEN ISLAND","10314","121","50","502","31","11","EMS Link/Medical","Initial Alarm","First Alarm","Medical - Assist Civilian","Medical Emergencies","12","2005-01-01T00:28:35.000","2005-01-01T00:28:59.000","2005-01-01T00:32:49.000","2005-01-01T00:38:46.000","N","Y","266","254","1","0","0"
"500108230110022","2005-01-01T00:28:36.000","MANHATTAN","823","3 AVE & 46 ST","MANHATTAN","10017","17","4","106","2","12","Private Fire Alarm","Initial Alarm","First Alarm","Alarm System - Unwarranted","NonMedical Emergencies","98","2005-01-01T00:30:14.000","2005-01-01T00:30:27.000","2005-01-01T00:35:00.000","2005-01-01T00:37:16.000","N","Y","384","286","1","1","1"
"500127970150014","2005-01-01T00:29:26.000","QUEENS","2797","145 RD & SPRINGFIELD BLVD","QUEENS",,,,,,,"Verbal","Initial Alarm","First Alarm","Undefined Emergency","NonMedical Emergencies","55","2005-01-01T00:30:21.000","2005-01-01T00:30:21.000",,"2005-01-01T01:21:47.000","N","N","0","0","0","1","0"
"500126680140019","2005-01-01T00:29:57.000","BROOKLYN","2668","3 AVE & 51 ST","BROOKLYN","11220","72","38","307","15","7","Verbal","Initial Alarm","First Alarm","Non-Medical 10-91 (Unnecessary Alarm)","NonMedical Emergencies","18","2005-01-01T00:30:15.000","2005-01-01T00:30:15.000","2005-01-01T00:30:54.000","2005-01-01T00:34:20.000","N","Y","57","39","1","0","0"
"500155270150015","2005-01-01T00:30:19.000","QUEENS","5527","POLHEMAS AVE & WATSON PL","QUEENS","11433","103","27","412","29","5","Phone","Initial Alarm","First Alarm","Carbon Monoxide - Code 1 - Investigation","NonMedical Emergencies","49","2005-01-01T00:31:08.000","2005-01-01T00:32:04.000","2005-01-01T00:39:00.000","2005-01-01T00:43:05.000","N","Y","521","472","1","1","0"
"500101310140020","2005-01-01T00:33:49.000","BROOKLYN","131","ROEBLING & N8 STS","BROOKLYN","11211","94","33","301","14","12","EMS Link/Medical","Initial Alarm","First Alarm","Medical - EMS Link 10-91","Medical Emergencies","8","2005-01-01T00:33:57.000","2005-01-01T00:34:16.000","2005-01-01T00:37:13.000","2005-01-01T00:37:27.000","N","Y","204","196","1","0","0"
"500131220150016","2005-01-01T00:35:38.000","QUEENS","3122","QUEENS BLVD OPP. JACOBUS ST","QUEENS","11373","110","25","404","24","6","PD Link/Medical","Initial Alarm","First Alarm","Medical - PD Link 10-91","Medical Emergencies","6","2005-01-01T00:35:44.000","2005-01-01T00:36:08.000",,"2005-01-01T00:37:21.000","N","N","0","0","1","0","0"
"500127410120017","2005-01-01T00:36:08.000","BRONX","2741","JEFFERSON PL & BOSTON RD","BRONX","10456","42","16","203","12","15","Phone","Initial Alarm","First Alarm","Utility Emergency - Water","NonMedical Emergencies","116","2005-01-01T00:38:04.000","2005-01-01T00:38:31.000","2005-01-01T00:45:05.000","2005-01-01T01:10:41.000","N","Y","537","421","0","1","0"
"500143910150017","2005-01-01T00:36:09.000","QUEENS","4391","WOODWARD AVE & STANHOPE ST","QUEENS",,,,,,,"ERS No Contact","DEFAULT RECORD","First Alarm","Non-Medical MFA - ERS No Contact","NonMedical MFAs","5","2005-01-01T00:36:14.000","2005-01-01T00:36:30.000","2005-01-01T00:39:59.000","2005-01-01T00:40:41.000","N","Y","230","225","1","0","0"
"500189400120016","2005-01-01T00:37:25.000","BRONX","8940","BX RIV PKWY - GUN HILL RD N & CITY LINE","BRONX","10466","47","11","212","11","16","PD Link/Medical","Initial Alarm","First Alarm","Medical - PD Link 10-91","Medical Emergencies","30","2005-01-01T00:37:55.000","2005-01-01T00:38:20.000","2005-01-01T00:44:43.000","2005-01-01T00:45:25.000","N","Y","438","408","1","0","0"
"500108620110030","2005-01-01T00:37:50.000","MANHATTAN","862","LEXINGTON AVE & 51 ST","MANHATTAN","10022","17","4","106","2","12","Phone","Initial Alarm","First Alarm","Medical - Assist Civilian","Medical Emergencies","59","2005-01-01T00:38:49.000","2005-01-01T00:39:04.000","2005-01-01T00:44:40.000","2005-01-01T01:02:25.000","N","Y","410","351","1","0","0"
"500112890110032","2005-01-01T00:38:43.000","MANHATTAN","1289","1 AVE & 104 ST","MANHATTAN","10029","23","8","111","4","13","Phone","Initial Alarm","First Alarm","Utility Emergency - Electric","NonMedical Emergencies","60","2005-01-01T00:39:43.000","2005-01-01T00:40:03.000","2005-01-01T00:46:50.000","2005-01-01T01:06:15.000","N","Y","487","427","0","1","0"
"500152700150018","2005-01-01T00:38:54.000","QUEENS","5270","109 AVE & 120 ST","QUEENS","11420","106","28","410","27","5","PD Link/Medical","Initial Alarm","First Alarm","Medical - PD Link 10-91","Medical Emergencies","27","2005-01-01T00:39:21.000","2005-01-01T00:39:47.000","2005-01-01T00:41:22.000","2005-01-01T00:46:26.000","N","Y","148","121","1","0","0"
"500135680120018","2005-01-01T00:39:29.000","BRONX","3568","JEROME AVE & 208 ST","BRONX","10467","52","11","207","10","13","PD Link/Medical","Initial Alarm","First Alarm","Medical - PD Link 10-91","Medical Emergencies","14","2005-01-01T00:39:43.000","2005-01-01T00:40:02.000","2005-01-01T00:45:48.000","2005-01-01T00:49:26.000","N","N","379","365","1","0","0"
"500106610110033","2005-01-01T00:39:40.000","MANHATTAN","661","BROADWAY & 28 ST","MANHATTAN","10001","13","3","105","2","12","Phone","Initial Alarm","First Alarm","Non-Medical 10-91 (Unnecessary Alarm)","NonMedical Emergencies","58","2005-01-01T00:40:38.000","2005-01-01T00:40:54.000","2005-01-01T00:43:46.000","2005-01-01T00:45:42.000","N","Y","246","188","1","1","0"
"500170460150019","2005-01-01T00:39:41.000","QUEENS","7046","GRAND AVE & 61 ST","QUEENS",,,,,,,"ERS No Contact","DEFAULT RECORD","First Alarm","Non-Medical MFA - ERS No Contact","NonMedical MFAs","9","2005-01-01T00:39:50.000","2005-01-01T00:40:04.000","2005-01-01T00:43:33.000","2005-01-01T00:59:23.000","N","Y","232","223","1","0","0"
"500113170140021","2005-01-01T00:40:24.000","BROOKLYN","1317","3 AVE & CARROLL ST","BROOKLYN","11215","78","39","306","15","7","EMS Link/Medical","Initial Alarm","First Alarm","Medical - EMS Link 10-91","Medical Emergencies","9","2005-01-01T00:40:33.000","2005-01-01T00:41:01.000",,"2005-01-01T00:45:18.000","N","N","0","0","1","0","0"
"500107250140022","2005-01-01T00:40:43.000","BROOKLYN","725","KNICKERBOCKER AVE & TROUTMAN ST","BROOKLYN",,,,,,,"ERS No Contact","DEFAULT RECORD","First Alarm","Non-Medical MFA - ERS No Contact","NonMedical MFAs","4","2005-01-01T00:40:47.000","2005-01-01T00:41:00.000","2005-01-01T00:44:23.000","2005-01-01T00:45:28.000","N","Y","220","216","1","0","0"
"500112970150020","2005-01-01T00:40:58.000","QUEENS","1297","THURSBY AVE & BEACH 72 ST","QUEENS","11692","100","31","414","27","5","Phone","Initial Alarm","First Alarm","Carbon Monoxide - Code 2 - Incident (1-9 ppm)","NonMedical Emergencies","43","2005-01-01T00:41:41.000","2005-01-01T00:41:57.000","2005-01-01T00:47:23.000","2005-01-01T01:01:47.000","N","Y","385","342","1","1","0"
"500118680130006","2005-01-01T00:43:08.000","RICHMOND / STATEN ISLAND","1868","LACONIA & ADAMS AVES.","RICHMOND / STATEN ISLAND","10306","122","50","502","31","11","Phone","Initial Alarm","First Alarm","Carbon Monoxide - Code 2 - Incident (1-9 ppm)","NonMedical Emergencies","45","2005-01-01T00:43:53.000","2005-01-01T00:44:08.000","2005-01-01T00:50:03.000","2005-01-01T01:27:18.000","N","Y","415","370","1","1","1"
"500130660120020","2005-01-01T00:44:03.000","BRONX","3066","TAYLOR AVE & GUERLAIN ST","BRONX","10460","43","18","209","12","15","EMS Link/Medical","Initial Alarm","First Alarm","Medical - EMS Link 10-91","Medical Emergencies","12","2005-01-01T00:44:15.000","2005-01-01T00:44:45.000","2005-01-01T00:48:35.000","2005-01-01T00:53:02.000","N","Y","272","260","1","0","0"
"500125660120022","2005-01-01T00:45:15.000","BRONX","2566","GRANT AVE & MCCLELLAN ST","BRONX","10456","44","16","204","9","15","EMS Link/Medical","Initial Alarm","First Alarm","Medical - Assist Civilian","Medical Emergencies","7","2005-01-01T00:45:22.000","2005-01-01T00:45:51.000","2005-01-01T00:49:01.000","2005-01-01T00:57:42.000","N","Y","226","219","1","0","0"
"500113570110036","2005-01-01T00:45:40.000","MANHATTAN","1357","MORNINGSIDE DR & 113 ST","MANHATTAN","10025","26","7","109","3","10","Private Fire Alarm","DEFAULT RECORD","First Alarm","Non-Medical MFA - Private Fire Alarm","NonMedical MFAs","99","2005-01-01T00:47:19.000","2005-01-01T00:47:31.000","2005-01-01T00:52:04.000","2005-01-01T00:57:27.000","N","Y","384","285","1","0","1"
"500101990110035","2005-01-01T00:46:02.000","MANHATTAN","199","BROADWAY & GRAND ST","MANHATTAN","10013","5","1","102","2","10","PD Link/Medical","Initial Alarm","First Alarm","Medical - Assist Civilian","Medical Emergencies","14","2005-01-01T00:46:16.000","2005-01-01T00:46:40.000","2005-01-01T00:49:02.000","2005-01-01T00:54:40.000","N","Y","180","166","1","0","0"
"500138840120023","2005-01-01T00:46:26.000","BRONX","3884","WHITE PLAINS RD & 241 ST","BRONX","10470","47","11","212","11","16","Phone","Initial Alarm","First Alarm","Multiple Dwelling 'A' - Food on the stove fire","Structural Fires","65","2005-01-01T00:47:31.000","2005-01-01T00:47:54.000","2005-01-01T00:51:54.000","2005-01-01T01:08:33.000","N","Y","328","263","3","2","1"
"500107990140025","2005-01-01T00:46:39.000","BROOKLYN","799","CENTRAL AVE & NOLL ST","BROOKLYN","11206","83","34","304","32","7","Private Fire Alarm","Initial Alarm","First Alarm","Sprinkler System - Working on System","NonMedical Emergencies","77","2005-01-01T00:47:56.000","2005-01-01T00:48:10.000","2005-01-01T00:50:25.000","2005-01-01T01:24:53.000","N","Y","226","149","1","1","1"
"500106510140023","2005-01-01T00:46:48.000","BROOKLYN","651","DEKALB AVE & TAAFFE PL","BROOKLYN",,,,,,,"ERS No Contact","Initial Alarm","First Alarm","Odor - Other Than Smoke","NonMedical Emergencies","53","2005-01-01T00:47:41.000","2005-01-01T00:48:18.000","2005-01-01T00:50:18.000","2005-01-01T00:52:27.000","N","Y","210","157","1","0","0"
"500107510140024","2005-01-01T00:47:34.000","BROOKLYN","751","WYCKOFF AVE & HIMROD ST","BROOKLYN","11237","83","37","304","32","7","PD Link/Medical","Initial Alarm","First Alarm","Medical - Assist Civilian","Medical Emergencies","11","2005-01-01T00:47:45.000","2005-01-01T00:48:01.000","2005-01-01T00:50:37.000","2005-01-01T00:58:20.000","N","Y","183","172","1","0","0"
"500137420140026","2005-01-01T00:47:41.000","BROOKLYN","3742","NEWKIRK AVE & EAST 26 ST","BROOKLYN","11226","67","45","317","22","9","Phone","Initial Alarm","First Alarm","Carbon Monoxide - Code 2 - Incident (1-9 ppm)","NonMedical Emergencies","33","2005-01-01T00:48:14.000","2005-01-01T00:48:38.000","2005-01-01T00:54:29.000","2005-01-01T00:59:01.000","N","Y","408","375","1","1","0"
"500185090150021","2005-01-01T00:47:58.000","QUEENS","8509","93 AVE & 75 ST","QUEENS","11421","102","32","409","27","7","PD Link/Medical","Initial Alarm","First Alarm","Medical - PD Link 10-91","Medical Emergencies","8","2005-01-01T00:48:06.000","2005-01-01T00:48:26.000","2005-01-01T00:52:12.000","2005-01-01T00:52:58.000","N","Y","254","246","1","0","0"
"500127030120024","2005-01-01T00:49:41.000","BRONX","2703","BOSTON RD & 169 ST","BRONX","10456","42","17","203","9","15","PD Link/Medical","Initial Alarm","First Alarm","Medical - Assist Civilian","Medical Emergencies","15","2005-01-01T00:49:56.000","2005-01-01T00:50:12.000","2005-01-01T00:55:07.000","2005-01-01T01:16:06.000","N","Y","326","311","1","0","0"
"500129120140027","2005-01-01T00:51:04.000","BROOKLYN","2912","BAY PKWY & 65 ST","BROOKLYN","11204","62","47","311","20","10","Phone","Initial Alarm","First Alarm","Demolition Debris or Rubbish Fire","NonStructural Fires","27","2005-01-01T00:51:31.000","2005-01-01T00:51:52.000","2005-01-01T00:54:06.000","2005-01-01T00:58:44.000","N","Y","182","155","1","1","0"
"500133830140029","2005-01-01T00:52:18.000","BROOKLYN","3383","AVE Y & EAST 2 ST","BROOKLYN",,,,,,,"ERS No Contact","Initial Alarm","First Alarm","Vehicle Accident - Other","NonMedical Emergencies","19","2005-01-01T00:52:37.000","2005-01-01T00:52:56.000","2005-01-01T00:57:11.000","2005-01-01T01:25:16.000","N","Y","293","274","1","1","0"
"500113440140030","2005-01-01T00:52:49.000","BROOKLYN","1344","COURT ST & 4 PL","BROOKLYN","11231","76","39","306","15","7","Phone","DEFAULT RECORD","First Alarm","Non-Medical MFA - Phone","NonMedical MFAs","28","2005-01-01T00:53:17.000","2005-01-01T00:53:31.000","2005-01-01T00:58:17.000","2005-01-01T01:14:32.000","N","Y","328","300","1","0","0"
"500151090150022","2005-01-01T00:53:59.000","QUEENS","5109","MYRTLE AVE & 79 LA.","QUEENS",,,,,,,"ERS No Contact","DEFAULT RECORD","First Alarm","Non-Medical MFA - ERS No Contact","NonMedical MFAs","7","2005-01-01T00:54:06.000","2005-01-01T00:54:24.000","2005-01-01T01:02:01.000","2005-01-01T01:02:41.000","N","Y","482","475","1","0","0"
"500132440140031","2005-01-01T00:54:16.000","BROOKLYN","3244","VOORHIES AVE & BRAGG ST","BROOKLYN","11235","61","48","315","22","9","PD Link/Medical","Initial Alarm","First Alarm","Medical - Assist Civilian","Medical Emergencies","12","2005-01-01T00:54:28.000","2005-01-01T00:54:47.000","2005-01-01T00:58:52.000","2005-01-01T01:12:01.000","N","Y","276","264","1","0","0"
"500119310140032","2005-01-01T00:54:27.000","BROOKLYN","1931","STANLEY AV & PENNSYLVANIA AV/G. PAYNE AV","BROOKLYN","11207","75","42","305","19","8","EMS Link/Medical","Initial Alarm","First Alarm","Medical - EMS Link 10-91","Medical Emergencies","9","2005-01-01T00:54:36.000","2005-01-01T00:55:06.000","2005-01-01T00:58:34.000","2005-01-01T00:58:40.000","N","Y","247","238","1","0","0"
"500143940150023","2005-01-01T00:55:36.000","QUEENS","4394","DE KALB & ONDERDONK AVES","QUEENS","11385","104","34","405","24","7","EMS Link/Medical","Initial Alarm","First Alarm","Medical - Assist Civilian","Medical Emergencies","172","2005-01-01T00:58:28.000","2005-01-01T00:58:46.000","2005-01-01T01:01:42.000","2005-01-01T01:13:30.000","N","N","366","194","1","0","0"
"500106020110038","2005-01-01T00:56:38.000","MANHATTAN","602","9 AVE & 22 ST","MANHATTAN","10011","10","3","104","2","10","Phone","Initial Alarm","First Alarm","Odor - Other Smoke","NonMedical Emergencies","37","2005-01-01T00:57:15.000","2005-01-01T00:57:42.000","2005-01-01T01:00:58.000","2005-01-01T01:11:25.000","N","Y","260","223","3","2","1"
"500112630140034","2005-01-01T00:57:28.000","BROOKLYN","1263","6 AVE & 5 ST","BROOKLYN","11215","78","39","306","15","9","PD Link/Medical","Initial Alarm","First Alarm","Medical - Assist Civilian","Medical Emergencies","14","2005-01-01T00:57:42.000","2005-01-01T00:58:11.000","2005-01-01T01:01:30.000","2005-01-01T01:19:55.000","N","Y","242","228","1","0","0"
"500116370110039","2005-01-01T00:57:55.000","MANHATTAN","1637","AC POWELL JR BLVD & 148 ST","MANHATTAN","10039","32","9","110","5","13","EMS Link/Medical","Initial Alarm","First Alarm","Medical - Assist Civilian","Medical Emergencies","8","2005-01-01T00:58:03.000","2005-01-01T00:58:22.000","2005-01-01T01:03:18.000","2005-01-01T01:24:37.000","N","Y","323","315","1","0","0"
"500174610150024","2005-01-01T00:59:18.000","QUEENS","7461","31ST AVE AND CRESCENT ST","QUEENS","11106","114","22","401","30","12","Phone","Initial Alarm","First Alarm","Demolition Debris or Rubbish Fire","NonStructural Fires","50","2005-01-01T01:00:08.000","2005-01-01T01:00:42.000","2005-01-01T01:03:37.000","2005-01-01T01:08:12.000","N","Y","259","209","1","0","0"
"500132650140035","2005-01-01T01:00:17.000","BROOKLYN","3265","AVENUE R & E 18 ST","BROOKLYN","11229","61","48","315","22","9","EMS Link/Medical","Initial Alarm","First Alarm","Medical - Assist Civilian","Medical Emergencies","10","2005-01-01T01:00:27.000","2005-01-01T01:00:47.000","2005-01-01T01:05:11.000","2005-01-01T01:16:05.000","N","Y","294","284","1","0","0"
"500110490110040","2005-01-01T01:00:53.000","MANHATTAN","1049","3 AVE & 74 ST","MANHATTAN","10021","19","4","108","2","12","EMS Link/Medical","Initial Alarm","First Alarm","Medical - EMS Link 10-91","Medical Emergencies","8","2005-01-01T01:01:01.000","2005-01-01T01:01:18.000","2005-01-01T01:06:46.000","2005-01-01T01:13:09.000","N","Y","353","345","1","0","0"
"500144650130007","2005-01-01T01:01:42.000","RICHMOND / STATEN ISLAND","4465","ALBEE AND BENNETT AVES","RICHMOND / STATEN ISLAND","10312","123","51","503","31","11","PD Link/Medical","Initial Alarm","First Alarm","Medical - PD Link 10-91","Medical Emergencies","10","2005-01-01T01:01:52.000","2005-01-01T01:02:20.000","2005-01-01T01:09:51.000","2005-01-01T01:13:10.000","N","Y","489","479","1","0","0"
"500130410120026","2005-01-01T01:01:47.000","BRONX","3041","MORRISON AVE & 174 ST","BRONX",,,,,,,"ERS No Contact","DEFAULT RECORD","First Alarm","Non-Medical MFA - ERS No Contact","NonMedical MFAs","6","2005-01-01T01:01:53.000","2005-01-01T01:02:18.000","2005-01-01T01:06:45.000","2005-01-01T01:06:55.000","N","Y","298","292","1","0","0"
"500102850110043","2005-01-01T01:02:22.000","MANHATTAN","285","ELDRIDGE & RIVINGTON STS","MANHATTAN","10002","5","1","103","1","7","Private Fire Alarm","Initial Alarm","First Alarm","Alarm System - Defective","NonMedical Emergencies","105","2005-01-01T01:04:07.000","2005-01-01T01:04:24.000","2005-01-01T01:06:59.000","2005-01-01T01:26:09.000","N","Y","277","172","3","2","1"
"500132820140036","2005-01-01T01:02:25.000","BROOKLYN","3282","AVE Z & EAST 28 ST","BROOKLYN",,,,,,,"ERS No Contact","DEFAULT RECORD","First Alarm","Non-Medical MFA - ERS No Contact","NonMedical MFAs","38","2005-01-01T01:03:03.000","2005-01-01T01:03:18.000","2005-01-01T01:09:35.000","2005-01-01T01:13:55.000","N","Y","430","392","1","0","0"
"500147700120027","2005-01-01T01:02:28.000","BRONX","4770","DAVIDSON AVE & W176 ST","BRONX","10453","46","14","205","10","15","EMS Link/Medical","Initial Alarm","First Alarm","Medical - Assist Civilian","Medical Emergencies","16","2005-01-01T01:02:44.000","2005-01-01T01:03:04.000","2005-01-01T01:08:34.000","2005-01-01T01:36:27.000","N","Y","366","350","1","0","0"
"500133200220028","2005-01-01T01:03:19.000","BRONX","3320","RYER AV & 184 ST","BRONX",,,,,,,"ERS No Contact","DEFAULT RECORD","First Alarm","Non-Medical MFA - ERS No Contact","NonMedical MFAs","7","2005-01-01T01:03:26.000","2005-01-01T01:03:56.000","2005-01-01T01:07:15.000","2005-01-01T01:07:42.000","N","Y","236","229","1","0","0"
"500122960140037","2005-01-01T01:04:19.000","BROOKLYN","2296","SEAVIEW AVE & EAST 92 ST","BROOKLYN","11236","69","46","318","18","8","PD Link/Medical","Initial Alarm","First Alarm","Medical - PD Link 10-91","Medical Emergencies","9","2005-01-01T01:04:28.000","2005-01-01T01:04:48.000",,"2005-01-01T01:13:23.000","N","N","0","0","1","0","0"
"500121380150025","2005-01-01T01:04:49.000","QUEENS","2138","101 AV & 92 ST","QUEENS","11416","102","32","409","27","7","PD Link/Medical","Initial Alarm","First Alarm","Medical - Assist Civilian","Medical Emergencies","8","2005-01-01T01:04:57.000","2005-01-01T01:05:17.000","2005-01-01T01:09:47.000","2005-01-01T01:18:35.000","N","Y","298","290","1","0","0"
"500189920120030","2005-01-01T01:04:57.000","BRONX","8992","MOSHOLU PKWY EXTENSION","BRONX","10471","50","11","226","10","16","Phone","Initial Alarm","First Alarm","Assist Civilian - Non-Medical","NonMedical Emergencies","99","2005-01-01T01:06:36.000","2005-01-01T01:07:01.000","2005-01-01T01:12:48.000","2005-01-01T01:28:50.000","N","Y","471","372","2","2","1"
"500141220150026","2005-01-01T01:05:42.000","QUEENS","4122","MYRTLE AVE & DECATUR ST","QUEENS",,,,,,,"ERS No Contact","DEFAULT RECORD","First Alarm","Non-Medical MFA - ERS No Contact","NonMedical MFAs","7","2005-01-01T01:05:49.000","2005-01-01T01:06:06.000","2005-01-01T01:08:55.000","2005-01-01T01:09:52.000","N","Y","193","186","1","0","0"
"500105380140039","2005-01-01T01:06:17.000","BROOKLYN","538","COURT & BUTLER STREETS","BROOKLYN","11201","76","39","306","15","7","PD Link/Medical","Initial Alarm","First Alarm","Medical - Assist Civilian","Medical Emergencies","9","2005-01-01T01:06:26.000","2005-01-01T01:06:44.000","2005-01-01T01:11:24.000","2005-01-01T01:33:41.000","N","Y","307","298","1","0","0"
"500113720110045","2005-01-01T01:06:26.000","MANHATTAN","1372","BROADWAY & 114 ST","MANHATTAN","10025","26","7","109","3","10","Private Fire Alarm","Initial Alarm","First Alarm","Alarm System - Unwarranted","NonMedical Emergencies","72","2005-01-01T01:07:38.000","2005-01-01T01:07:47.000","2005-01-01T01:12:36.000","2005-01-01T01:27:18.000","N","Y","370","298","3","2","1"
"500114490140040","2005-01-01T01:07:24.000","BROOKLYN","1449","5 AVE & 39 ST","BROOKLYN","11232","72","38","307","15","7","Phone","Initial Alarm","First Alarm","Utility Emergency - Electric","NonMedical Emergencies","34","2005-01-01T01:07:58.000","2005-01-01T01:08:11.000","2005-01-01T01:12:06.000","2005-01-01T01:28:26.000","N","Y","282","248","0","1","0"
"500115410140041","2005-01-01T01:07:24.000","BROOKLYN","1541","ALBEMARLE RD & E18 ST","BROOKLYN","11226","70","40","314","22","9","Phone","Initial Alarm","First Alarm","Multiple Dwelling 'A' - Food on the stove fire","Structural Fires","54","2005-01-01T01:08:18.000","2005-01-01T01:08:32.000","2005-01-01T01:11:23.000","2005-01-01T01:22:39.000","N","Y","239","185","3","2","1"
"500172490150027","2005-01-01T01:07:28.000","QUEENS","7249","50 AVE & 45 ST","QUEENS","11377","108","26","402","24","14","PD Link/Medical","Initial Alarm","First Alarm","Medical - Assist Civilian","Medical Emergencies","6","2005-01-01T01:07:34.000","2005-01-01T01:07:51.000","2005-01-01T01:14:00.000","2005-01-01T03:08:30.000","N","Y","392","386","1","0","0"
"500184600140042","2005-01-01T01:08:38.000","BROOKLYN","8460","GOWANUS EXPY BET 65 ST & 92 ST","BROOKLYN",,,,,,,"Phone","Initial Alarm","First Alarm","Medical - Assist Civilian","Medical Emergencies","65","2005-01-01T01:09:43.000","2005-01-01T01:09:57.000","2005-01-01T01:12:57.000","2005-01-01T01:35:30.000","N","Y","259","194","2","2","1"
"500117740110047","2005-01-01T01:08:38.000","MANHATTAN","1774","BROADWAY AND NAGLE AVE","MANHATTAN","10040","34","10","112","6","13","Phone","Initial Alarm","First Alarm","Utility Emergency - Electric","NonMedical Emergencies","72","2005-01-01T01:09:50.000","2005-01-01T01:10:25.000","2005-01-01T01:14:53.000","2005-01-01T01:29:28.000","N","Y","375","303","0","1","0"
"500104940110046","2005-01-01T01:08:57.000","MANHATTAN","494","3 AVE & 20 ST","MANHATTAN","10003","13","2","106","2","12","PD Link/Medical","Initial Alarm","First Alarm","Medical - PD Link 10-91","Medical Emergencies","22","2005-01-01T01:09:19.000","2005-01-01T01:09:35.000",,"2005-01-01T01:12:33.000","N","N","0","0","1","0","0"
"500113430110048","2005-01-01T01:09:21.000","MANHATTAN","1343","MADISON AVE & 111 ST","MANHATTAN","10029","23","9","111","4","13","Phone","Initial Alarm","First Alarm","Utility Emergency - Electric","NonMedical Emergencies","32","2005-01-01T01:09:53.000","2005-01-01T01:10:23.000","2005-01-01T01:25:55.000","2005-01-01T01:27:51.000","N","N","994","962","0","1","0"
"500133270150028","2005-01-01T01:09:27.000","QUEENS","3327","N/S H. HARDING EXPY & JUNCTION BLVD","QUEENS",,,,,,,"PD Link/Medical","Initial Alarm","First Alarm","Medical - Assist Civilian","Medical Emergencies","43","2005-01-01T01:10:10.000","2005-01-01T01:10:35.000","2005-01-01T01:13:30.000","2005-01-01T01:34:45.000","N","Y","243","200","2","1","2"
"500100640150029","2005-01-01T01:09:38.000","QUEENS","64","CORONA AVE & N/S OF HORACE HARDING EXPRE","QUEENS","11368","110","21","404","24","14","EMS Link/Medical","Initial Alarm","First Alarm","Medical - EMS Link 10-91","Medical Emergencies","10","2005-01-01T01:09:48.000","2005-01-01T01:10:16.000","2005-01-01T01:15:49.000","2005-01-01T01:16:05.000","N","Y","371","361","1","0","0"
"500112580140043","2005-01-01T01:11:12.000","BROOKLYN","1258","7TH AVE & GARFIELD PL","BROOKLYN","11215","78","39","306","15","9","PD Link/Medical","Initial Alarm","First Alarm","Medical - PD Link 10-91","Medical Emergencies","9","2005-01-01T01:11:21.000","2005-01-01T01:11:51.000","2005-01-01T01:16:20.000","2005-01-01T01:18:00.000","N","Y","308","299","0","0","1"
"500185020150030","2005-01-01T01:11:19.000","QUEENS","8502","115 ST & ROCKAWAY BLVD","QUEENS","11420","106","28","410","27","5","PD Link/Medical","DEFAULT RECORD","First Alarm","Medical MFA - PD Link","Medical MFAs","13","2005-01-01T01:11:32.000","2005-01-01T01:11:51.000","2005-01-01T01:15:15.000","2005-01-01T01:20:42.000","N","Y","236","223","1","0","0"
"500115340110049","2005-01-01T01:11:36.000","MANHATTAN","1534","W 131 ST & LENOX AVE\MALCOLM X BLVD","MANHATTAN","10037","32","9","110","5","13","Phone","Initial Alarm","First Alarm","Demolition Debris or Rubbish Fire","NonStructural Fires","26","2005-01-01T01:12:02.000","2005-01-01T01:12:22.000","2005-01-01T01:15:06.000","2005-01-01T01:19:24.000","N","Y","210","184","1","0","0"
"500160160150032","2005-01-01T01:12:09.000","QUEENS","6016","101 AVE & 108 ST","QUEENS","11419","102","28","409","27","5","EMS Link/Medical","Initial Alarm","First Alarm","Medical - EMS Link 10-91","Medical Emergencies","397","2005-01-01T01:18:46.000",,,"2005-01-01T01:21:09.000","N","N","0","0","1","0","0"
"500110370110050","2005-01-01T01:13:01.000","MANHATTAN","1037","BROADWAY & 72 ST","MANHATTAN","10023","20","6","107","3","10","Phone","Initial Alarm","First Alarm","Defective Oil Burner","NonMedical Emergencies","55","2005-01-01T01:13:56.000","2005-01-01T01:14:17.000","2005-01-01T01:17:17.000","2005-01-01T01:53:04.000","N","Y","256","201","1","1","1"
"500104540110051","2005-01-01T01:14:42.000","MANHATTAN","454","3 AVE & 10 ST","MANHATTAN","10003","9","2","103","1","12","PD Link/Medical","Initial Alarm","First Alarm","Medical - PD Link 10-91","Medical Emergencies","10","2005-01-01T01:14:52.000","2005-01-01T01:15:11.000","2005-01-01T01:18:45.000","2005-01-01T01:19:28.000","N","Y","243","233","1","0","0"
"500115420140047","2005-01-01T01:15:01.000","BROOKLYN","1542","CHURCH AVE & E18 ST","BROOKLYN","11226","70","40","314","17","9","Phone","Initial Alarm","First Alarm","Assist Civilian - Non-Medical","NonMedical Emergencies","75","2005-01-01T01:16:16.000",,"2005-01-01T01:16:38.000","2005-01-01T01:35:17.000","N","Y","97","22","0","1","0"
"500108320110052","2005-01-01T01:15:15.000","MANHATTAN","832","8 AVE & 47 ST","MANHATTAN","10036","18","3","104","2","12","Verbal","Initial Alarm","First Alarm","Non-Medical 10-91 (Unnecessary Alarm)","NonMedical Emergencies","34","2005-01-01T01:15:49.000","2005-01-01T01:15:49.000","2005-01-01T01:16:37.000","2005-01-01T01:30:48.000","N","Y","82","48","1","0","0"
"500106740110053","2005-01-01T01:16:03.000","MANHATTAN","674","12TH AVE & 29 ST","MANHATTAN","10001","10","3","104","2","10","PD Link/Medical","Initial Alarm","First Alarm","Medical - Assist Civilian","Medical Emergencies","10","2005-01-01T01:16:13.000","2005-01-01T01:16:41.000","2005-01-01T01:22:08.000","2005-01-01T01:34:44.000","N","Y","365","355","1","0","0"
"500105310130008","2005-01-01T01:16:45.000","RICHMOND / STATEN ISLAND","531","SLOSSON AVE & SANFORD PL","RICHMOND / STATEN ISLAND",,,,,,,"ERS No Contact","DEFAULT RECORD","First Alarm","Non-Medical MFA - ERS No Contact","NonMedical MFAs","10","2005-01-01T01:16:55.000","2005-01-01T01:17:03.000","2005-01-01T01:20:58.000","2005-01-01T01:22:04.000","N","Y","253","243","1","0","0"
"500104090110054","2005-01-01T01:16:55.000","MANHATTAN","409","ESSEX & HOUSTON STS","MANHATTAN","10002","7","1","103","1","12","Verbal","Initial Alarm","First Alarm","Medical - Assist Civilian","Medical Emergencies","27","2005-01-01T01:17:22.000","2005-01-01T01:17:22.000","2005-01-01T01:26:54.000","2005-01-01T01:32:10.000","N","Y","599","572","1","0","0"
"500106670110061","2005-01-01T01:19:21.000","MANHATTAN","667","2 AVE & 29 ST","MANHATTAN","10016","13","2","106","2","12","Phone","Initial Alarm","First Alarm","Alarm System - Unwarranted","NonMedical Emergencies","50","2005-01-01T01:20:11.000","2005-01-01T01:20:28.000","2005-01-01T01:22:23.000","2005-01-01T01:30:23.000","N","Y","182","132","1","1","0"
"500105790110060","2005-01-01T01:19:47.000","MANHATTAN","579","AVE OF AMERICAS & 18 ST","MANHATTAN","10011","13","3","104","2","12","EMS Link/Medical","Initial Alarm","First Alarm","Medical - Assist Civilian","Medical Emergencies","12","2005-01-01T01:19:59.000","2005-01-01T01:20:17.000","2005-01-01T01:22:56.000","2005-01-01T01:42:38.000","N","Y","189","177","1","0","0"
"500111260130009","2005-01-01T01:20:07.000","RICHMOND / STATEN ISLAND","1126","GRANDVIEW AVE AND ARLINGTON PL","RICHMOND / STATEN ISLAND","10303","121","49","501","31","11","PD Link/Medical","Initial Alarm","First Alarm","Medical - Assist Civilian","Medical Emergencies","6","2005-01-01T01:20:13.000","2005-01-01T01:20:30.000","2005-01-01T01:25:03.000","2005-01-01T01:38:00.000","N","Y","296","290","1","0","0"
"500111580110063","2005-01-01T01:20:59.000","MANHATTAN","1158","2 AVE & 85 ST","MANHATTAN","10028","19","5","108","2","12","EMS Link/Medical","Initial Alarm","First Alarm","Medical - EMS Link 10-91","Medical Emergencies","12","2005-01-01T01:21:11.000","2005-01-01T01:21:26.000","2005-01-01T01:25:01.000","2005-01-01T01:26:18.000","N","Y","242","230","1","0","0"
"500147870150033","2005-01-01T01:21:01.000","QUEENS","4787","LINDEN BLVD & GUY R. BREWER BLVD","QUEENS","11433","113","27","412","28","5","PD Link/Medical","Initial Alarm","First Alarm","Medical - Assist Civilian","Medical Emergencies","10","2005-01-01T01:21:11.000","2005-01-01T01:23:01.000","2005-01-01T01:25:56.000","2005-01-01T01:34:25.000","N","Y","295","285","1","1","0"
"500112800140048","2005-01-01T01:21:05.000","BROOKLYN","1280","5 AVE & 16 ST","BROOKLYN","11215","72","39","307","15","7","Phone","DEFAULT RECORD","First Alarm","Non-Medical MFA - Phone","NonMedical MFAs","60","2005-01-01T01:22:05.000","2005-01-01T01:22:23.000","2005-01-01T01:25:00.000","2005-01-01T01:26:49.000","N","Y","235","175","3","2","1"
"500125060120032","2005-01-01T01:21:40.000","BRONX","2506","BRUCKNER BLVD & EDGEWATER RD","BRONX","10459","41","17","202","8","15","EMS Link/Medical","Initial Alarm","First Alarm","Medical - EMS Link 10-91","Medical Emergencies","98","2005-01-01T01:23:18.000","2005-01-01T01:23:47.000","2005-01-01T01:27:48.000","2005-01-01T01:30:19.000","N","N","368","270","1","1","0"
"500117060110064","2005-01-01T01:22:09.000","MANHATTAN","1706","AMSTERDAM AVE & 170 ST","MANHATTAN","10032","33","10","112","6","13","Phone","Initial Alarm","First Alarm","Assist Civilian - Non-Medical","NonMedical Emergencies","37","2005-01-01T01:22:46.000","2005-01-01T01:23:11.000","2005-01-01T01:27:52.000","2005-01-01T01:37:40.000","N","Y","343","306","0","1","0"
"500105260110068","2005-01-01T01:23:59.000","MANHATTAN","526","5 AVE & 12 ST","MANHATTAN",,,,,,,"ERS No Contact","DEFAULT RECORD","First Alarm","Non-Medical MFA - ERS No Contact","NonMedical MFAs","5","2005-01-01T01:24:04.000","2005-01-01T01:24:17.000","2005-01-01T01:26:47.000","2005-01-01T01:30:32.000","N","Y","168","163","1","0","0"
"500126260140051","2005-01-01T01:24:31.000","BROOKLYN","2626","8 AVE & 50 ST","BROOKLYN","11220","72","38","307","15","7","PD Link/Medical","Initial Alarm","First Alarm","Medical - Assist Civilian","Medical Emergencies","9","2005-01-01T01:24:40.000","2005-01-01T01:24:58.000","2005-01-01T01:30:15.000","2005-01-01T01:43:55.000","N","Y","344","335","1","0","0"
"500104050140052","2005-01-01T01:24:55.000","BROOKLYN","405","S/S TILLARY ST, 100' W OF NAVY","BROOKLYN",,,,,,,"PD Link/Medical","Initial Alarm","First Alarm","Medical - Assist Civilian","Medical Emergencies","40","2005-01-01T01:25:35.000","2005-01-01T01:25:59.000","2005-01-01T01:27:41.000","2005-01-01T01:54:05.000","N","Y","166","126","1","1","0"
"500117860110069","2005-01-01T01:25:43.000","MANHATTAN","1786","SHERMAN AVE AND ARDEN ST","MANHATTAN",,,,,,,"ERS No Contact","DEFAULT RECORD","First Alarm","Non-Medical MFA - ERS No Contact","NonMedical MFAs","9","2005-01-01T01:25:52.000","2005-01-01T01:26:24.000","2005-01-01T01:29:55.000","2005-01-01T01:32:26.000","N","Y","252","243","1","0","0"
"500140380150035","2005-01-01T01:26:01.000","QUEENS","4038","SENECA AVE & CENTRE ST","QUEENS",,,,,,,"ERS No Contact","DEFAULT RECORD","First Alarm","Non-Medical MFA - ERS No Contact","NonMedical MFAs","5","2005-01-01T01:26:06.000","2005-01-01T01:26:22.000","2005-01-01T01:30:38.000","2005-01-01T01:31:21.000","N","Y","277","272","1","0","0"
"500125900120034","2005-01-01T01:27:55.000","BRONX","2590","WASHINGTON AVE & 168 ST","BRONX","10456","42","16","203","9","15","PD Link/Medical","Initial Alarm","First Alarm","Medical - Assist Civilian","Medical Emergencies","79","2005-01-01T01:29:14.000","2005-01-01T01:29:50.000","2005-01-01T01:33:46.000","2005-01-01T02:27:16.000","N","N","351","272","1","0","0"
"500126510120035","2005-01-01T01:28:15.000","BRONX","2651","RANDALL & LELAND AVES","BRONX","10473","43","18","209","8","15","EMS Link/Medical","Initial Alarm","First Alarm","Medical - Assist Civilian","Medical Emergencies","11","2005-01-01T01:28:26.000","2005-01-01T01:28:46.000","2005-01-01T01:33:51.000","2005-01-01T01:47:45.000","N","Y","336","325","1","0","0"
"500102610110071","2005-01-01T01:28:19.000","MANHATTAN","261","ELDRIDGE & BROOME STS","MANHATTAN","10002","5","1","103","2","7","PD Link/Medical","Initial Alarm","First Alarm","Medical - PD Link 10-91","Medical Emergencies","11","2005-01-01T01:28:30.000","2005-01-01T01:28:58.000",,"2005-01-01T01:31:49.000","N","N","0","0","1","0","0"
"500113790150036","2005-01-01T01:28:39.000","QUEENS","1379","ROCKAWAY BEACH BLVD & BEACH 116 ST","QUEENS","11694","100","32","414","27","5","EMS Link/Medical","DEFAULT RECORD","First Alarm","Medical MFA - EMS Link","Medical MFAs","9","2005-01-01T01:28:48.000","2005-01-01T01:29:11.000","2005-01-01T01:31:57.000","2005-01-01T01:34:30.000","N","Y","198","189","1","0","0"
"500108470110072","2005-01-01T01:29:10.000","MANHATTAN","847","AVE OF AMERICAS & 49 ST","MANHATTAN","10020","18","4","105","2","12","PD Link/Medical","Initial Alarm","First Alarm","Medical - PD Link 10-91","Medical Emergencies","11","2005-01-01T01:29:21.000","2005-01-01T01:29:37.000","2005-01-01T01:33:36.000","2005-01-01T01:39:27.000","N","Y","266","255","1","0","0"
"500146750150037","2005-01-01T01:29:56.000","QUEENS","4675","109TH AVE AND 126TH ST","QUEENS","11419","106","28","410","28","5","PD Link/Medical","Initial Alarm","First Alarm","Medical - Assist Civilian","Medical Emergencies","6","2005-01-01T01:30:02.000","2005-01-01T01:30:20.000","2005-01-01T01:34:08.000","2005-01-01T01:52:58.000","N","N","252","246","1","0","0"
"500122840120036","2005-01-01T01:30:19.000","BRONX","2284","WESTCHESTER & FOREST AVES","BRONX","10455","40","17","201","8","15","PD Link/Medical","Initial Alarm","First Alarm","Medical - Assist Civilian","Medical Emergencies","11","2005-01-01T01:30:30.000","2005-01-01T01:30:48.000","2005-01-01T01:34:31.000","2005-01-01T02:15:30.000","N","Y","252","241","1","0","0"
"500113270110073","2005-01-01T01:31:13.000","MANHATTAN","1327","MADISON AVE & 109 ST","MANHATTAN","10029","23","8","111","4","13","Phone","Initial Alarm","First Alarm","Multiple Dwelling 'A' - Compactor fire","Structural Fires","58","2005-01-01T01:32:11.000","2005-01-01T01:32:26.000","2005-01-01T01:35:10.000","2005-01-01T01:54:45.000","N","Y","237","179","3","2","1"
"500110100140056","2005-01-01T01:31:34.000","BROOKLYN","1010","PLAZA ST & BUTLER PL","BROOKLYN","11238","77","35","308","13","9","Phone","Initial Alarm","First Alarm","Odor - Other Than Smoke","NonMedical Emergencies","64","2005-01-01T01:32:38.000","2005-01-01T01:32:59.000","2005-01-01T01:35:15.000","2005-01-01T01:50:51.000","N","Y","221","157","2","2","1"
"500185560150038","2005-01-01T01:31:35.000","QUEENS","8556","86 RD & 90 ST","QUEENS","11421","102","32","409","27","7","Phone","Initial Alarm","First Alarm","Non-Medical 10-91 (Unnecessary Alarm)","NonMedical Emergencies","52","2005-01-01T01:32:27.000","2005-01-01T01:32:39.000","2005-01-01T01:36:48.000","2005-01-01T01:41:29.000","N","Y","313","261","0","1","0"
"500116900110074","2005-01-01T01:31:44.000","MANHATTAN","1690","RIVERSIDE DR W ON VIADUCT AT W 158 ST","MANHATTAN","10032","33","7","112","6","13","Phone","Initial Alarm","First Alarm","Utility Emergency - Water","NonMedical Emergencies","58","2005-01-01T01:32:42.000","2005-01-01T01:33:12.000","2005-01-01T01:42:29.000","2005-01-01T01:54:13.000","N","Y","645","587","0","1","0"
"500116700140054","2005-01-01T01:32:14.000","BROOKLYN","1670","BLAKE AVE 500 FEET EAST OF ROCKAWAY A","BROOKLYN",,,,,,,"ERS No Contact","DEFAULT RECORD","First Alarm","Non-Medical MFA - ERS No Contact","NonMedical MFAs","13","2005-01-01T01:32:27.000","2005-01-01T01:32:51.000","2005-01-01T01:36:46.000","2005-01-01T01:37:59.000","N","Y","272","259","1","0","0"
"500143820150039","2005-01-01T01:32:25.000","QUEENS","4382","WYCKOFF AVE & CENTRE ST","QUEENS",,,,,,,"ERS No Contact","DEFAULT RECORD","First Alarm","Non-Medical MFA - ERS No Contact","NonMedical MFAs","11","2005-01-01T01:32:36.000","2005-01-01T01:32:54.000","2005-01-01T01:35:02.000","2005-01-01T01:36:41.000","N","Y","157","146","1","0","0"
"500132700140055","2005-01-01T01:32:29.000","BROOKLYN","3270","AVE T & EAST 22 ST","BROOKLYN","11229","61","48","315","22","9","PD Link/Medical","Initial Alarm","First Alarm","Medical - Assist Civilian","Medical Emergencies","7","2005-01-01T01:32:36.000","2005-01-01T01:33:14.000","2005-01-01T01:38:55.000","2005-01-01T01:48:47.000","N","Y","386","379","1","0","0"
"500108320310075","2005-01-01T01:33:41.000","MANHATTAN","832","8 AVE & 47 ST","MANHATTAN","10036","18","3","104","2","10","Phone","Initial Alarm","First Alarm","Non-Medical 10-91 (Unnecessary Alarm)","NonMedical Emergencies","74","2005-01-01T01:34:55.000","2005-01-01T01:35:16.000","2005-01-01T01:37:49.000","2005-01-01T01:41:17.000","N","Y","248","174","1","1","0"
"500140180150040","2005-01-01T01:34:56.000","QUEENS","4018","WYCKOFF AVE & HANCOCK ST","QUEENS",,,,,,,"ERS No Contact","DEFAULT RECORD","First Alarm","Non-Medical MFA - ERS No Contact","NonMedical MFAs","194","2005-01-01T01:38:10.000","2005-01-01T01:38:21.000","2005-01-01T01:38:24.000","2005-01-01T01:38:27.000","N","Y","208","14","1","0","0"
"500131300120037","2005-01-01T01:35:24.000","BRONX","3130","CLINTON AVE & 179 ST","BRONX","10457","48","17","206","12","15","Phone","Initial Alarm","First Alarm","Demolition Debris or Rubbish Fire","NonStructural Fires","63","2005-01-01T01:36:27.000","2005-01-01T01:36:43.000","2005-01-01T01:40:23.000","2005-01-01T02:19:02.000","N","Y","299","236","3","2","1"
"500110700140057","2005-01-01T01:38:35.000","BROOKLYN","1070","CLASSON AVE & PARK PL","BROOKLYN",,,,,,,"ERS No Contact","Initial Alarm","First Alarm","Odor - Other Than Smoke","NonMedical Emergencies","52","2005-01-01T01:39:27.000","2005-01-01T01:39:46.000","2005-01-01T01:44:59.000","2005-01-01T01:46:43.000","N","Y","384","332","1","0","0"
"500116830110076","2005-01-01T01:38:36.000","MANHATTAN","1683","RIVERSIDE DR & 160 ST","MANHATTAN","10032","33","7","112","6","13","PD Link/Medical","Initial Alarm","First Alarm","Medical - PD Link 10-91","Medical Emergencies","65","2005-01-01T01:39:41.000","2005-01-01T01:40:06.000","2005-01-01T01:53:27.000","2005-01-01T02:03:50.000","N","N","891","826","1","0","0"
"500173410150041","2005-01-01T01:38:43.000","QUEENS","7341","BROADWAY, 200 FEET EAST OF 50 ST","QUEENS","11377","114","26","401","30","14","PD Link/Medical","Initial Alarm","First Alarm","Medical - Assist Civilian","Medical Emergencies","11","2005-01-01T01:38:54.000","2005-01-01T01:39:28.000","2005-01-01T01:43:59.000","2005-01-01T01:59:04.000","N","Y","316","305","1","0","0"
"500100300140058","2005-01-01T01:41:00.000","BROOKLYN","30","WEST & KENT STS","BROOKLYN","11222","94","33","301","14","12","EMS Link/Medical","Initial Alarm","First Alarm","Medical - Assist Civilian","Medical Emergencies","10","2005-01-01T01:41:10.000","2005-01-01T01:41:32.000","2005-01-01T01:44:43.000","2005-01-01T02:29:20.000","N","Y","223","213","1","0","0"
"500118260110077","2005-01-01T01:41:53.000","MANHATTAN","1826","PARK TERRACE EAST AND 215TH ST","MANHATTAN","10034","34","10","112","6","13","PD Link/Medical","Initial Alarm","First Alarm","Medical - PD Link 10-91","Medical Emergencies","1329","2005-01-01T02:04:02.000","2005-01-01T02:04:43.000","2005-01-01T02:10:47.000","2005-01-01T02:13:59.000","N","N","1734","405","1","0","0"
"500109610110078","2005-01-01T01:42:18.000","MANHATTAN","961","LEXINGTON AVE & 63 ST","MANHATTAN","10065","19","4","108","2","12","Phone","Initial Alarm","First Alarm","Demolition Debris or Rubbish Fire","NonStructural Fires","33","2005-01-01T01:42:51.000","2005-01-01T01:43:08.000","2005-01-01T01:44:34.000","2005-01-01T01:50:05.000","N","Y","136","103","1","0","0"
"500132520140059","2005-01-01T01:45:18.000","BROOKLYN","3252","AVE V & NOSTRAND AVE","BROOKLYN","11229","61","46","315","22","9","Phone","Initial Alarm","First Alarm","Multiple Dwelling 'A' - Food on the stove fire","Structural Fires","36","2005-01-01T01:45:54.000","2005-01-01T01:46:09.000","2005-01-01T01:49:15.000","2005-01-01T02:08:09.000","N","Y","237","201","3","2","1"
"500143740150043","2005-01-01T01:46:47.000","QUEENS","4374","HILLSIDE AVE & PARSONS BLVD","QUEENS","11432","107","24","408","28","6","Phone","DEFAULT RECORD","First Alarm","Non-Medical MFA - Phone","NonMedical MFAs","65","2005-01-01T01:47:52.000","2005-01-01T01:48:09.000","2005-01-01T01:50:24.000","2005-01-01T01:52:46.000","N","Y","217","152","3","2","1"
"500105540110084","2005-01-01T01:47:01.000","MANHATTAN","554","UNIVERSITY PL & 13 ST","MANHATTAN","10003","6","2","102","2","12","EMS Link/Medical","Initial Alarm","First Alarm","Medical - EMS Link 10-91","Medical Emergencies","13","2005-01-01T01:47:14.000","2005-01-01T01:47:38.000",,"2005-01-01T01:50:10.000","N","N","0","0","1","0","0"
"500103280110086","2005-01-01T01:48:02.000","MANHATTAN","328","HUDSON & VANDAM STS","MANHATTAN","10013","1","3","102","2","10","Private Fire Alarm","Initial Alarm","First Alarm","Sprinkler System - Malfunction","NonMedical Emergencies","58","2005-01-01T01:49:00.000","2005-01-01T01:49:30.000","2005-01-01T01:52:21.000","2005-01-01T02:07:57.000","N","Y","259","201","1","1","1"
"500107810110085","2005-01-01T01:48:27.000","MANHATTAN","781","8 AVE & W 41 ST","MANHATTAN","10018","14","3","104","2","10","EMS Link/Medical","Initial Alarm","First Alarm","Medical - Assist Civilian","Medical Emergencies","8","2005-01-01T01:48:35.000","2005-01-01T01:48:49.000","2005-01-01T01:52:34.000","2005-01-01T02:12:08.000","N","Y","247","239","1","0","0"
"500110480140060","2005-01-01T01:48:39.000","BROOKLYN","1048","NEW YORK AVE & MIDWOOD ST","BROOKLYN","11225","71","40","309","17","9","PD Link/Medical","Initial Alarm","First Alarm","Medical - PD Link 10-91","Medical Emergencies","11","2005-01-01T01:48:50.000","2005-01-01T01:49:24.000",,"2005-01-01T01:50:17.000","N","N","0","0","1","0","0"
"500109470110087","2005-01-01T01:50:11.000","MANHATTAN","947","MADISON AVE & 61 ST","MANHATTAN",,,,,,,"ERS No Contact","Initial Alarm","First Alarm","Non-Medical 10-91 (Unnecessary Alarm)","NonMedical Emergencies","5","2005-01-01T01:50:16.000","2005-01-01T01:50:37.000","2005-01-01T01:55:01.000","2005-01-01T01:58:27.000","N","Y","290","285","1","0","0"
"500104610110088","2005-01-01T01:50:32.000","MANHATTAN","461","AVENUE B & 12 ST","MANHATTAN","10009","9","2","103","1","12","EMS Link/Medical","DEFAULT RECORD","First Alarm","Medical MFA - EMS Link","Medical MFAs","8","2005-01-01T01:50:40.000","2005-01-01T01:51:00.000","2005-01-01T01:54:10.000","2005-01-01T01:56:53.000","N","Y","218","210","1","0","0"
"500145780150044","2005-01-01T01:50:52.000","QUEENS","4578","SENECA AVE & SUMMERFIELD ST","QUEENS","11385","104","34","405","24","7","PD Link/Medical","Initial Alarm","First Alarm","Medical - PD Link 10-91","Medical Emergencies","10","2005-01-01T01:51:02.000","2005-01-01T01:51:21.000","2005-01-01T01:55:34.000","2005-01-01T01:56:52.000","N","Y","282","272","1","0","0"
"500105990110091","2005-01-01T01:50:57.000","MANHATTAN","599","AVE OF AMERICAS & W 27 ST","MANHATTAN","10001","13","3","105","2","12","Phone","Initial Alarm","First Alarm","Assist Civilian - Non-Medical","NonMedical Emergencies","50","2005-01-01T01:51:47.000","2005-01-01T01:52:10.000","2005-01-01T01:56:03.000","2005-01-01T02:13:12.000","N","Y","306","256","0","1","0"
"500124930140061","2005-01-01T01:52:55.000","BROOKLYN","2493","FOSTER AVE & EAST 8 ST","BROOKLYN","11230","70","40","314","22","9","PD Link/Medical","Initial Alarm","First Alarm","Medical - PD Link 10-91","Medical Emergencies","13","2005-01-01T01:53:08.000","2005-01-01T01:53:27.000","2005-01-01T01:57:07.000","2005-01-01T02:07:22.000","N","Y","252","239","1","0","0"
"500112340110092","2005-01-01T01:53:02.000","MANHATTAN","1234","1 AVE & 96 ST","MANHATTAN","10128","19","5","108","2","12","EMS Link/Medical","Initial Alarm","First Alarm","Medical - Assist Civilian","Medical Emergencies","8","2005-01-01T01:53:10.000","2005-01-01T01:53:28.000","2005-01-01T01:57:44.000","2005-01-01T02:08:49.000","N","Y","282","274","1","0","0"
"500116280140062","2005-01-01T01:53:02.000","BROOKLYN","1628","RUTLAND RD & EAST 94 ST","BROOKLYN","11212","67","41","317","17","9","EMS Link/Medical","Initial Alarm","First Alarm","Medical - EMS Link 10-91","Medical Emergencies","10","2005-01-01T01:53:12.000","2005-01-01T01:53:40.000","2005-01-01T01:57:19.000","2005-01-01T01:58:50.000","N","Y","257","247","1","0","0"
"500121540140063","2005-01-01T01:53:08.000","BROOKLYN","2154","GLENWOOD RD & ROCKAWAY PKWY","BROOKLYN","11236","69","46","318","18","8","EMS Link/Medical","Initial Alarm","First Alarm","Medical - EMS Link 10-91","Medical Emergencies","8","2005-01-01T01:53:16.000","2005-01-01T01:53:34.000","2005-01-01T01:56:09.000","2005-01-01T01:56:58.000","N","Y","181","173","1","0","0"
"500104370110095","2005-01-01T01:54:41.000","MANHATTAN","437","2 AVE & 7 ST","MANHATTAN","10003","9","2","103","1","12","Phone","Initial Alarm","First Alarm","Alarm System - Unwarranted","NonMedical Emergencies","66","2005-01-01T01:55:47.000","2005-01-01T01:56:21.000","2005-01-01T01:59:18.000","2005-01-01T02:07:46.000","N","Y","277","211","1","1","0"
"500103170110093","2005-01-01T01:54:45.000","MANHATTAN","317","CLEVELAND PL & KENMARE ST","MANHATTAN","10013","5","1","102","2","10","PD Link/Medical","Initial Alarm","First Alarm","Medical - PD Link 10-91","Medical Emergencies","10","2005-01-01T01:54:55.000","2005-01-01T01:55:17.000","2005-01-01T02:00:20.000","2005-01-01T02:01:08.000","N","Y","335","325","1","0","0"
"500116770110094","2005-01-01T01:54:51.000","MANHATTAN","1677","RIVERSIDE DR & 158 ST","MANHATTAN",,,,,,,"ERS No Contact","DEFAULT RECORD","First Alarm","Non-Medical MFA - ERS No Contact","NonMedical MFAs","22","2005-01-01T01:55:13.000","2005-01-01T01:55:30.000","2005-01-01T02:03:12.000","2005-01-01T02:05:04.000","N","Y","501","479","1","0","0"
"500152860150046","2005-01-01T01:55:14.000","QUEENS","5286","93 AVE & FRANCIS LEWIS BLVD","QUEENS","11423","103","23","412","29","5","EMS Link/Medical","Initial Alarm","First Alarm","Medical - Assist Civilian","Medical Emergencies","9","2005-01-01T01:55:23.000","2005-01-01T01:55:45.000","2005-01-01T02:00:00.000","2005-01-01T02:21:10.000","N","Y","286","277","1","0","0"
"500131160220044","2005-01-01T01:55:20.000","BRONX","3116","LORING PLACE & 179 ST","BRONX","10453","46","14","205","10","15","EMS Link/Medical","Initial Alarm","First Alarm","Medical - Assist Civilian","Medical Emergencies","12","2005-01-01T01:55:32.000","2005-01-01T01:55:58.000","2005-01-01T02:00:37.000","2005-01-01T02:30:23.000","N","Y","317","305","1","0","0"
"500149940150047","2005-01-01T01:55:21.000","QUEENS","4994","BROOKVILLE BLVD. & 247 ST.","QUEENS",,,,,,,"Phone","Initial Alarm","First Alarm","Undefined Emergency","NonMedical Emergencies","117","2005-01-01T01:57:18.000","2005-01-01T01:57:36.000","2005-01-01T02:02:32.000","2005-01-01T02:13:49.000","N","Y","431","314","3","2","2"
"500110890110096","2005-01-01T01:56:39.000","MANHATTAN","1089","LEXINGTON AVE & 79 ST","MANHATTAN","10075","19","5","108","2","12","EMS Link/Medical","Initial Alarm","First Alarm","Medical - EMS Link 10-91","Medical Emergencies","117","2005-01-01T01:58:36.000","2005-01-01T01:58:49.000","2005-01-01T02:02:39.000","2005-01-01T02:04:09.000","N","N","360","243","1","0","0"
"500106190140065","2005-01-01T01:57:08.000","BROOKLYN","619","MYRTLE AVE & ADELPHI ST","BROOKLYN","11205","88","35","302","13","8","EMS Link/Medical","Initial Alarm","First Alarm","Medical - Assist Civilian","Medical Emergencies","8","2005-01-01T01:57:16.000","2005-01-01T01:57:42.000","2005-01-01T02:01:05.000","2005-01-01T02:08:21.000","N","Y","237","229","1","0","0"
"500193520150048","2005-01-01T01:57:11.000","QUEENS","9352","34 AVE & 105 ST","QUEENS","11368","115","21","403","24","14","EMS Link/Medical","Initial Alarm","First Alarm","Medical - EMS Link 10-91","Medical Emergencies","12","2005-01-01T01:57:23.000","2005-01-01T01:58:05.000",,"2005-01-01T02:01:43.000","N","N","0","0","1","0","0"
"500169380150049","2005-01-01T01:58:07.000","QUEENS","6938","32 AVE & 165 ST","QUEENS",,,,,,,"BARS","DEFAULT RECORD","First Alarm","Non-Medical MFA - BARS","NonMedical MFAs","6","2005-01-01T01:58:13.000","2005-01-01T01:58:28.000","2005-01-01T02:02:03.000","2005-01-01T02:02:58.000","N","Y","236","230","2","2","1"
"500171030150050","2005-01-01T01:58:29.000","QUEENS","7103","51 AVE & 2 ST","QUEENS","11101","108","26","402","30","12","EMS Link/Medical","Initial Alarm","First Alarm","Medical - Assist Civilian","Medical Emergencies","42","2005-01-01T01:59:11.000","2005-01-01T01:59:52.000","2005-01-01T02:03:39.000","2005-01-01T02:19:58.000","N","N","310","268","1","0","0"
"500114660110097","2005-01-01T01:58:53.000","MANHATTAN","1466","5 AVE & 124 ST","MANHATTAN","10035","28","9","110","5","13","PD Link/Medical","Initial Alarm","First Alarm","Medical - PD Link 10-91","Medical Emergencies","11","2005-01-01T01:59:04.000","2005-01-01T01:59:33.000","2005-01-01T02:03:43.000","2005-01-01T02:06:21.000","N","Y","290","279","1","0","0"
"500112000140067","2005-01-01T01:59:11.000","BROOKLYN","1200","4 AVE & BALTIC ST","BROOKLYN","11217","78","33","306","13","7","Phone","Initial Alarm","First Alarm","Medical - Assist Civilian","Medical Emergencies","21","2005-01-01T01:59:32.000","2005-01-01T02:00:01.000","2005-01-01T02:03:14.000","2005-01-01T02:18:36.000","N","Y","243","222","0","1","1"
"500108780210098","2005-01-01T02:00:14.000","MANHATTAN","878","2 AVE & 53 ST","MANHATTAN","10022","17","4","106","2","12","Phone","Initial Alarm","First Alarm","Odor - Other Smoke","NonMedical Emergencies","43","2005-01-01T02:00:57.000","2005-01-01T02:01:15.000","2005-01-01T02:04:55.000","2005-01-01T02:15:13.000","N","Y","281","238","3","2","1"
"500133910120045","2005-01-01T02:00:27.000","BRONX","3391","CRESTON AVE & 196 ST","BRONX","10468","52","14","207","10","13","PD Link/Medical","Initial Alarm","First Alarm","Medical - PD Link 10-91","Medical Emergencies","14","2005-01-01T02:00:41.000","2005-01-01T02:01:00.000",,"2005-01-01T02:02:10.000","N","N","0","0","1","0","0"
"500127800120046","2005-01-01T02:01:46.000","BRONX","2780","WALTON AVE & ROCKWOOD ST","BRONX","10452","44","14","204","9","15","Phone","Initial Alarm","First Alarm","Carbon Monoxide - Code 1 - Investigation","NonMedical Emergencies","50","2005-01-01T02:02:36.000","2005-01-01T02:03:03.000","2005-01-01T02:07:57.000","2005-01-01T02:17:49.000","N","Y","371","321","1","1","0"
"500105450110099","2005-01-01T02:02:48.000","MANHATTAN","545","HUDSON & GANSEVOORT STS","MANHATTAN","10014","6","3","102","2","10","PD Link/Medical","Initial Alarm","First Alarm","Medical - Assist Civilian","Medical Emergencies","8","2005-01-01T02:02:56.000","2005-01-01T02:03:31.000","2005-01-01T02:06:43.000","2005-01-01T02:14:23.000","N","Y","235","227","1","0","0"
"500135070120047","2005-01-01T02:02:48.000","BRONX","3507","VALENTINE AVE & 198 ST","BRONX",,,,,,,"ERS No Contact","DEFAULT RECORD","First Alarm","Non-Medical MFA - ERS No Contact","NonMedical MFAs","6","2005-01-01T02:02:54.000","2005-01-01T02:03:23.000","2005-01-01T02:06:29.000","2005-01-01T02:06:57.000","N","Y","221","215","1","0","0"
"500127690120048","2005-01-01T02:06:09.000","BRONX","2769","MORRIS AVE & 172 ST","BRONX","10457","44","16","204","9","15","Phone","Initial Alarm","First Alarm","Multiple Dwelling 'A' - Other fire","Structural Fires","67","2005-01-01T02:07:16.000","2005-01-01T02:07:40.000","2005-01-01T02:12:13.000","2005-01-01T02:52:08.000","N","Y","364","297","2","2","1"
"500108310140068","2005-01-01T02:06:16.000","BROOKLYN","831","BUSHWICK AVE & HANCOCK ST","BROOKLYN","11221","83","37","304","32","8","EMS Link/Medical","Initial Alarm","First Alarm","Medical - EMS Link 10-91","Medical Emergencies","12","2005-01-01T02:06:28.000","2005-01-01T02:07:01.000","2005-01-01T02:10:58.000","2005-01-01T02:12:17.000","N","Y","282","270","1","0","0"
"500127360120049","2005-01-01T02:07:16.000","BRONX","2736","BRYANT AVE & JENNINGS ST","BRONX","10459","42","17","203","12","15","Phone","Initial Alarm","First Alarm","Assist Civilian - Non-Medical","NonMedical Emergencies","100","2005-01-01T02:08:56.000","2005-01-01T02:09:36.000","2005-01-01T02:14:39.000","2005-01-01T02:22:27.000","N","Y","443","343","0","1","0"
"500128820120050","2005-01-01T02:08:51.000","BRONX","2882","PUGSLEY & ELLIS AVES SOUTH OF 177 ST","BRONX","10472","43","18","209","8","15","Phone","Initial Alarm","First Alarm","Carbon Monoxide - Code 3 - Emergency (over 9 ppm)","NonMedical Emergencies","73","2005-01-01T02:10:04.000","2005-01-01T02:10:24.000","2005-01-01T02:15:51.000","2005-01-01T03:13:02.000","N","Y","420","347","1","1","1"
"500110210130010","2005-01-01T02:08:54.000","RICHMOND / STATEN ISLAND","1021","STEUBEN ST AND RICHMOND RD","RICHMOND / STATEN ISLAND","10304","120","49","501","31","11","PD Link/Medical","Initial Alarm","First Alarm","Medical - Assist Civilian","Medical Emergencies","13","2005-01-01T02:09:07.000","2005-01-01T02:09:30.000","2005-01-01T02:16:54.000","2005-01-01T02:36:36.000","N","Y","480","467","1","0","0"
"500140230150051","2005-01-01T02:09:35.000","QUEENS","4023","CYPRESS AVE & GEORGE ST","QUEENS","11385","104","34","405","24","7","PD Link/Medical","Initial Alarm","First Alarm","Medical - Assist Civilian","Medical Emergencies","9","2005-01-01T02:09:44.000","2005-01-01T02:10:07.000","2005-01-01T02:14:01.000","2005-01-01T02:49:12.000","N","Y","266","257","1","0","0"
"500113390110101","2005-01-01T02:09:50.000","MANHATTAN","1339","BROADWAY & CATHEDRAL PKY","MANHATTAN","10025","26","7","109","3","10","EMS Link/Medical","Initial Alarm","First Alarm","Medical - Assist Civilian","Medical Emergencies","24","2005-01-01T02:10:14.000","2005-01-01T02:10:26.000","2005-01-01T02:12:57.000","2005-01-01T02:25:38.000","N","Y","187","163","1","0","1"
"500135830120051","2005-01-01T02:09:59.000","BRONX","3583","HILLMAN AV & VAN CORTLANDT PK SOUTH","BRONX","10463","50","11","208","10","13","Private Fire Alarm","Initial Alarm","First Alarm","Multiple Dwelling 'A' - Food on the stove fire","Structural Fires","86","2005-01-01T02:11:25.000","2005-01-01T02:11:45.000","2005-01-01T02:16:39.000","2005-01-01T02:23:55.000","N","Y","400","314","3","2","1"
"500135420140069","2005-01-01T02:10:27.000","BROOKLYN","3542","SURF AVE & W. 21 ST","BROOKLYN","11224","60","47","313","21","8","PD Link/Medical","Initial Alarm","First Alarm","Medical - PD Link 10-91","Medical Emergencies","18","2005-01-01T02:10:45.000","2005-01-01T02:11:11.000",,"2005-01-01T02:12:26.000","N","N","0","0","1","0","0"
"500101880140070","2005-01-01T02:11:03.000","BROOKLYN","188","MORGAN AVE & FROST ST","BROOKLYN","11222","94","34","301","14","12","EMS Link/Medical","Initial Alarm","First Alarm","Medical - Assist Civilian","Medical Emergencies","81","2005-01-01T02:12:24.000","2005-01-01T02:12:59.000","2005-01-01T02:15:57.000","2005-01-01T02:32:51.000","N","N","294","213","1","0","0"
"500107400140071","2005-01-01T02:11:07.000","BROOKLYN","740","KNICKERBOCKER AVE & SUYDAM ST","BROOKLYN","11237","83","34","304","32","7","EMS Link/Medical","Initial Alarm","First Alarm","Medical - EMS Link 10-91","Medical Emergencies","74","2005-01-01T02:12:21.000","2005-01-01T02:12:51.000",,"2005-01-01T02:14:26.000","N","N","0","0","1","0","0"
"500112470140072","2005-01-01T02:12:38.000","BROOKLYN","1247","5TH AVE & ST JOHNS PL","BROOKLYN","11217","78","39","306","13","9","Phone","Initial Alarm","First Alarm","Utility Emergency - Water","NonMedical Emergencies","43","2005-01-01T02:13:21.000","2005-01-01T02:15:06.000","2005-01-01T02:19:03.000","2005-01-01T02:32:02.000","N","Y","385","342","0","1","0"
"500100890110104","2005-01-01T02:13:41.000","MANHATTAN","89","PEARL & BEEKMAN STS","MANHATTAN","10038","1","1","101","2","10","Phone","Initial Alarm","First Alarm","Multiple Dwelling 'A' - Other fire","Structural Fires","72","2005-01-01T02:14:53.000","2005-01-01T02:15:07.000","2005-01-01T02:18:25.000","2005-01-01T02:58:41.000","N","Y","284","212","5","2","2"
"500139210140073","2005-01-01T02:13:52.000","BROOKLYN","3921","EASTERN PWAY & HOWARD AVE","BROOKLYN","11233","73","41","316","17","9","Phone","Initial Alarm","First Alarm","Private Dwelling Fire","Structural Fires","54","2005-01-01T02:14:46.000","2005-01-01T02:15:08.000","2005-01-01T02:18:07.000","2005-01-01T02:28:18.000","N","Y","255","201","2","2","1"
"500117840110103","2005-01-01T02:13:56.000","MANHATTAN","1784","FT WASHINGTON AV, 125' S OF CABRINI PLZ","MANHATTAN","10040","34","10","112","6","13","EMS Link/Medical","Initial Alarm","First Alarm","Medical - EMS Link 10-91","Medical Emergencies","14","2005-01-01T02:14:10.000","2005-01-01T02:14:31.000",,"2005-01-01T02:17:55.000","N","N","0","0","1","0","0"
"500105990210105","2005-01-01T02:14:14.000","MANHATTAN","599","AVE OF AMERICAS & W 27 ST","MANHATTAN","10001","13","3","105","2","12","Phone","DEFAULT RECORD","First Alarm","Non-Medical MFA - Phone","NonMedical MFAs","43","2005-01-01T02:14:57.000","2005-01-01T02:15:20.000","2005-01-01T02:16:49.000","2005-01-01T02:19:41.000","N","Y","155","112","1","1","0"
"500108780310107","2005-01-01T02:15:34.000","MANHATTAN","878","2 AVE & 53 ST","MANHATTAN","10022","17","4","106","2","12","PD Link/Medical","Initial Alarm","First Alarm","Medical - PD Link 10-91","Medical Emergencies","8","2005-01-01T02:15:42.000","2005-01-01T02:16:02.000","2005-01-01T02:21:36.000","2005-01-01T02:21:53.000","N","Y","362","354","1","0","0"
"500175860150053","2005-01-01T02:15:46.000","QUEENS","7586","20TH AVE AND 38TH ST","QUEENS","11105","114","22","401","30","14","PD Link/Medical","Initial Alarm","First Alarm","Medical - PD Link 10-91","Medical Emergencies","261","2005-01-01T02:20:07.000","2005-01-01T02:20:34.000",,"2005-01-01T02:23:36.000","N","N","0","0","1","0","0"
"500146270150054","2005-01-01T02:15:53.000","QUEENS","4627","47 AVE & 70 ST","QUEENS",,,,,,,"ERS No Contact","DEFAULT RECORD","First Alarm","Non-Medical MFA - ERS No Contact","NonMedical MFAs","31","2005-01-01T02:16:24.000","2005-01-01T02:16:47.000","2005-01-01T02:20:31.000","2005-01-01T02:21:20.000","N","Y","278","247","1","0","0"
"500133300120053","2005-01-01T02:16:07.000","BRONX","3330","WEBSTER AVE & 187 ST","BRONX","10458","46","15","205","10","15","PD Link/Medical","Initial Alarm","First Alarm","Medical - PD Link 10-91","Medical Emergencies","660","2005-01-01T02:27:07.000","2005-01-01T02:27:36.000",,"2005-01-01T02:29:12.000","N","N","0","0","1","0","0"
"500118680140074","2005-01-01T02:16:34.000","BROOKLYN","1868","DUMONT & AUTUMN AVES","BROOKLYN","11208","75","42","305","19","8","EMS Link/Medical","Initial Alarm","First Alarm","Medical - Assist Civilian","Medical Emergencies","10","2005-01-01T02:16:44.000","2005-01-01T02:17:13.000","2005-01-01T02:19:57.000","2005-01-01T02:37:03.000","N","Y","203","193","1","0","0"
"500117960110117","2005-01-01T02:17:06.000","MANHATTAN","1796","ACADEMY ST AND VERMILYEA AVE","MANHATTAN","10034","34","10","112","6","13","Phone","Initial Alarm","First Alarm","Multiple Dwelling 'A' - Food on the stove fire","Structural Fires","55","2005-01-01T02:18:01.000","2005-01-01T02:18:15.000","2005-01-01T02:19:15.000","2005-01-01T02:32:37.000","N","Y","129","74","3","2","1"
"500108020110113","2005-01-01T02:17:11.000","MANHATTAN","802","9 AVE & 44 ST","MANHATTAN","10036","18","3","104","2","10","PD Link/Medical","Initial Alarm","First Alarm","Medical - PD Link 10-91","Medical Emergencies","9","2005-01-01T02:17:20.000","2005-01-01T02:17:32.000","2005-01-01T02:21:27.000","2005-01-01T02:21:50.000","N","Y","256","247","1","0","0"
"500110460110115","2005-01-01T02:17:14.000","MANHATTAN","1046","YORK AVE & 73 ST","MANHATTAN","10021","19","5","108","2","12","PD Link/Medical","Initial Alarm","First Alarm","Medical - Assist Civilian","Medical Emergencies","13","2005-01-01T02:17:27.000","2005-01-01T02:17:43.000","2005-01-01T02:22:23.000","2005-01-01T02:48:34.000","N","Y","309","296","1","0","0"
"500115320140076","2005-01-01T02:17:43.000","BROOKLYN","1532","CATON AVE & ARGYLE RD","BROOKLYN","11218","70","40","314","17","9","EMS Link/Medical","Initial Alarm","First Alarm","Medical - Assist Civilian","Medical Emergencies","8","2005-01-01T02:17:51.000","2005-01-01T02:18:14.000","2005-01-01T02:28:04.000","2005-01-01T02:30:53.000","N","Y","621","613","1","0","0"
"500103950140077","2005-01-01T02:18:00.000","BROOKLYN","395","S/S PARK AVE AT CUMBERLAND ST","BROOKLYN","11205","88","35","302","13","8","EMS Link/Medical","Initial Alarm","First Alarm","Medical - Assist Civilian","Medical Emergencies","10","2005-01-01T02:18:10.000","2005-01-01T02:18:42.000","2005-01-01T02:21:26.000","2005-01-01T02:36:23.000","N","Y","206","196","1","0","0"
"500133120120054","2005-01-01T02:18:25.000","BRONX","3312","JEROME  AVE & NORTH ST","BRONX",,,,,,,"ERS No Contact","DEFAULT RECORD","First Alarm","Non-Medical MFA - ERS No Contact","NonMedical MFAs","58","2005-01-01T02:19:23.000","2005-01-01T02:19:55.000","2005-01-01T02:24:59.000","2005-01-01T02:26:53.000","N","Y","394","336","1","0","0"
"500105340110126","2005-01-01T02:18:54.000","MANHATTAN","534","WASHINGTON & BETHUNE STS","MANHATTAN","10014","6","3","102","2","10","Phone","Initial Alarm","First Alarm","Carbon Monoxide - Code 1 - Investigation","NonMedical Emergencies","47","2005-01-01T02:19:41.000","2005-01-01T02:19:55.000","2005-01-01T02:24:58.000","2005-01-01T02:30:26.000","N","Y","364","317","1","1","0"
"500110860110123","2005-01-01T02:19:04.000","MANHATTAN","1086","AMSTERDAM AVE & 79 ST","MANHATTAN","10024","20","6","107","3","10","EMS Link/Medical","Initial Alarm","First Alarm","Medical - Assist Civilian","Medical Emergencies","15","2005-01-01T02:19:19.000","2005-01-01T02:19:46.000","2005-01-01T02:20:21.000","2005-01-01T02:48:41.000","N","Y","77","62","1","0","0"
"500109160110130","2005-01-01T02:21:35.000","MANHATTAN","916","AVENUE OF THE AMERICAS & 57 ST","MANHATTAN","10019","18","4","105","2","12","EMS Link/Medical","Initial Alarm","First Alarm","Medical - EMS Link 10-91","Medical Emergencies","12","2005-01-01T02:21:47.000","2005-01-01T02:22:01.000","2005-01-01T02:26:00.000","2005-01-01T02:31:04.000","N","Y","265","253","2","1","2"
"500123290120056","2005-01-01T02:21:40.000","BRONX","2329","LONGWOOD AVE & FOX ST","BRONX","10455","41","8","202","8","15","EMS Link/Medical","Initial Alarm","First Alarm","Medical - Assist Civilian","Medical Emergencies","22","2005-01-01T02:22:02.000","2005-01-01T02:22:20.000","2005-01-01T02:27:59.000","2005-01-01T02:45:06.000","N","Y","379","357","1","0","0"
"500103960110131","2005-01-01T02:21:57.000","MANHATTAN","396","BROADWAY & 8 ST","MANHATTAN","10003","9","2","102","2","12","Phone","Initial Alarm","First Alarm","Demolition Debris or Rubbish Fire","NonStructural Fires","25","2005-01-01T02:22:22.000","2005-01-01T02:22:49.000","2005-01-01T02:25:41.000","2005-01-01T02:30:03.000","N","Y","224","199","1","0","0"
"500109390140078","2005-01-01T02:22:34.000","BROOKLYN","939","MARCY AVE & MADISON ST","BROOKLYN","11216","79","36","303","13","8","Phone","Initial Alarm","First Alarm","Automobile Fire","NonStructural Fires","43","2005-01-01T02:23:17.000","2005-01-01T02:23:34.000","2005-01-01T02:25:34.000","2005-01-01T02:40:51.000","N","Y","180","137","1","1","0"
"500105940110133","2005-01-01T02:23:21.000","MANHATTAN","594","10 AVE & 21 ST","MANHATTAN","10011","10","3","104","2","10","EMS Link/Medical","Initial Alarm","First Alarm","Medical - EMS Link 10-91","Medical Emergencies","558","2005-01-01T02:32:39.000","2005-01-01T02:33:09.000","2005-01-01T02:35:36.000","2005-01-01T02:41:08.000","N","N","735","177","1","0","0"
"500134790140079","2005-01-01T02:23:21.000","BROOKLYN","3479","BAY PKWY & 77 ST","BROOKLYN","11214","62","44","311","20","10","Phone","DEFAULT RECORD","First Alarm","Non-Medical MFA - Phone","NonMedical MFAs","37","2005-01-01T02:23:58.000","2005-01-01T02:24:30.000","2005-01-01T02:27:41.000","2005-01-01T02:29:00.000","N","Y","260","223","1","1","0"
"500117150110135","2005-01-01T02:23:38.000","MANHATTAN","1715","AMSTERDAM AVE & 172 ST","MANHATTAN",,,,,,,"ERS No Contact","DEFAULT RECORD","First Alarm","Non-Medical MFA - ERS No Contact","NonMedical MFAs","31","2005-01-01T02:24:09.000","2005-01-01T02:24:30.000","2005-01-01T02:26:45.000","2005-01-01T02:27:02.000","N","Y","187","156","1","0","0"
"500137350320059","2005-01-01T02:23:47.000","BRONX","3735","BROADWAY & W 231 ST","BRONX","10463","50","11","208","10","13","Verbal","Initial Alarm","First Alarm","Non-Medical 10-91 (Unnecessary Alarm)","NonMedical Emergencies","41","2005-01-01T02:24:28.000","2005-01-01T02:24:53.000","2005-01-01T02:26:19.000","2005-01-01T02:26:36.000","N","N","152","111","1","0","0"
"500123760120058","2005-01-01T02:23:51.000","BRONX","2376","PROSPECT AVE & 163 ST","BRONX","10459","42","17","203","12","15","EMS Link/Medical","Initial Alarm","First Alarm","Medical - EMS Link 10-91","Medical Emergencies","33","2005-01-01T02:24:24.000","2005-01-01T02:24:43.000","2005-01-01T02:29:53.000","2005-01-01T02:37:55.000","N","Y","362","329","1","0","0"
"500135830220061","2005-01-01T02:24:50.000","BRONX","3583","HILLMAN AV & VAN CORTLANDT PK SOUTH","BRONX","10463","50","11","208","10","13","Private Fire Alarm","Initial Alarm","First Alarm","Alarm System - Unwarranted","NonMedical Emergencies","123","2005-01-01T02:26:53.000","2005-01-01T02:27:13.000","2005-01-01T02:30:14.000","2005-01-01T02:33:41.000","N","Y","324","201","1","1","1"
"500150650150056","2005-01-01T02:24:57.000","QUEENS","5065","110 RD & 167 ST","QUEENS","11433","113","27","412","28","5","EMS Link/Medical","Initial Alarm","First Alarm","Medical - EMS Link 10-91","Medical Emergencies","11","2005-01-01T02:25:08.000","2005-01-01T02:26:43.000",,"2005-01-01T02:31:41.000","N","N","0","0","1","0","0"
"500123780140080","2005-01-01T02:25:16.000","BROOKLYN","2378","FLATLANDS & RALPH AVES","BROOKLYN","11234","63","46","318","22","8","EMS Link/Medical","Initial Alarm","First Alarm","Medical - Assist Civilian","Medical Emergencies","29","2005-01-01T02:25:45.000","2005-01-01T02:26:06.000","2005-01-01T02:29:38.000","2005-01-01T02:39:31.000","N","Y","262","233","1","1","2"
"500135100120060","2005-01-01T02:25:18.000","BRONX","3510","WEBSTER AVE & E199 ST","BRONX","10458","52","15","207","10","13","EMS Link/Medical","Initial Alarm","First Alarm","Medical - Assist Civilian","Medical Emergencies","8","2005-01-01T02:25:26.000","2005-01-01T02:25:57.000","2005-01-01T02:28:51.000","2005-01-01T02:41:17.000","N","Y","213","205","1","0","0"
"500134160120062","2005-01-01T02:25:30.000","BRONX","3416","WARING AVE & BOSTON RD","BRONX","10467","49","13","211","11","14","Phone","Initial Alarm","First Alarm","Multiple Dwelling 'A' - Food on the stove fire","Structural Fires","89","2005-01-01T02:26:59.000","2005-01-01T02:27:32.000","2005-01-01T02:31:55.000","2005-01-01T02:48:28.000","N","Y","385","296","3","2","1"
"500101420140081","2005-01-01T02:25:46.000","BROOKLYN","142","LEONARD & WITHERS STS","BROOKLYN","11211","94","34","301","14","12","EMS Link/Medical","Initial Alarm","First Alarm","Medical - EMS Link 10-91","Medical Emergencies","437","2005-01-01T02:33:03.000","2005-01-01T02:33:28.000","2005-01-01T02:34:55.000","2005-01-01T02:35:14.000","N","N","549","112","1","0","0"
"500106170110140","2005-01-01T02:26:34.000","MANHATTAN","617","8 AVE & 23 ST","MANHATTAN","10011","10","3","104","2","12","Phone","DEFAULT RECORD","First Alarm","Non-Medical MFA - Phone","NonMedical MFAs","63","2005-01-01T02:27:37.000","2005-01-01T02:28:02.000","2005-01-01T02:30:46.000","2005-01-01T02:32:26.000","N","Y","252","189","3","2","1"
"500104590110138","2005-01-01T02:26:36.000","MANHATTAN","459","AVENUE D & 12 ST","MANHATTAN","10009","9","2","103","1","7","EMS Link/Medical","Initial Alarm","First Alarm","Medical - EMS Link 10-91","Medical Emergencies","64","2005-01-01T02:27:40.000","2005-01-01T02:28:05.000","2005-01-01T02:30:30.000","2005-01-01T02:30:34.000","N","N","234","170","1","0","0"
"500136850140084","2005-01-01T02:27:55.000","BROOKLYN","3685","BRIGHTON BEACH AV & BRIGHTON 15 ST","BROOKLYN","11235","60","48","313","21","8","EMS Link/Medical","Initial Alarm","First Alarm","Medical - Assist Civilian","Medical Emergencies","8","2005-01-01T02:28:03.000","2005-01-01T02:28:36.000","2005-01-01T02:33:24.000","2005-01-01T02:41:54.000","N","Y","329","321","1","0","0"
"500105500140086","2005-01-01T02:28:39.000","BROOKLYN","550","HOYT & BALTIC STS","BROOKLYN","11217","76","33","306","15","7","EMS Link/Medical","Initial Alarm","First Alarm","Medical - Assist Civilian","Medical Emergencies","9","2005-01-01T02:28:48.000","2005-01-01T02:29:04.000","2005-01-01T02:33:28.000","2005-01-01T02:59:04.000","N","Y","289","280","1","0","0"
"500135900140087","2005-01-01T02:28:41.000","BROOKLYN","3590","BOARDWALK & W24 ST","BROOKLYN","11224","60","47","313","21","8","EMS Link/Medical","Initial Alarm","First Alarm","Medical - Assist Civilian","Medical Emergencies","11","2005-01-01T02:28:52.000","2005-01-01T02:29:15.000","2005-01-01T02:33:15.000","2005-01-01T02:45:55.000","N","Y","274","263","1","0","0"
"500129390130011","2005-01-01T02:29:54.000","RICHMOND / STATEN ISLAND","2939","RICHMOND HILL RD AND BRIDGETOWN ST","RICHMOND / STATEN ISLAND",,,,,,,"BARS","DEFAULT RECORD","First Alarm","Non-Medical MFA - BARS","NonMedical MFAs","10","2005-01-01T02:30:04.000","2005-01-01T02:30:29.000","2005-01-01T02:36:15.000","2005-01-01T02:39:25.000","N","Y","381","371","2","2","1"
"500110130110141","2005-01-01T02:30:17.000","MANHATTAN","1013","CENTRAL PARK W. & 69 ST","MANHATTAN","10023","20","6","107","3","10","Phone","Initial Alarm","First Alarm","Utility Emergency - Gas","NonMedical Emergencies","85","2005-01-01T02:31:42.000","2005-01-01T02:31:53.000","2005-01-01T02:35:22.000","2005-01-01T02:46:29.000","N","Y","305","220","3","2","1"
"500127480120063","2005-01-01T02:31:14.000","BRONX","2748","WASHINGTON AVE & 170 ST","BRONX","10456","42","16","203","9","15","Phone","DEFAULT RECORD","First Alarm","Non-Medical MFA - Phone","NonMedical MFAs","60","2005-01-01T02:32:14.000","2005-01-01T02:32:57.000","2005-01-01T02:37:36.000","2005-01-01T02:39:24.000","N","Y","382","322","1","1","0"
"500119440130012","2005-01-01T02:31:51.000","RICHMOND / STATEN ISLAND","1944","RICHMOND AVE AND WEST CASWELL AVE","RICHMOND / STATEN ISLAND",,,,,,,"ERS No Contact","DEFAULT RECORD","First Alarm","Non-Medical MFA - ERS No Contact","NonMedical MFAs","23","2005-01-01T02:32:14.000","2005-01-01T02:32:30.000","2005-01-01T02:38:07.000","2005-01-01T02:39:34.000","N","Y","376","353","1","0","0"
"500173910150057","2005-01-01T02:32:19.000","QUEENS","7391","35 AVE & 35 ST","QUEENS","11106","114","22","401","30","12","EMS Link/Medical","Initial Alarm","First Alarm","Medical - EMS Link 10-91","Medical Emergencies","20","2005-01-01T02:32:39.000","2005-01-01T02:33:14.000",,"2005-01-01T02:41:03.000","N","N","0","0","1","0","0"
"500142400120064","2005-01-01T02:32:21.000","BRONX","4240","EDISON AVE AND MIDDLETOWN RD","BRONX","10461","45","13","210","8","14","PD Link/Medical","Initial Alarm","First Alarm","Medical - PD Link 10-91","Medical Emergencies","18","2005-01-01T02:32:39.000","2005-01-01T02:34:50.000","2005-01-01T02:37:47.000","2005-01-01T02:51:27.000","N","Y","326","308","1","0","0"
"500110670140089","2005-01-01T02:32:50.000","BROOKLYN","1067","UNDERHILL AVE & STERLING PL","BROOKLYN","11238","77","35","308","13","9","Phone","Initial Alarm","First Alarm","Multiple Dwelling 'A' - Food on the stove fire","Structural Fires","58","2005-01-01T02:33:48.000","2005-01-01T02:34:10.000","2005-01-01T02:35:51.000","2005-01-01T02:52:04.000","N","Y","181","123","2","2","1"
"500117760140090","2005-01-01T02:33:43.000","BROOKLYN","1776","BELMONT AVE & WARWICK ST","BROOKLYN","11207","75","42","305","19","8","EMS Link/Medical","Initial Alarm","First Alarm","Medical - EMS Link 10-91","Medical Emergencies","9","2005-01-01T02:33:52.000","2005-01-01T02:34:18.000","2005-01-01T02:40:01.000","2005-01-01T02:44:20.000","N","Y","378","369","1","0","0"
"500137750120065","2005-01-01T02:33:56.000","BRONX","3775","BROADWAY & W 242 ST","BRONX","10471","50","11","208","10","16","PD Link/Medical","Initial Alarm","First Alarm","Medical - PD Link 10-91","Medical Emergencies","140","2005-01-01T02:36:16.000","2005-01-01T02:36:32.000",,"2005-01-01T02:39:07.000","N","N","0","0","1","0","0"
"500109920140091","2005-01-01T02:35:47.000","BROOKLYN","992","VANDERBILT & ST MARKS AVES","BROOKLYN","11238","77","35","308","13","9","EMS Link/Medical","Initial Alarm","First Alarm","Medical - Assist Civilian","Medical Emergencies","242","2005-01-01T02:39:49.000","2005-01-01T02:40:03.000","2005-01-01T02:42:55.000","2005-01-01T02:48:35.000","N","N","428","186","1","0","0"
"500134890140092","2005-01-01T02:36:00.000","BROOKLYN","3489","BATH AVE & BAY 29 ST","BROOKLYN","11214","62","47","311","20","11","PD Link/Medical","Initial Alarm","First Alarm","Medical - PD Link 10-91","Medical Emergencies","10","2005-01-01T02:36:10.000","2005-01-01T02:36:40.000","2005-01-01T02:40:22.000","2005-01-01T02:40:37.000","N","Y","262","252","1","0","0"
"500119950150058","2005-01-01T02:36:24.000","QUEENS","1995","123 AVE & 146 ST","QUEENS",,,,,,,"ERS No Contact","Initial Alarm","First Alarm","Medical - Assist Civilian","Medical Emergencies","6","2005-01-01T02:36:30.000","2005-01-01T02:36:50.000","2005-01-01T02:39:44.000","2005-01-01T03:02:57.000","N","Y","200","194","1","1","0"
"500140330150059","2005-01-01T02:36:31.000","QUEENS","4033","ONDERDONK & CATALPA AVES","QUEENS",,,,,,,"ERS No Contact","DEFAULT RECORD","First Alarm","Non-Medical MFA - ERS No Contact","NonMedical MFAs","25","2005-01-01T02:36:56.000","2005-01-01T02:37:16.000","2005-01-01T02:42:30.000","2005-01-01T02:43:05.000","N","Y","359","334","1","0","0"
"500105790210145","2005-01-01T02:36:41.000","MANHATTAN","579","AVE OF AMERICAS & 18 ST","MANHATTAN","10011","13","3","104","2","12","Verbal","Initial Alarm","First Alarm","Non-Medical 10-91 (Unnecessary Alarm)","NonMedical Emergencies","18","2005-01-01T02:36:59.000","2005-01-01T02:36:59.000","2005-01-01T02:58:55.000","2005-01-01T02:59:11.000","N","N","1334","1316","1","0","0"
"500107420110146","2005-01-01T02:36:43.000","MANHATTAN","742","8  AVE & 37 ST","MANHATTAN","10018","14","3","104","2","10","Phone","Initial Alarm","First Alarm","Utility Emergency - Electric","NonMedical Emergencies","46","2005-01-01T02:37:29.000","2005-01-01T02:37:45.000","2005-01-01T02:41:46.000","2005-01-01T03:06:44.000","N","N","303","257","0","1","0"
"500142380120069","2005-01-01T02:37:35.000","BRONX","4238","WATERBURY & MAYFLOWER AVES","BRONX","10461","45","13","210","8","14","Phone","Initial Alarm","First Alarm","Carbon Monoxide - Code 1 - Investigation","NonMedical Emergencies","74","2005-01-01T02:38:49.000","2005-01-01T02:39:12.000","2005-01-01T02:43:30.000","2005-01-01T02:55:49.000","N","Y","355","281","1","1","0"
"500115310110147","2005-01-01T02:38:28.000","MANHATTAN","1531","CONVENT AVE & 131 ST","MANHATTAN",,,,,,,"ERS No Contact","DEFAULT RECORD","First Alarm","Non-Medical MFA - ERS No Contact","NonMedical MFAs","5","2005-01-01T02:38:33.000","2005-01-01T02:38:54.000","2005-01-01T02:42:45.000","2005-01-01T02:43:21.000","N","Y","257","252","1","0","0"
"500103630110149","2005-01-01T02:38:50.000","MANHATTAN","363","MULBERRY & BLEECKER STS","MANHATTAN","10012","5","1","102","2","12","PD Link/Medical","Initial Alarm","First Alarm","Medical - PD Link 10-91","Medical Emergencies","10","2005-01-01T02:39:00.000","2005-01-01T02:39:28.000",,"2005-01-01T02:41:20.000","N","N","0","0","1","0","0"
"500100790110152","2005-01-01T02:39:32.000","MANHATTAN","79","GOLD & FULTON STS","MANHATTAN",,,,,,,"Phone","Initial Alarm","First Alarm","Demolition Debris or Rubbish Fire","NonStructural Fires","71","2005-01-01T02:40:43.000","2005-01-01T02:41:05.000","2005-01-01T02:43:45.000","2005-01-01T02:58:59.000","N","Y","253","182","3","2","1"
"500177300150061","2005-01-01T02:40:11.000","QUEENS","7730","ASTORIA BLVD AND 106TH ST","QUEENS","11369","115","21","403","30","14","EMS Link/Medical","Initial Alarm","First Alarm","Medical - EMS Link 10-91","Medical Emergencies","14","2005-01-01T02:40:25.000","2005-01-01T02:40:43.000",,"2005-01-01T02:44:07.000","N","N","0","0","1","0","0"
"500129560140095","2005-01-01T02:40:41.000","BROOKLYN","2956","AVE O & W. 5 ST","BROOKLYN","11204","62","44","311","21","10","EMS Link/Medical","Initial Alarm","First Alarm","Medical - Assist Civilian","Medical Emergencies","10","2005-01-01T02:40:51.000","2005-01-01T02:41:22.000","2005-01-01T02:47:00.000","2005-01-01T02:56:01.000","N","Y","379","369","1","0","0"
"500107550140096","2005-01-01T02:40:54.000","BROOKLYN","755","BUSHWICK AVE & STANHOPE ST","BROOKLYN","11221","83","34","304","32","7","EMS Link/Medical","Initial Alarm","First Alarm","Medical - EMS Link 10-91","Medical Emergencies","10","2005-01-01T02:41:04.000","2005-01-01T02:41:26.000","2005-01-01T02:46:51.000","2005-01-01T02:48:13.000","N","Y","357","347","1","0","0"
"500104590310155","2005-01-01T02:41:06.000","MANHATTAN","459","AVENUE D & 12 ST","MANHATTAN","10009","9","2","103","1","7","Phone","Initial Alarm","First Alarm","Non-Medical 10-91 (Unnecessary Alarm)","NonMedical Emergencies","32","2005-01-01T02:41:38.000","2005-01-01T02:43:45.000","2005-01-01T02:47:10.000","2005-01-01T02:47:22.000","N","Y","364","332","1","0","0"
"500113720210154","2005-01-01T02:41:31.000","MANHATTAN","1372","BROADWAY & 114 ST","MANHATTAN","10025","26","7","109","3","10","EMS Link/Medical","Initial Alarm","First Alarm","Medical - Assist Civilian","Medical Emergencies","319","2005-01-01T02:46:50.000","2005-01-01T02:47:11.000","2005-01-01T02:50:08.000","2005-01-01T03:05:29.000","N","N","517","198","1","0","0"
"500108290110156","2005-01-01T02:43:11.000","MANHATTAN","829","AVE OF AMERICAS & 47 ST","MANHATTAN","10036","18","4","105","2","12","Phone","DEFAULT RECORD","First Alarm","Non-Medical MFA - Phone","NonMedical MFAs","58","2005-01-01T02:44:09.000","2005-01-01T02:44:17.000","2005-01-01T02:51:12.000","2005-01-01T02:58:46.000","N","Y","481","423","1","1","0"
"500156730150062","2005-01-01T02:43:23.000","QUEENS","5673","100 AVE & FRANCIS LEWIS BLVD","QUEENS","11429","103","27","412","29","5","EMS Link/Medical","Initial Alarm","First Alarm","Medical - Assist Civilian","Medical Emergencies","10","2005-01-01T02:43:33.000","2005-01-01T02:44:02.000","2005-01-01T02:48:14.000","2005-01-01T03:00:00.000","N","Y","291","281","1","0","0"
"500178420150063","2005-01-01T02:44:43.000","QUEENS","7842","ROOSEVELT AVE & 82 ST","QUEENS","11372","110","21","404","24","14","EMS Link/Medical","Initial Alarm","First Alarm","Medical - EMS Link 10-91","Medical Emergencies","16","2005-01-01T02:44:59.000","2005-01-01T02:45:25.000",,"2005-01-01T02:48:05.000","N","N","0","0","1","0","0"
"500143470120071","2005-01-01T02:44:50.000","BRONX","4347","TIEMAN AVE & PELHAM PKWY NORTH","BRONX","10469","49","13","211","11","14","Phone","Initial Alarm","First Alarm","Vehicle Accident - Other","NonMedical Emergencies","81","2005-01-01T02:46:11.000","2005-01-01T02:46:22.000","2005-01-01T02:50:09.000","2005-01-01T03:03:19.000","N","Y","319","238","1","1","0"
"500112210110157","2005-01-01T02:45:17.000","MANHATTAN","1221","1 AVE & 94 ST","MANHATTAN","10128","19","5","108","2","12","Phone","Initial Alarm","First Alarm","Non-Medical 10-91 (Unnecessary Alarm)","NonMedical Emergencies","61","2005-01-01T02:46:18.000","2005-01-01T02:46:40.000","2005-01-01T02:52:34.000","2005-01-01T03:04:35.000","N","Y","437","376","0","1","0"
"500103920140097","2005-01-01T02:45:25.000","BROOKLYN","392","S/S PARK AVE AT ST EDWARDS ST","BROOKLYN","11205","88","35","302","13","8","EMS Link/Medical","Initial Alarm","First Alarm","Medical - EMS Link 10-91","Medical Emergencies","12","2005-01-01T02:45:37.000","2005-01-01T02:45:59.000",,"2005-01-01T02:49:17.000","N","N","0","0","1","0","0"
"500129920120070","2005-01-01T02:45:29.000","BRONX","2992","HARRISON AVE OPP KINGSLAND PL","BRONX","10453","46","14","205","10","15","EMS Link/Medical","Initial Alarm","First Alarm","Medical - Assist Civilian","Medical Emergencies","14","2005-01-01T02:45:43.000","2005-01-01T02:46:08.000","2005-01-01T02:52:38.000","2005-01-01T03:23:32.000","N","Y","429","415","1","0","0"
"500107090110158","2005-01-01T02:46:54.000","MANHATTAN","709","11 AVE & 34 ST","MANHATTAN","10001","10","3","104","2","10","EMS Link/Medical","Initial Alarm","First Alarm","Medical - EMS Link 10-91","Medical Emergencies","17","2005-01-01T02:47:11.000","2005-01-01T02:47:28.000","2005-01-01T02:52:17.000","2005-01-01T02:56:02.000","N","Y","323","306","1","0","0"
"500103580110159","2005-01-01T02:47:28.000","MANHATTAN","358","MACDOUGAL & BLEECKER STS","MANHATTAN","10012","6","1","102","2","10","EMS Link/Medical","Initial Alarm","First Alarm","Medical - EMS Link 10-91","Medical Emergencies","23","2005-01-01T02:47:51.000","2005-01-01T02:48:24.000","2005-01-01T02:52:13.000","2005-01-01T02:53:48.000","N","Y","285","262","1","0","0"
"500104780140098","2005-01-01T02:48:26.000","BROOKLYN","478","HICKS & CLARK STS","BROOKLYN","11201","84","33","302","13","7","Phone","Initial Alarm","First Alarm","Odor - Other Smoke","NonMedical Emergencies","52","2005-01-01T02:49:18.000","2005-01-01T02:49:40.000","2005-01-01T02:51:31.000","2005-01-01T03:05:46.000","N","Y","185","133","3","2","1"
"500146190150066","2005-01-01T02:48:37.000","QUEENS","4619","63RD DR AND ALDERTON ST","QUEENS","11374","112","29","406","28","6","Phone","Initial Alarm","First Alarm","Carbon Monoxide - Code 1 - Investigation","NonMedical Emergencies","67","2005-01-01T02:49:44.000","2005-01-01T02:50:21.000","2005-01-01T02:56:09.000","2005-01-01T03:16:35.000","N","Y","452","385","1","1","0"
"500121470150064","2005-01-01T02:48:43.000","QUEENS","2147","101 AV & 95 ST","QUEENS","11416","102","32","409","27","7","EMS Link/Medical","Initial Alarm","First Alarm","Medical - Assist Civilian","Medical Emergencies","40","2005-01-01T02:49:23.000","2005-01-01T02:49:40.000","2005-01-01T02:52:22.000","2005-01-01T03:01:36.000","N","N","219","179","1","0","0"
"500127970120073","2005-01-01T02:48:58.000","BRONX","2797","MOUNT EDEN & WALTON AVES","BRONX","10452","44","14","204","9","15","EMS Link/Medical","Initial Alarm","First Alarm","Medical - EMS Link 10-91","Medical Emergencies","39","2005-01-01T02:49:37.000","2005-01-01T02:50:26.000","2005-01-01T02:55:07.000","2005-01-01T02:55:52.000","N","N","369","330","1","0","0"
"500113180110160","2005-01-01T02:49:27.000","MANHATTAN","1318","1 AVE & 108 ST","MANHATTAN","10029","23","8","111","4","13","PD Link/Medical","Initial Alarm","First Alarm","Medical - PD Link 10-91","Medical Emergencies","11","2005-01-01T02:49:38.000","2005-01-01T02:50:06.000","2005-01-01T02:55:27.000","2005-01-01T03:07:35.000","N","Y","360","349","1","0","0"
"500109060110161","2005-01-01T02:49:32.000","MANHATTAN","906","PARK AVE & 56 ST","MANHATTAN","10022","18","4","105","2","12","EMS Link/Medical","Initial Alarm","First Alarm","Medical - EMS Link 10-91","Medical Emergencies","13","2005-01-01T02:49:45.000","2005-01-01T02:50:09.000","2005-01-01T02:54:39.000","2005-01-01T03:00:22.000","N","Y","307","294","1","0","0"
"500106180110163","2005-01-01T02:49:54.000","MANHATTAN","618","10 AVE & 23 ST","MANHATTAN","10011","10","3","104","2","10","Phone","DEFAULT RECORD","First Alarm","Non-Medical MFA - Phone","NonMedical MFAs","24","2005-01-01T02:50:18.000","2005-01-01T02:50:45.000","2005-01-01T02:53:37.000","2005-01-01T02:54:25.000","N","Y","223","199","2","2","2"
"500136320120077","2005-01-01T02:49:58.000","BRONX","3632","BARNES AVE & 213 ST","BRONX","10467","47","12","212","11","16","Phone","Initial Alarm","First Alarm","Private Dwelling Fire","Structural Fires","47","2005-01-01T02:50:45.000","2005-01-01T02:51:09.000","2005-01-01T02:53:34.000","2005-01-01T03:08:37.000","N","Y","216","169","3","2","1"
"500130640120076","2005-01-01T02:50:17.000","BRONX","3064","WHITE PLAINS RD & ARCHER ST","BRONX",,,,,,,"ERS No Contact","Initial Alarm","First Alarm","Medical - Assist Civilian","Medical Emergencies","15","2005-01-01T02:50:32.000","2005-01-01T02:50:55.000","2005-01-01T02:52:47.000","2005-01-01T03:45:02.000","N","Y","150","135","1","0","0"
"500114340110165","2005-01-01T02:51:07.000","MANHATTAN","1434","CLAREMONT AVE & 120 ST","MANHATTAN","10027","26","7","109","3","10","Private Fire Alarm","Initial Alarm","First Alarm","Alarm System - Unwarranted","NonMedical Emergencies","65","2005-01-01T02:52:12.000","2005-01-01T02:52:21.000","2005-01-01T02:57:24.000","2005-01-01T03:11:25.000","N","Y","377","312","3","2","1"
"500128500140099","2005-01-01T02:51:51.000","BROOKLYN","2850","17 AVE & 67 ST","BROOKLYN","11204","62","38","311","20","10","Phone","Initial Alarm","First Alarm","Medical - Assist Civilian","Medical Emergencies","72","2005-01-01T02:53:03.000","2005-01-01T02:53:22.000","2005-01-01T02:57:18.000","2005-01-01T03:10:45.000","N","Y","327","255","1","0","0"
"500133840120079","2005-01-01T02:52:14.000","BRONX","3384","WEBB AVE & KINGSBRIDGE RD","BRONX","10468","52","14","207","10","13","EMS Link/Medical","Initial Alarm","First Alarm","Medical - EMS Link 10-91","Medical Emergencies","11","2005-01-01T02:52:25.000","2005-01-01T02:52:51.000","2005-01-01T02:55:59.000","2005-01-01T03:02:30.000","N","Y","225","214","1","0","0"
"500106590110166","2005-01-01T02:52:22.000","MANHATTAN","659","7 AVE & 28 ST","MANHATTAN",,,,,,,"ERS No Contact","DEFAULT RECORD","First Alarm","Non-Medical MFA - ERS No Contact","NonMedical MFAs","8","2005-01-01T02:52:30.000","2005-01-01T02:52:45.000","2005-01-01T02:57:23.000","2005-01-01T02:58:31.000","N","Y","301","293","1","0","0"
"500107290110168","2005-01-01T02:54:36.000","MANHATTAN","729","9  AVE & 36 ST","MANHATTAN","10018","14","3","104","2","10","PD Link/Medical","DEFAULT RECORD","First Alarm","Medical MFA - PD Link","Medical MFAs","252","2005-01-01T02:58:48.000","2005-01-01T02:59:05.000","2005-01-01T03:01:09.000","2005-01-01T03:02:35.000","N","N","393","141","1","0","0"
"500107180110169","2005-01-01T02:54:39.000","MANHATTAN","718","1 AVE & 34 ST","MANHATTAN","10016","17","4","106","2","12","Private Fire Alarm","Initial Alarm","First Alarm","Alarm System - Defective","NonMedical Emergencies","83","2005-01-01T02:56:02.000","2005-01-01T02:56:23.000","2005-01-01T03:00:14.000","2005-01-01T03:15:19.000","N","Y","335","252","1","1","1"
"500183600150067","2005-01-01T02:54:52.000","QUEENS","8360","CROSS IS PKWY 900 FT N BRADOCK AVE","QUEENS","11426","105","23","413","29","3","Phone","Initial Alarm","First Alarm","Vehicle Accident - Other","NonMedical Emergencies","135","2005-01-01T02:57:07.000","2005-01-01T02:57:24.000","2005-01-01T03:02:22.000","2005-01-01T03:04:47.000","N","Y","450","315","2","2","1"
"500133350120081","2005-01-01T02:54:56.000","BRONX","3335","M.L.KING JR BLVD & W.FORDHAM RD","BRONX","10468","52","14","207","10","15","PD Link/Medical","Initial Alarm","First Alarm","Medical - PD Link 10-91","Medical Emergencies","16","2005-01-01T02:55:12.000","2005-01-01T02:55:35.000","2005-01-01T03:02:10.000","2005-01-01T03:03:28.000","N","N","434","418","1","0","0"
"500108090140100","2005-01-01T02:54:59.000","BROOKLYN","809","WILSON AVE & CORNELIA ST","BROOKLYN","11221","83","37","304","32","7","Phone","Initial Alarm","First Alarm","Odor - Other Smoke","NonMedical Emergencies","60","2005-01-01T02:55:59.000","2005-01-01T02:56:23.000","2005-01-01T02:59:11.000","2005-01-01T03:06:32.000","N","Y","252","192","3","2","1"
"500144970120082","2005-01-01T02:55:39.000","BRONX","4497","BAYCHESTER AVE OPP BLDG #16","BRONX",,,,,,,"ERS No Contact","DEFAULT RECORD","First Alarm","Non-Medical MFA - ERS No Contact","NonMedical MFAs","9","2005-01-01T02:55:48.000","2005-01-01T02:56:01.000","2005-01-01T02:59:20.000","2005-01-01T02:59:41.000","N","Y","221","212","1","0","0"
"500116460110170","2005-01-01T02:56:01.000","MANHATTAN","1646","8 AVE & 150 ST","MANHATTAN","10039","32","9","110","5","13","Phone","Initial Alarm","First Alarm","Utility Emergency - Water","NonMedical Emergencies","33","2005-01-01T02:56:34.000","2005-01-01T02:57:01.000","2005-01-01T03:01:35.000","2005-01-01T03:20:36.000","N","Y","334","301","0","1","0"
"500110780140101","2005-01-01T02:56:49.000","BROOKLYN","1078","WASHINGTON AVE & CROWN ST","BROOKLYN","11225","71","35","309","17","9","Phone","7-5 (All Hands Alarm)","All Hands Working","Multiple Dwelling 'A' - Other fire","Structural Fires","51","2005-01-01T02:57:40.000","2005-01-01T02:58:00.000","2005-01-01T03:00:00.000","2005-01-01T11:12:56.000","N","Y","191","140","4","7","7"
"500110780140101","2005-01-01T02:56:49.000","BROOKLYN","1078","WASHINGTON AVE & CROWN ST","BROOKLYN","11225","71","35","309","17","9","Phone","7-5 (All Hands Alarm)","Seventh Alarm","Multiple Dwelling 'A' - Other fire","Structural Fires","51","2005-01-01T02:57:40.000","2005-01-01T02:58:00.000","2005-01-01T03:00:00.000","2005-01-01T11:12:56.000","N","Y","191","140","4","7","7"
"500172890150068","2005-01-01T02:57:52.000","QUEENS","7289","QUEENS BLVD & 46 ST","QUEENS","11104","108","26","402","24","14","PD Link/Medical","Initial Alarm","First Alarm","Medical - Assist Civilian","Medical Emergencies","16","2005-01-01T02:58:08.000","2005-01-01T02:58:49.000","2005-01-01T03:03:17.000","2005-01-01T03:14:03.000","N","Y","325","309","1","0","0"
"500193470150069","2005-01-01T02:58:37.000","QUEENS","9347","32 AVE & 105 ST","QUEENS","11369","115","21","403","24","14","Phone","Initial Alarm","First Alarm","Defective Oil Burner","NonMedical Emergencies","63","2005-01-01T02:59:40.000","2005-01-01T02:59:52.000","2005-01-01T03:04:20.000","2005-01-01T03:15:15.000","N","Y","343","280","3","2","1"
"500108580110171","2005-01-01T02:59:18.000","MANHATTAN","858","3 AVE & 50 ST","MANHATTAN","10022","17","4","106","2","12","PD Link/Medical","DEFAULT RECORD","First Alarm","Medical MFA - PD Link","Medical MFAs","72","2005-01-01T03:00:30.000","2005-01-01T03:02:08.000","2005-01-01T03:04:30.000","2005-01-01T03:10:46.000","N","N","312","240","1","0","0"
"500109070110174","2005-01-01T03:01:03.000","MANHATTAN","907","5 AVE & 56 ST","MANHATTAN","10019","18","4","105","2","12","PD Link/Medical","Initial Alarm","First Alarm","Medical - PD Link 10-91","Medical Emergencies","8","2005-01-01T03:01:11.000","2005-01-01T03:01:27.000",,"2005-01-01T03:03:23.000","N","N","0","0","1","0","0"
"500105790510175","2005-01-01T03:01:17.000","MANHATTAN","579","AVE OF AMERICAS & 18 ST","MANHATTAN","10011","13","3","104","2","12","Verbal","Initial Alarm","First Alarm","Non-Medical 10-91 (Unnecessary Alarm)","NonMedical Emergencies","26","2005-01-01T03:01:43.000","2005-01-01T03:01:43.000","2005-01-01T03:03:02.000","2005-01-01T03:06:27.000","N","Y","105","79","1","0","0"
"500109270140114","2005-01-01T03:03:15.000","BROOKLYN","927","THROOP AVE & FULTON ST","BROOKLYN","11216","79","36","303","13","8","EMS Link/Medical","Initial Alarm","First Alarm","Medical - EMS Link 10-91","Medical Emergencies","49","2005-01-01T03:04:04.000","2005-01-01T03:04:24.000",,"2005-01-01T03:06:16.000","N","N","0","0","1","0","0"
"500121970130014","2005-01-01T03:04:00.000","RICHMOND / STATEN ISLAND","2197","MERRILL AVE & FIRTH RD\OCEANIC VFD","RICHMOND / STATEN ISLAND",,,,,,,"BARS","DEFAULT RECORD","First Alarm","Non-Medical MFA - BARS","NonMedical MFAs","13","2005-01-01T03:04:13.000","2005-01-01T03:04:23.000","2005-01-01T03:07:45.000","2005-01-01T03:08:09.000","N","Y","225","212","2","2","1"
"500174720150071","2005-01-01T03:04:01.000","QUEENS","7472","30TH AVE AND 37TH ST","QUEENS","11103","114","22","401","30","12","Phone","Initial Alarm","First Alarm","Demolition Debris or Rubbish Fire","NonStructural Fires","54","2005-01-01T03:04:55.000","2005-01-01T03:05:09.000","2005-01-01T03:09:51.000","2005-01-01T03:19:42.000","N","Y","350","296","3","2","1"
"500133550120083","2005-01-01T03:06:19.000","BRONX","3355","VALENTINE AVE & FORDHAM RD","BRONX","10458","52","15","207","10","13","PD Link/Medical","Initial Alarm","First Alarm","Medical - Assist Civilian","Medical Emergencies","12","2005-01-01T03:06:31.000","2005-01-01T03:06:57.000","2005-01-01T03:11:19.000","2005-01-01T03:23:46.000","N","Y","300","288","1","0","0"
"500127600120084","2005-01-01T03:06:26.000","BRONX","2760","JESUP PL-BIRD PL & SHAKESPEARE AVE","BRONX","10452","44","16","204","9","15","EMS Link/Medical","Initial Alarm","First Alarm","Medical - Assist Civilian","Medical Emergencies","12","2005-01-01T03:06:38.000","2005-01-01T03:07:00.000","2005-01-01T03:12:36.000","2005-01-01T03:36:40.000","N","Y","370","358","1","0","0"
"500118860110176","2005-01-01T03:07:01.000","MANHATTAN","1886","159 ST & HARLEM RV DR SVC/RD","MANHATTAN",,,,,,,"ERS No Contact","DEFAULT RECORD","First Alarm","Non-Medical MFA - ERS No Contact","NonMedical MFAs","9","2005-01-01T03:07:10.000","2005-01-01T03:07:24.000","2005-01-01T03:12:22.000","2005-01-01T03:14:35.000","N","Y","321","312","1","0","0"
"500133630140115","2005-01-01T03:09:11.000","BROOKLYN","3363","AVE T & EAST 8 ST","BROOKLYN","11223","61","47","315","21","11","Phone","Initial Alarm","First Alarm","Multiple Dwelling 'A' - Other fire","Structural Fires","42","2005-01-01T03:09:53.000","2005-01-01T03:10:14.000","2005-01-01T03:12:37.000","2005-01-01T04:36:26.000","N","Y","206","164","3","2","1"
"500125080140116","2005-01-01T03:10:26.000","BROOKLYN","2508","DITMAS AVE & OCEAN PKWY","BROOKLYN","11218","66","39","312","20","10","Phone","Initial Alarm","First Alarm","Non-Medical 10-91 (Unnecessary Alarm)","NonMedical Emergencies","24","2005-01-01T03:10:50.000","2005-01-01T03:11:10.000","2005-01-01T03:14:34.000","2005-01-01T03:23:06.000","N","Y","248","224","1","1","0"
"500126240140117","2005-01-01T03:10:57.000","BROOKLYN","2624","7 AVE & 57 ST","BROOKLYN","11220","72","38","307","20","7","Phone","Initial Alarm","First Alarm","Demolition Debris or Rubbish Fire","NonStructural Fires","52","2005-01-01T03:11:49.000","2005-01-01T03:12:04.000","2005-01-01T03:15:04.000","2005-01-01T03:28:08.000","N","Y","247","195","3","2","1"
"500131130120085","2005-01-01T03:11:12.000","BRONX","3113","BURNSIDE & ANDREWS AVES","BRONX","10453","46","14","205","10","15","Phone","Initial Alarm","First Alarm","Assist Civilian - Non-Medical","NonMedical Emergencies","100","2005-01-01T03:12:52.000","2005-01-01T03:13:25.000","2005-01-01T03:16:15.000","2005-01-01T03:23:45.000","N","Y","303","203","0","1","0"
"500124070130015","2005-01-01T03:11:48.000","RICHMOND / STATEN ISLAND","2407","CORONA AVE & ATMORE PL\RICHMOND VFD","RICHMOND / STATEN ISLAND","10306","122","51","503","31","11","Phone","Initial Alarm","First Alarm","Carbon Monoxide - Code 1 - Investigation","NonMedical Emergencies","47","2005-01-01T03:12:35.000","2005-01-01T03:12:52.000","2005-01-01T03:18:37.000","2005-01-01T03:29:24.000","N","Y","409","362","1","1","0"
"500119980150072","2005-01-01T03:12:37.000","QUEENS","1998","121 AVE & SUTPHIN BLVD","QUEENS","11434","113","28","412","27","5","PD Link/Medical","Initial Alarm","First Alarm","Medical - PD Link 10-91","Medical Emergencies","9","2005-01-01T03:12:46.000","2005-01-01T03:13:06.000","2005-01-01T03:16:33.000","2005-01-01T03:26:09.000","N","Y","236","227","1","0","0"
"500107970210177","2005-01-01T03:12:55.000","MANHATTAN","797","8 AVE & 43 ST","MANHATTAN","10036","14","3","104","2","12","PD Link/Medical","Initial Alarm","First Alarm","Medical - PD Link 10-91","Medical Emergencies","7","2005-01-01T03:13:02.000","2005-01-01T03:13:27.000",,"2005-01-01T03:16:49.000","N","N","0","0","1","0","0"
"500107560140119","2005-01-01T03:13:01.000","BROOKLYN","756","BUSHWICK & VAN BUREN ST","BROOKLYN","11221","83","34","304","32","7","Phone","Initial Alarm","First Alarm","Multiple Dwelling 'A' - Food on the stove fire","Structural Fires","49","2005-01-01T03:13:50.000","2005-01-01T03:14:12.000","2005-01-01T03:17:40.000","2005-01-01T03:36:53.000","N","Y","279","230","3","2","1"
"500102130140118","2005-01-01T03:13:17.000","BROOKLYN","213","SOUTH 1ST & BERRY STS","BROOKLYN",,,,,,,"ERS No Contact","Initial Alarm","First Alarm","Non-Medical 10-91 (Unnecessary Alarm)","NonMedical Emergencies","5","2005-01-01T03:13:22.000","2005-01-01T03:13:38.000","2005-01-01T03:18:50.000","2005-01-01T03:22:18.000","N","Y","333","328","1","0","0"
"500151310150073","2005-01-01T03:15:07.000","QUEENS","5131","107 AVE & 115 ST","QUEENS","11419","106","28","410","27","5","Phone","Initial Alarm","First Alarm","Multiple Dwelling 'A' - Food on the stove fire","Structural Fires","111","2005-01-01T03:16:58.000","2005-01-01T03:17:15.000","2005-01-01T03:19:07.000","2005-01-01T03:32:12.000","N","Y","240","129","3","2","1"
"500109440140120","2005-01-01T03:15:13.000","BROOKLYN","944","NOSTRAND AVE & MACON ST","BROOKLYN","11216","79","36","303","13","8","Private Fire Alarm","Initial Alarm","First Alarm","Alarm System - Unwarranted","NonMedical Emergencies","65","2005-01-01T03:16:18.000","2005-01-01T03:16:35.000","2005-01-01T03:19:38.000","2005-01-01T03:26:13.000","N","Y","265","200","1","1","1"
"500104710110178","2005-01-01T03:15:19.000","MANHATTAN","471","3 AVE & 14 ST","MANHATTAN","10003","9","2","103","1","12","PD Link/Medical","Initial Alarm","First Alarm","Medical - PD Link 10-91","Medical Emergencies","8","2005-01-01T03:15:27.000","2005-01-01T03:15:48.000","2005-01-01T03:18:08.000","2005-01-01T03:24:34.000","N","Y","169","161","1","0","0"
"500108580410179","2005-01-01T03:15:22.000","MANHATTAN","858","3 AVE & 50 ST","MANHATTAN","10022","17","4","106","2","12","PD Link/Medical","Initial Alarm","First Alarm","Medical - PD Link 10-91","Medical Emergencies","9","2005-01-01T03:15:31.000","2005-01-01T03:16:12.000",,"2005-01-01T03:17:56.000","N","N","0","0","1","0","0"
"500183320110180","2005-01-01T03:17:38.000","MANHATTAN","8332","WARDS IS-MANHATTAN PSYC CENTER-TEL RM","MANHATTAN","10035","25","8","111","4","12","PD Link/Medical","Initial Alarm","First Alarm","Medical - PD Link 10-91","Medical Emergencies","8","2005-01-01T03:17:46.000","2005-01-01T03:18:12.000",,"2005-01-01T03:25:46.000","N","N","0","0","1","0","0"
"500139320140122","2005-01-01T03:21:23.000","BROOKLYN","3932","ROCKAWAY AVE & HERKIMER ST","BROOKLYN","11233","73","37","316","23","8","Verbal","Initial Alarm","First Alarm","Assist Civilian - Non-Medical","NonMedical Emergencies","44","2005-01-01T03:22:07.000","2005-01-01T03:22:07.000","2005-01-01T03:22:22.000","2005-01-01T03:25:53.000","N","Y","59","15","1","0","0"
"500109200140123","2005-01-01T03:22:18.000","BROOKLYN","920","ALBANY AVE & PROSPECT PL","BROOKLYN","11213","77","36","308","17","9","PD Link/Medical","Initial Alarm","First Alarm","Medical - Assist Civilian","Medical Emergencies","66","2005-01-01T03:23:24.000","2005-01-01T03:23:49.000","2005-01-01T03:31:17.000","2005-01-01T05:10:22.000","N","N","539","473","1","0","0"
"500126010140125","2005-01-01T03:22:41.000","BROOKLYN","2601","9 AVE & 51 ST","BROOKLYN","11219","66","38","312","20","10","Phone","Initial Alarm","First Alarm","Private Dwelling Fire","Structural Fires","47","2005-01-01T03:23:28.000","2005-01-01T03:23:51.000","2005-01-01T03:29:24.000","2005-01-01T03:55:11.000","N","Y","403","356","4","3","2"
"500107410110181","2005-01-01T03:22:57.000","MANHATTAN","741","7  AVE & 37 ST","MANHATTAN","10018","14","3","105","2","12","PD Link/Medical","Initial Alarm","First Alarm","Medical - PD Link 10-91","Medical Emergencies","6","2005-01-01T03:23:03.000","2005-01-01T03:23:22.000","2005-01-01T03:26:56.000","2005-01-01T03:28:39.000","N","Y","239","233","1","0","0"
"500126870140126","2005-01-01T03:23:12.000","BROOKLYN","2687","9 AVE & 59 ST","BROOKLYN","11220","66","38","312","20","7","Phone","DEFAULT RECORD","First Alarm","Non-Medical MFA - Phone","NonMedical MFAs","54","2005-01-01T03:24:06.000","2005-01-01T03:24:31.000","2005-01-01T03:31:09.000","2005-01-01T03:32:02.000","N","Y","477","423","1","0","0"
"500109290110182","2005-01-01T03:25:29.000","MANHATTAN","929","9 AVE & 58 ST","MANHATTAN","10019","18","3","104","2","10","Phone","Initial Alarm","First Alarm","Utility Emergency - Water","NonMedical Emergencies","28","2005-01-01T03:25:57.000","2005-01-01T03:26:53.000","2005-01-01T03:31:16.000","2005-01-01T03:35:40.000","N","Y","347","319","0","1","0"
"500105120110185","2005-01-01T03:25:48.000","MANHATTAN","512","WASHINGTON & CHARLES STS","MANHATTAN","10014","6","3","102","2","10","Phone","Initial Alarm","First Alarm","Vehicle Accident - Other","NonMedical Emergencies","54","2005-01-01T03:26:42.000","2005-01-01T03:27:03.000","2005-01-01T03:30:36.000","2005-01-01T03:47:42.000","N","Y","288","234","1","1","2"
"500112580110183","2005-01-01T03:26:05.000","MANHATTAN","1258","LEXINGTON AVE & 99 ST","MANHATTAN","10029","23","5","111","2","13","EMS Link/Medical","Initial Alarm","First Alarm","Medical - Assist Civilian","Medical Emergencies","7","2005-01-01T03:26:12.000","2005-01-01T03:26:33.000","2005-01-01T03:30:28.000","2005-01-01T03:46:24.000","N","Y","263","256","1","0","0"
"500103880110184","2005-01-01T03:26:25.000","MANHATTAN","388","GREENE ST & WASHINGTON PL","MANHATTAN","10003","6","1","102","2","10","EMS Link/Medical","Initial Alarm","First Alarm","Medical - EMS Link 10-91","Medical Emergencies","9","2005-01-01T03:26:34.000","2005-01-01T03:27:05.000","2005-01-01T03:30:46.000","2005-01-01T03:45:24.000","N","Y","261","252","1","0","0"
"500106430110186","2005-01-01T03:26:28.000","MANHATTAN","643","5 AVE & 26 ST","MANHATTAN","10010","13","2","105","2","12","EMS Link/Medical","Initial Alarm","First Alarm","Medical - EMS Link 10-91","Medical Emergencies","18","2005-01-01T03:26:46.000","2005-01-01T03:27:20.000",,"2005-01-01T03:32:19.000","N","N","0","0","1","0","0"
"500175570150074","2005-01-01T03:26:54.000","QUEENS","7557","DITMARS BLVD AND 33RD ST","QUEENS","11105","114","22","401","30","14","EMS Link/Medical","Initial Alarm","First Alarm","Medical - Assist Civilian","Medical Emergencies","19","2005-01-01T03:27:13.000","2005-01-01T03:27:36.000","2005-01-01T03:29:36.000","2005-01-01T03:50:53.000","N","Y","162","143","1","0","0"
"500110820150075","2005-01-01T03:27:09.000","QUEENS","1082","BEACH 25 ST & SEAGIRT BLVD","QUEENS",,,,,,,"EMS Link/Medical","Initial Alarm","First Alarm","Medical - EMS Link 10-91","Medical Emergencies","9","2005-01-01T03:27:18.000","2005-01-01T03:27:43.000","2005-01-01T03:38:02.000","2005-01-01T03:42:37.000","N","Y","653","644","1","0","0"
"500106760110187","2005-01-01T03:27:18.000","MANHATTAN","676","9 AVE & 30 ST","MANHATTAN","10001","14","3","104","2","10","EMS Link/Medical","Initial Alarm","First Alarm","Medical - Assist Civilian","Medical Emergencies","313","2005-01-01T03:32:31.000","2005-01-01T03:32:54.000","2005-01-01T03:36:21.000","2005-01-01T03:51:16.000","N","N","543","230","1","0","0"
"500108310240131","2005-01-01T03:27:46.000","BROOKLYN","831","BUSHWICK AVE & HANCOCK ST","BROOKLYN","11221","83","37","304","32","8","EMS Link/Medical","Initial Alarm","First Alarm","Medical - EMS Link 10-91","Medical Emergencies","33","2005-01-01T03:28:19.000","2005-01-01T03:28:42.000","2005-01-01T03:31:12.000","2005-01-01T03:36:23.000","N","Y","206","173","1","0","0"
"500115180130016","2005-01-01T03:28:39.000","RICHMOND / STATEN ISLAND","1518","GANSEVOORT AND HOLDEN BLVDS","RICHMOND / STATEN ISLAND",,,,,,,"ERS No Contact","DEFAULT RECORD","First Alarm","Non-Medical MFA - ERS No Contact","NonMedical MFAs","8","2005-01-01T03:28:47.000","2005-01-01T03:29:08.000","2005-01-01T03:35:14.000","2005-01-01T03:36:50.000","N","Y","395","387","1","0","0"
"500175830150077","2005-01-01T03:29:13.000","QUEENS","7583","21ST AVE AND 35TH ST","QUEENS","11105","114","22","401","30","14","Phone","Initial Alarm","First Alarm","Utility Emergency - Water","NonMedical Emergencies","72","2005-01-01T03:30:25.000","2005-01-01T03:30:43.000","2005-01-01T03:36:43.000","2005-01-01T03:57:05.000","N","Y","450","378","0","1","0"
"500131820220090","2005-01-01T03:29:23.000","BRONX","3182","CRESTON AVE & 182 ST","BRONX","10453","46","14","205","10","15","Verbal","Initial Alarm","First Alarm","Medical - Assist Civilian","Medical Emergencies","55","2005-01-01T03:30:18.000","2005-01-01T03:30:54.000","2005-01-01T03:35:31.000","2005-01-01T03:47:36.000","N","Y","368","313","1","0","0"
"500142160120091","2005-01-01T03:31:35.000","BRONX","4216","ZULETTE AND HOLLYWOOD AVES","BRONX","10461","45","13","210","8","14","EMS Link/Medical","Initial Alarm","First Alarm","Medical - EMS Link 10-91","Medical Emergencies","45","2005-01-01T03:32:20.000","2005-01-01T03:32:52.000","2005-01-01T03:37:25.000","2005-01-01T03:59:07.000","N","N","350","305","1","0","0"
"500104710210190","2005-01-01T03:32:48.000","MANHATTAN","471","3 AVE & 14 ST","MANHATTAN","10003","9","2","103","1","12","PD Link/Medical","Initial Alarm","First Alarm","Medical - Assist Civilian","Medical Emergencies","13","2005-01-01T03:33:01.000",,"2005-01-01T03:33:25.000","2005-01-01T03:51:55.000","N","Y","37","24","1","0","0"
"500103390110191","2005-01-01T03:33:05.000","MANHATTAN","339","BOWERY & HOUSTON ST","MANHATTAN","10002","5","1","103","1","7","ERS No Contact","Initial Alarm","First Alarm","Medical - Assist Civilian","Medical Emergencies","5","2005-01-01T03:33:10.000","2005-01-01T03:33:33.000","2005-01-01T03:37:53.000","2005-01-01T03:51:30.000","N","Y","288","283","1","0","0"
"500142040120092","2005-01-01T03:33:11.000","BRONX","4204","COMMERCE AVE AND BUTLER PL","BRONX","10461","45","13","210","11","14","PD Link/Medical","Initial Alarm","First Alarm","Medical - PD Link 10-91","Medical Emergencies","21","2005-01-01T03:33:32.000","2005-01-01T03:34:02.000","2005-01-01T03:37:00.000","2005-01-01T03:40:27.000","N","Y","229","208","1","0","0"
"500116870210193","2005-01-01T03:33:19.000","MANHATTAN","1687","RIVERSIDE DR & 162 ST","MANHATTAN","10032","33","7","112","6","13","Phone","Initial Alarm","First Alarm","Utility Emergency - Water","NonMedical Emergencies","60","2005-01-01T03:34:19.000","2005-01-01T03:35:25.000","2005-01-01T03:39:59.000","2005-01-01T03:46:01.000","N","Y","400","340","0","1","0"
"500175700150078","2005-01-01T03:34:07.000","QUEENS","7570","20TH AVE AND 19TH ST","QUEENS","11105","114","22","401","30","14","Phone","DEFAULT RECORD","First Alarm","Non-Medical MFA - Phone","NonMedical MFAs","76","2005-01-01T03:35:23.000","2005-01-01T03:35:44.000","2005-01-01T03:44:05.000","2005-01-01T03:56:46.000","N","Y","598","522","1","0","0"
"500101760110195","2005-01-01T03:34:11.000","MANHATTAN","176","CENTER & CANAL STS","MANHATTAN","10013","5","1","101","2","10","Phone","Initial Alarm","First Alarm","Demolition Debris or Rubbish Fire","NonStructural Fires","33","2005-01-01T03:34:44.000","2005-01-01T03:34:55.000","2005-01-01T03:38:51.000","2005-01-01T03:53:15.000","N","Y","280","247","2","1","0"
"500108830110194","2005-01-01T03:34:16.000","MANHATTAN","883","8 AVE & 53 ST","MANHATTAN","10019","18","3","104","2","10","EMS Link/Medical","Initial Alarm","First Alarm","Medical - Assist Civilian","Medical Emergencies","7","2005-01-01T03:34:23.000","2005-01-01T03:34:49.000","2005-01-01T03:37:46.000","2005-01-01T04:16:49.000","N","Y","210","203","1","0","0"
"500127560120093","2005-01-01T03:35:52.000","BRONX","2756","ED. L. GRANT HIGHWAY & W PLIMPTON","BRONX","10452","44","16","204","9","15","PD Link/Medical","Initial Alarm","First Alarm","Medical - Assist Civilian","Medical Emergencies","56","2005-01-01T03:36:48.000","2005-01-01T03:37:18.000","2005-01-01T03:39:48.000","2005-01-01T04:14:36.000","N","Y","236","180","1","1","1"
"500107250110197","2005-01-01T03:35:59.000","MANHATTAN","725","8 AVE & 35 ST","MANHATTAN","10018","14","3","104","2","10","PD Link/Medical","DEFAULT RECORD","First Alarm","Medical MFA - PD Link","Medical MFAs","9","2005-01-01T03:36:08.000","2005-01-01T03:36:31.000","2005-01-01T03:41:28.000","2005-01-01T03:44:23.000","N","Y","329","320","1","0","0"
"500184540140133","2005-01-01T03:37:04.000","BROOKLYN","8454","GOWANUS EXPY BET 39 ST & BATTERY TUNNEL","BROOKLYN","11231","76","39","306","15","7","Verbal","Initial Alarm","First Alarm","Medical - Assist Civilian","Medical Emergencies","65","2005-01-01T03:38:09.000","2005-01-01T03:38:34.000","2005-01-01T03:45:12.000","2005-01-01T04:37:59.000","N","Y","488","423","4","5","1"
"500103380110205","2005-01-01T03:38:21.000","MANHATTAN","338","CROSBY & JERSEY STS","MANHATTAN","10012","5","1","102","2","12","EMS Link/Medical","Initial Alarm","First Alarm","Medical - EMS Link 10-91","Medical Emergencies","438","2005-01-01T03:45:39.000","2005-01-01T03:46:37.000","2005-01-01T03:51:30.000","2005-01-01T03:53:06.000","N","N","789","351","1","0","0"
"500127460120094","2005-01-01T03:38:44.000","BRONX","2746","CLINTON AVE & 170 ST","BRONX","10456","42","16","203","9","15","PD Link/Medical","DEFAULT RECORD","First Alarm","Medical MFA - PD Link","Medical MFAs","52","2005-01-01T03:39:36.000","2005-01-01T03:40:03.000","2005-01-01T03:45:01.000","2005-01-01T03:47:23.000","N","Y","377","325","1","1","0"
"500132130150079","2005-01-01T03:39:08.000","QUEENS","3213","65 RD & YELLOWSTONE BLVD","QUEENS","11375","112","29","406","28","6","EMS Link/Medical","Initial Alarm","First Alarm","Medical - Assist Civilian","Medical Emergencies","10","2005-01-01T03:39:18.000","2005-01-01T03:39:44.000","2005-01-01T03:43:51.000","2005-01-01T03:58:00.000","N","Y","283","273","1","0","0"
"500123650120095","2005-01-01T03:39:25.000","BRONX","2365","SENECA AVE & FAILE ST","BRONX","10474","41","17","202","8","15","EMS Link/Medical","Initial Alarm","First Alarm","Medical - EMS Link 10-91","Medical Emergencies","16","2005-01-01T03:39:41.000","2005-01-01T03:41:59.000","2005-01-01T03:45:44.000","2005-01-01T03:45:58.000","N","Y","379","363","1","0","0"
"500108840140135","2005-01-01T03:40:20.000","BROOKLYN","884","STUYVESANT AVE & HANCOCK ST","BROOKLYN","11233","81","36","303","16","8","Phone","Initial Alarm","First Alarm","Private Dwelling Fire","Structural Fires","50","2005-01-01T03:41:10.000","2005-01-01T03:41:23.000","2005-01-01T03:42:58.000","2005-01-01T03:51:19.000","N","Y","158","108","3","2","1"
"500115030110209","2005-01-01T03:40:54.000","MANHATTAN","1503","PARK AVE & 128 ST","MANHATTAN","10035","25","9","111","5","13","PD Link/Medical","Initial Alarm","First Alarm","Medical - PD Link 10-91","Medical Emergencies","7","2005-01-01T03:41:01.000","2005-01-01T03:41:30.000",,"2005-01-01T03:47:37.000","N","N","0","0","1","0","0"
"500110660140137","2005-01-01T03:41:53.000","BROOKLYN","1066","FRANKLIN AVE & STERLING PL","BROOKLYN","11238","77","35","308","17","9","Phone","DEFAULT RECORD","First Alarm","Non-Medical MFA - Phone","NonMedical MFAs","35","2005-01-01T03:42:28.000","2005-01-01T03:42:47.000","2005-01-01T03:44:49.000","2005-01-01T03:51:05.000","N","Y","176","141","3","1","1"
"500109260140136","2005-01-01T03:42:08.000","BROOKLYN","926","FULTON ST & MARCUS GARVEY BLVD/SUMNER AV","BROOKLYN","11213","81","36","303","16","8","PD Link/Medical","Initial Alarm","First Alarm","Medical - PD Link 10-91","Medical Emergencies","560","2005-01-01T03:51:28.000","2005-01-01T03:51:54.000",,"2005-01-01T03:53:55.000","N","N","0","0","1","0","0"
"500196500150080","2005-01-01T03:42:22.000","QUEENS","9650","89 AVE & 118 ST","QUEENS","11418","102","29","409","27","5","PD Link/Medical","Initial Alarm","First Alarm","Medical - Assist Civilian","Medical Emergencies","8","2005-01-01T03:42:30.000","2005-01-01T03:42:54.000","2005-01-01T03:46:11.000","2005-01-01T03:55:39.000","N","Y","229","221","1","0","0"
"500128610120097","2005-01-01T03:42:39.000","BRONX","2861","CASTLE HILL & BLACKROCK AVES","BRONX","10472","43","18","209","8","15","EMS Link/Medical","Initial Alarm","First Alarm","Medical - EMS Link 10-91","Medical Emergencies","62","2005-01-01T03:43:41.000","2005-01-01T03:44:27.000","2005-01-01T03:49:18.000","2005-01-01T03:51:09.000","N","Y","399","337","1","0","0"
"500150100150082","2005-01-01T03:42:59.000","QUEENS","5010","108 AVE & 159 ST","QUEENS","11433","103","28","412","28","5","Phone","Initial Alarm","First Alarm","Utility Emergency - Gas","NonMedical Emergencies","134","2005-01-01T03:45:13.000","2005-01-01T03:45:31.000","2005-01-01T03:49:37.000","2005-01-01T04:32:32.000","N","Y","398","264","2","2","1"
"500109360110210","2005-01-01T03:43:23.000","MANHATTAN","936","LEXINGTON AVE & 59 ST","MANHATTAN","10022","19","4","108","2","12","EMS Link/Medical","Initial Alarm","First Alarm","Medical - EMS Link 10-91","Medical Emergencies","8","2005-01-01T03:43:31.000","2005-01-01T03:43:49.000","2005-01-01T03:48:19.000","2005-01-01T03:48:48.000","N","Y","296","288","1","0","0"
"500112850110212","2005-01-01T03:44:21.000","MANHATTAN","1285","CENTRAL PARK W & 103 ST","MANHATTAN","10025","24","7","107","3","13","Phone","Initial Alarm","First Alarm","Defective Oil Burner","NonMedical Emergencies","66","2005-01-01T03:45:27.000","2005-01-01T03:45:37.000","2005-01-01T03:49:13.000","2005-01-01T04:04:13.000","N","Y","292","226","3","2","1"
"500133890120098","2005-01-01T03:44:36.000","BRONX","3389","HEATH AVE & KINGSBRIDGE RD","BRONX","10463","50","14","208","10","13","PD Link/Medical","DEFAULT RECORD","First Alarm","Medical MFA - PD Link","Medical MFAs","12","2005-01-01T03:44:48.000","2005-01-01T03:45:11.000","2005-01-01T03:49:39.000","2005-01-01T03:54:13.000","N","Y","303","291","1","0","0"
"500117090110211","2005-01-01T03:44:59.000","MANHATTAN","1709","BROADWAY & 171 ST","MANHATTAN","10032","33","10","112","6","13","PD Link/Medical","Initial Alarm","First Alarm","Medical - PD Link 10-91","Medical Emergencies","7","2005-01-01T03:45:06.000","2005-01-01T03:45:38.000","2005-01-01T03:48:36.000","2005-01-01T03:52:12.000","N","Y","217","210","1","0","0"
"500108150210213","2005-01-01T03:45:54.000","MANHATTAN","815","8 AVE & 45 ST","MANHATTAN","10036","18","3","104","2","12","EMS Link/Medical","Initial Alarm","First Alarm","Medical - EMS Link 10-91","Medical Emergencies","14","2005-01-01T03:46:08.000","2005-01-01T03:46:46.000","2005-01-01T03:51:50.000","2005-01-01T03:52:20.000","N","Y","356","342","1","0","0"
"500100680130017","2005-01-01T03:46:33.000","RICHMOND / STATEN ISLAND","68","HENDRICKS AVE & JERSEY ST","RICHMOND / STATEN ISLAND",,,,,,,"ERS No Contact","DEFAULT RECORD","First Alarm","Non-Medical MFA - ERS No Contact","NonMedical MFAs","10","2005-01-01T03:46:43.000","2005-01-01T03:47:03.000","2005-01-01T03:49:29.000","2005-01-01T03:50:14.000","N","Y","176","166","1","0","0"
"500106150110215","2005-01-01T03:47:18.000","MANHATTAN","615","AVE OF AMERICAS & W 23 ST","MANHATTAN","10010","13","3","104","2","12","EMS Link/Medical","Initial Alarm","First Alarm","Medical - EMS Link 10-91","Medical Emergencies","32","2005-01-01T03:47:50.000","2005-01-01T03:48:19.000","2005-01-01T03:51:29.000","2005-01-01T04:04:18.000","N","N","251","219","1","0","0"
"500104150130018","2005-01-01T03:47:54.000","RICHMOND / STATEN ISLAND","415","WARREN & HILL ST","RICHMOND / STATEN ISLAND","10304","120","49","501","31","11","Phone","Initial Alarm","First Alarm","Odor - Other Than Smoke","NonMedical Emergencies","69","2005-01-01T03:49:03.000","2005-01-01T03:49:23.000","2005-01-01T03:52:05.000","2005-01-01T04:02:10.000","N","Y","251","182","3","2","1"
"500123460140139","2005-01-01T03:48:00.000","BROOKLYN","2346","AVE D & EAST 52 ST","BROOKLYN","11203","67","45","317","18","9","EMS Link/Medical","Initial Alarm","First Alarm","Medical - EMS Link 10-91","Medical Emergencies","6","2005-01-01T03:48:06.000","2005-01-01T03:48:26.000",,"2005-01-01T03:55:47.000","N","N","0","0","1","0","0"
"500100890140141","2005-01-01T03:48:12.000","BROOKLYN","89","NASSAU AVE & MC GUINNESS BLVD","BROOKLYN","11222","94","33","301","14","12","PD Link/Medical","Initial Alarm","First Alarm","Medical - PD Link 10-91","Medical Emergencies","10","2005-01-01T03:48:22.000","2005-01-01T03:48:47.000",,"2005-01-01T03:49:06.000","N","N","0","0","1","0","0"
"500144890120099","2005-01-01T03:48:20.000","BRONX","4489","CO-OP CITY BLVD & BELLAMY LOOP SOUTH","BRONX","10475","45","12","210","11","16","ERS No Contact","Initial Alarm","First Alarm","Demolition Debris or Rubbish Fire","NonStructural Fires","23","2005-01-01T03:48:43.000","2005-01-01T03:49:41.000","2005-01-01T03:52:55.000","2005-01-01T04:05:12.000","N","Y","275","252","1","0","0"
"500102420140143","2005-01-01T03:48:35.000","BROOKLYN","242","UNION AVE & AINSLIE ST","BROOKLYN","11211","90","34","301","14","7","Phone","Initial Alarm","First Alarm","Demolition Debris or Rubbish Fire","NonStructural Fires","40","2005-01-01T03:49:15.000","2005-01-01T03:49:37.000","2005-01-01T03:52:50.000","2005-01-01T03:57:21.000","N","Y","255","215","1","0","0"
"500113470110217","2005-01-01T03:49:24.000","MANHATTAN","1347","3 AVE & 112 ST","MANHATTAN","10029","23","8","111","4","13","EMS Link/Medical","Initial Alarm","First Alarm","Medical - Assist Civilian","Medical Emergencies","8","2005-01-01T03:49:32.000","2005-01-01T03:49:57.000","2005-01-01T03:52:58.000","2005-01-01T04:06:31.000","N","Y","214","206","1","0","0"
"500102950130019","2005-01-01T03:50:11.000","RICHMOND / STATEN ISLAND","295","GORDON & WARREN STS","RICHMOND / STATEN ISLAND",,,,,,,"ERS No Contact","DEFAULT RECORD","First Alarm","Non-Medical MFA - ERS No Contact","NonMedical MFAs","37","2005-01-01T03:50:48.000","2005-01-01T03:51:21.000","2005-01-01T03:54:45.000","2005-01-01T03:56:05.000","N","Y","274","237","1","0","0"
"500179390150083","2005-01-01T03:50:34.000","QUEENS","7939","B'WAY & ELMHURST AVE","QUEENS","11373","110","25","404","24","6","PD Link/Medical","Initial Alarm","First Alarm","Medical - Assist Civilian","Medical Emergencies","10","2005-01-01T03:50:44.000","2005-01-01T03:51:10.000","2005-01-01T03:55:56.000","2005-01-01T04:03:45.000","N","Y","322","312","1","0","0"
"500152320150087","2005-01-01T03:51:23.000","QUEENS","5232","135 AVE & 133 ST","QUEENS","11420","106","28","410","27","5","PD Link/Medical","Initial Alarm","First Alarm","Medical - Assist Civilian","Medical Emergencies","8","2005-01-01T03:51:31.000","2005-01-01T03:51:56.000","2005-01-01T03:57:42.000","2005-01-01T04:22:51.000","N","Y","379","371","1","0","0"
"500114640140144","2005-01-01T03:52:22.000","BROOKLYN","1464","6 AVE & 48 ST","BROOKLYN","11220","72","38","307","15","7","PD Link/Medical","DEFAULT RECORD","First Alarm","Medical MFA - PD Link","Medical MFAs","12","2005-01-01T03:52:34.000","2005-01-01T03:53:14.000","2005-01-01T03:56:46.000","2005-01-01T04:03:15.000","N","Y","264","252","1","0","0"
"500121850120105","2005-01-01T03:52:46.000","BRONX","2185","3 AVE & 143 ST","BRONX","10451","40","8","201","7","15","PD Link/Medical","Initial Alarm","First Alarm","Medical - PD Link 10-91","Medical Emergencies","13","2005-01-01T03:52:59.000","2005-01-01T03:53:18.000",,"2005-01-01T03:54:58.000","N","N","0","0","1","0","0"
"500125370120108","2005-01-01T03:53:12.000","BRONX","2537","FINDLAY AVE & 166 ST","BRONX","10456","44","16","204","9","15","EMS Link/Medical","Initial Alarm","First Alarm","Medical - EMS Link 10-91","Medical Emergencies","35","2005-01-01T03:53:47.000","2005-01-01T03:54:22.000","2005-01-01T03:59:48.000","2005-01-01T04:00:01.000","N","Y","396","361","1","0","0"
"500101470110218","2005-01-01T03:53:33.000","MANHATTAN","147","GREENWICH & HARRISON STS","MANHATTAN","10013","1","1","101","2","10","Phone","DEFAULT RECORD","First Alarm","Non-Medical MFA - Phone","NonMedical MFAs","51","2005-01-01T03:54:24.000","2005-01-01T03:54:43.000","2005-01-01T03:57:02.000","2005-01-01T04:00:02.000","N","Y","209","158","1","1","1"
"500123080140147","2005-01-01T03:54:40.000","BROOKLYN","2308","CHURCH AVE & EAST 48 ST","BROOKLYN","11203","67","41","317","18","9","Phone","Initial Alarm","First Alarm","Multiple Dwelling 'A' - Food on the stove fire","Structural Fires","44","2005-01-01T03:55:24.000","2005-01-01T03:55:40.000","2005-01-01T03:58:37.000","2005-01-01T04:07:31.000","N","Y","237","193","3","1","1"
"500111560110219","2005-01-01T03:54:47.000","MANHATTAN","1156","MADISON AVE & 85 ST","MANHATTAN","10028","19","4","108","2","12","PD Link/Medical","Initial Alarm","First Alarm","Medical - PD Link 10-91","Medical Emergencies","11","2005-01-01T03:54:58.000","2005-01-01T03:55:22.000","2005-01-01T03:59:21.000","2005-01-01T04:10:09.000","N","Y","274","263","1","0","0"
"500117850110221","2005-01-01T03:54:54.000","MANHATTAN","1785","NAGLE AVE AND ARDEN ST","MANHATTAN","10040","34","10","112","6","13","Phone","Initial Alarm","First Alarm","Non-Medical 10-91 (Unnecessary Alarm)","NonMedical Emergencies","37","2005-01-01T03:55:31.000","2005-01-01T03:56:08.000","2005-01-01T04:00:08.000","2005-01-01T04:07:16.000","N","Y","314","277","0","1","0"
"500182760110220","2005-01-01T03:54:55.000","MANHATTAN","8276","HENRY HUDSON P'KWAY 96 ST ENTRANCE","MANHATTAN",,,,,,,"EMS Link/Medical","Initial Alarm","First Alarm","Medical - EMS Link 10-91","Medical Emergencies","18","2005-01-01T03:55:13.000","2005-01-01T03:55:37.000","2005-01-01T04:02:42.000","2005-01-01T04:05:57.000","N","Y","467","449","2","2","2"
"500131880150090","2005-01-01T03:54:57.000","QUEENS","3188","S/S QUEENS BLVD & 82 RD","QUEENS","11415","102","29","409","28","6","EMS Link/Medical","Initial Alarm","First Alarm","Medical - EMS Link 10-91","Medical Emergencies","6","2005-01-01T03:55:03.000","2005-01-01T03:55:28.000","2005-01-01T04:00:08.000","2005-01-01T04:10:43.000","N","Y","311","305","1","0","0"
"500124020120109","2005-01-01T03:55:21.000","BRONX","2402","GARRISON AVE & BARRETTO ST","BRONX","10474","41","17","202","8","15","PD Link/Medical","Initial Alarm","First Alarm","Medical - Assist Civilian","Medical Emergencies","11","2005-01-01T03:55:32.000","2005-01-01T03:56:06.000","2005-01-01T03:59:39.000","2005-01-01T04:09:46.000","N","Y","258","247","1","0","0"
"500144520150091","2005-01-01T03:55:33.000","QUEENS","4452","NORTHERN BLVD & MAIN ST","QUEENS","11354","109","20","407","25","6","Private Fire Alarm","Initial Alarm","First Alarm","Alarm System - Unwarranted","NonMedical Emergencies","123","2005-01-01T03:57:36.000","2005-01-01T03:57:59.000","2005-01-01T04:01:16.000","2005-01-01T04:05:23.000","N","Y","343","220","3","2","1"
"500184660110223","2005-01-01T03:56:14.000","MANHATTAN","8466","TRIBORO BR PD BOX 24 LIGHT POLE M5","MANHATTAN",,,,,,,"Phone","Initial Alarm","First Alarm","Non-Medical 10-91 (Unnecessary Alarm)","NonMedical Emergencies","190","2005-01-01T03:59:24.000","2005-01-01T03:59:47.000","2005-01-01T04:04:29.000","2005-01-01T04:06:25.000","N","Y","495","305","4","4","1"
"500117580140148","2005-01-01T03:56:47.000","BROOKLYN","1758","BULWER PL & CROSBY AVE","BROOKLYN","11207","75","37","305","19","7","Phone","Initial Alarm","First Alarm","Carbon Monoxide - Code 1 - Investigation","NonMedical Emergencies","48","2005-01-01T03:57:35.000","2005-01-01T03:57:58.000","2005-01-01T04:02:05.000","2005-01-01T04:09:16.000","N","Y","318","270","1","1","0"
"500183950150092","2005-01-01T03:56:53.000","QUEENS","8395","G.C.P. BTW 31 & 78 STS","QUEENS","11103","114","22","401","30","14","Verbal","Initial Alarm","First Alarm","Vehicle Accident - Other","NonMedical Emergencies","37","2005-01-01T03:57:30.000","2005-01-01T03:57:30.000","2005-01-01T04:01:03.000","2005-01-01T04:13:20.000","N","Y","250","213","2","2","1"
"500109190110222","2005-01-01T03:57:18.000","MANHATTAN","919","2 AVE & 57 ST","MANHATTAN","10022","17","4","106","2","12","PD Link/Medical","Initial Alarm","First Alarm","Medical - Assist Civilian","Medical Emergencies","12","2005-01-01T03:57:30.000","2005-01-01T03:57:48.000","2005-01-01T04:02:54.000","2005-01-01T04:54:47.000","N","Y","336","324","1","0","0"
"500106010140149","2005-01-01T03:57:44.000","BROOKLYN","601","MYRTLE AVE & ST. EDWARDS ST","BROOKLYN","11205","88","35","302","13","8","EMS Link/Medical","DEFAULT RECORD","First Alarm","Medical MFA - EMS Link","Medical MFAs","8","2005-01-01T03:57:52.000","2005-01-01T03:58:27.000","2005-01-01T04:00:32.000","2005-01-01T04:02:31.000","N","Y","168","160","1","0","0"
"500114330110227","2005-01-01T04:01:14.000","MANHATTAN","1433","MORNINGSIDE DR & 120 ST","MANHATTAN","10027","26","7","109","3","10","PD Link/Medical","Initial Alarm","First Alarm","Medical - PD Link 10-91","Medical Emergencies","290","2005-01-01T04:06:04.000","2005-01-01T04:06:20.000",,"2005-01-01T04:08:38.000","N","N","0","0","1","0","0"
"500125390120110","2005-01-01T04:02:19.000","BRONX","2539","WEBSTER AVE & 166 ST","BRONX","10456","44","16","204","9","15","Private Fire Alarm","Initial Alarm","First Alarm","Odor - Other Smoke","NonMedical Emergencies","71","2005-01-01T04:03:30.000","2005-01-01T04:04:02.000","2005-01-01T04:06:44.000","2005-01-01T04:17:11.000","N","Y","265","194","3","2","1"
"500125290220111","2005-01-01T04:03:31.000","BRONX","2529","M.L.KING JR BLVD & W 165 ST","BRONX","10452","44","16","204","9","15","EMS Link/Medical","Initial Alarm","First Alarm","Medical - EMS Link 10-91","Medical Emergencies","428","2005-01-01T04:10:39.000","2005-01-01T04:10:58.000","2005-01-01T04:16:54.000","2005-01-01T04:18:32.000","N","N","803","375","1","0","0"
"500109440240152","2005-01-01T04:03:50.000","BROOKLYN","944","NOSTRAND AVE & MACON ST","BROOKLYN","11216","79","36","303","13","8","Private Fire Alarm","Initial Alarm","First Alarm","Alarm System - Unwarranted","NonMedical Emergencies","93","2005-01-01T04:05:23.000","2005-01-01T04:05:39.000","2005-01-01T04:07:33.000","2005-01-01T04:35:11.000","N","Y","223","130","3","2","1"
"500102590140150","2005-01-01T04:03:57.000","BROOKLYN","259","POWERS ST &GRAHAM AV/STRADA D'ITALIA","BROOKLYN","11206","90","34","301","14","7","EMS Link/Medical","Initial Alarm","First Alarm","Medical - EMS Link 10-91","Medical Emergencies","25","2005-01-01T04:04:22.000","2005-01-01T04:04:39.000",,"2005-01-01T04:09:18.000","N","N","0","0","1","0","0"
"500130940140151","2005-01-01T04:04:20.000","BROOKLYN","3094","AVE J & EAST 16 ST","BROOKLYN","11230","70","44","314","21","9","EMS Link/Medical","Initial Alarm","First Alarm","Medical - EMS Link 10-91","Medical Emergencies","86","2005-01-01T04:05:46.000","2005-01-01T04:06:08.000",,"2005-01-01T04:08:59.000","N","N","0","0","1","0","0"
"500110260140153","2005-01-01T04:04:36.000","BROOKLYN","1026","ALBANY AVE & EAST NEW YORK AVE","BROOKLYN","11203","71","41","309","17","9","Phone","Initial Alarm","First Alarm","Assist Civilian - Non-Medical","NonMedical Emergencies","53","2005-01-01T04:05:29.000","2005-01-01T04:06:04.000","2005-01-01T04:11:28.000","2005-01-01T04:29:58.000","N","Y","412","359","0","1","0"
"500161070150093","2005-01-01T04:05:20.000","QUEENS","6107","33 AVE & FRANCIS LEWIS BLVD","QUEENS","11358","111","19","411","25","6","PD Link/Medical","Initial Alarm","First Alarm","Medical - PD Link 10-91","Medical Emergencies","7","2005-01-01T04:05:27.000","2005-01-01T04:05:54.000",,"2005-01-01T04:08:56.000","N","N","0","0","1","0","0"
"500115820110228","2005-01-01T04:06:02.000","MANHATTAN","1582","RIVERSIDE DR & 138 ST","MANHATTAN","10031","30","7","109","6","13","EMS Link/Medical","Initial Alarm","First Alarm","Medical - Assist Civilian","Medical Emergencies","6","2005-01-01T04:06:08.000","2005-01-01T04:06:48.000","2005-01-01T04:12:26.000","2005-01-01T04:43:29.000","N","Y","384","378","1","0","0"
"500129820120112","2005-01-01T04:06:05.000","BRONX","2982","E. TREMONT AVE & WEBSTER AVE","BRONX","10457","46","15","205","9","15","EMS Link/Medical","DEFAULT RECORD","First Alarm","Medical MFA - EMS Link","Medical MFAs","13","2005-01-01T04:06:18.000","2005-01-01T04:06:47.000","2005-01-01T04:11:37.000","2005-01-01T04:15:52.000","N","Y","332","319","1","0","0"
"500105860110230","2005-01-01T04:06:08.000","MANHATTAN","586","AVE OF AMERICAS & W 19 ST","MANHATTAN","10011","13","3","104","2","12","Private Fire Alarm","Initial Alarm","First Alarm","Alarm System - Unwarranted","NonMedical Emergencies","98","2005-01-01T04:07:46.000","2005-01-01T04:08:15.000","2005-01-01T04:11:16.000","2005-01-01T04:13:51.000","N","Y","308","210","1","1","1"
"500107250210229","2005-01-01T04:06:08.000","MANHATTAN","725","8 AVE & 35 ST","MANHATTAN","10018","14","3","104","2","10","PD Link/Medical","Initial Alarm","First Alarm","Medical - Assist Civilian","Medical Emergencies","8","2005-01-01T04:06:16.000","2005-01-01T04:06:42.000","2005-01-01T04:11:11.000","2005-01-01T04:21:44.000","N","Y","303","295","1","0","0"
"500114220110231","2005-01-01T04:07:23.000","MANHATTAN","1422","LEXINGTON AVE & 119 ST","MANHATTAN","10035","25","9","111","4","13","EMS Link/Medical","Initial Alarm","First Alarm","Medical - Assist Civilian","Medical Emergencies","71","2005-01-01T04:08:34.000","2005-01-01T04:09:02.000","2005-01-01T04:11:12.000","2005-01-01T04:22:28.000","N","Y","229","158","1","0","0"
"500110460310234","2005-01-01T04:08:32.000","MANHATTAN","1046","YORK AVE & 73 ST","MANHATTAN","10021","19","5","108","2","12","EMS Link/Medical","Initial Alarm","First Alarm","Medical - Assist Civilian","Medical Emergencies","48","2005-01-01T04:09:20.000","2005-01-01T04:09:45.000","2005-01-01T04:14:11.000","2005-01-01T04:33:26.000","N","Y","339","291","1","0","0"
"500130890120113","2005-01-01T04:09:05.000","BRONX","3089","MACLAY & ST. PETERS AVES","BRONX","10461","45","13","210","11","14","EMS Link/Medical","Initial Alarm","First Alarm","Medical - Assist Civilian","Medical Emergencies","14","2005-01-01T04:09:19.000","2005-01-01T04:09:54.000","2005-01-01T04:13:29.000","2005-01-01T04:25:08.000","N","Y","264","250","1","0","0"
"500107120140154","2005-01-01T04:09:52.000","BROOKLYN","712","PARK & BEAVER STS","BROOKLYN","11206","83","34","304","14","7","EMS Link/Medical","Initial Alarm","First Alarm","Medical - EMS Link 10-91","Medical Emergencies","7","2005-01-01T04:09:59.000","2005-01-01T04:10:39.000","2005-01-01T04:13:29.000","2005-01-01T04:13:55.000","N","Y","217","210","1","0","0"
"500126920150094","2005-01-01T04:11:00.000","QUEENS","2692","ROCHDALE VIL GROUP 5 ENT 166 PL & 137","QUEENS","11434","113","28","412","28","5","Phone","Initial Alarm","First Alarm","Non-Medical 10-91 (Unnecessary Alarm)","NonMedical Emergencies","59","2005-01-01T04:11:59.000","2005-01-01T04:12:32.000","2005-01-01T04:18:05.000","2005-01-01T04:20:08.000","N","Y","425","366","1","0","0"
"500112280110238","2005-01-01T04:11:05.000","MANHATTAN","1228","AMSTERDAM AVE & 95 ST","MANHATTAN","10025","24","6","107","3","10","EMS Link/Medical","Initial Alarm","First Alarm","Medical - Assist Civilian","Medical Emergencies","13","2005-01-01T04:11:18.000","2005-01-01T04:11:29.000","2005-01-01T04:14:57.000","2005-01-01T05:17:38.000","N","Y","232","219","1","0","0"
"500123770120115","2005-01-01T04:11:31.000","BRONX","2377","TINTON AVE & 163 ST","BRONX","10456","42","16","203","8","15","EMS Link/Medical","Initial Alarm","First Alarm","Medical - Assist Civilian","Medical Emergencies","11","2005-01-01T04:11:42.000","2005-01-01T04:12:04.000","2005-01-01T04:17:19.000","2005-01-01T04:36:48.000","N","Y","348","337","1","0","0"
"500109370140155","2005-01-01T04:16:06.000","BROOKLYN","937","GATES & MARCY AVES","BROOKLYN","11216","79","36","303","13","8","Verbal","Initial Alarm","First Alarm","Demolition Debris or Rubbish Fire","NonStructural Fires","23","2005-01-01T04:16:29.000","2005-01-01T04:16:48.000","2005-01-01T04:20:23.000","2005-01-01T04:22:04.000","N","Y","257","234","1","0","0"
"500103680110241","2005-01-01T04:16:33.000","MANHATTAN","368","BROADWAY & 3 ST","MANHATTAN","10012","6","1","102","2","12","EMS Link/Medical","DEFAULT RECORD","First Alarm","Medical MFA - EMS Link","Medical MFAs","11","2005-01-01T04:16:44.000","2005-01-01T04:17:28.000","2005-01-01T04:19:24.000","2005-01-01T04:21:56.000","N","Y","171","160","1","0","0"
"500140650120117","2005-01-01T04:20:05.000","BRONX","4065","LAWTON AND MEAGHER AVES","BRONX","10465","45","13","210","8","14","EMS Link/Medical","Initial Alarm","First Alarm","Medical - Assist Civilian","Medical Emergencies","16","2005-01-01T04:20:21.000","2005-01-01T04:20:53.000","2005-01-01T04:26:33.000","2005-01-01T04:58:59.000","N","Y","388","372","1","0","0"
"500116130110242","2005-01-01T04:20:05.000","MANHATTAN","1613","8 AVE & 143 ST","MANHATTAN","10030","32","9","110","5","13","Phone","Initial Alarm","First Alarm","Utility Emergency - Water","NonMedical Emergencies","61","2005-01-01T04:21:06.000","2005-01-01T04:21:30.000","2005-01-01T04:24:32.000","2005-01-01T04:40:52.000","N","Y","267","206","0","1","0"
"500111550130020","2005-01-01T04:21:01.000","RICHMOND / STATEN ISLAND","1155","HOLLAND AVE & RICHMOND TERR","RICHMOND / STATEN ISLAND","10303","121","49","501","31","11","Phone","7-5 (All Hands Alarm)","All Hands Working","Multiple Dwelling 'A' - Other fire","Structural Fires","70","2005-01-01T04:22:11.000","2005-01-01T04:22:30.000","2005-01-01T04:27:04.000","2005-01-01T05:13:15.000","N","Y","363","293","3","3","2"
"500111550130020","2005-01-01T04:21:01.000","RICHMOND / STATEN ISLAND","1155","HOLLAND AVE & RICHMOND TERR","RICHMOND / STATEN ISLAND","10303","121","49","501","31","11","Phone","7-5 (All Hands Alarm)","Seventh Alarm","Multiple Dwelling 'A' - Other fire","Structural Fires","70","2005-01-01T04:22:11.000","2005-01-01T04:22:30.000","2005-01-01T04:27:04.000","2005-01-01T05:13:15.000","N","Y","363","293","3","3","2"
"500108330140156","2005-01-01T04:21:57.000","BROOKLYN","833","BUSHWICK AVE & ELDERT ST","BROOKLYN","11207","83","37","304","32","8","EMS Link/Medical","Initial Alarm","First Alarm","Medical - Assist Civilian","Medical Emergencies","9","2005-01-01T04:22:06.000","2005-01-01T04:22:38.000","2005-01-01T04:24:58.000","2005-01-01T04:40:25.000","N","Y","181","172","1","0","0"
"500160370150096","2005-01-01T04:22:23.000","QUEENS","6037","95 AVE & 116 ST","QUEENS","11419","102","28","409","27","5","EMS Link/Medical","Initial Alarm","First Alarm","Medical - EMS Link 10-91","Medical Emergencies","15","2005-01-01T04:22:38.000","2005-01-01T04:23:00.000","2005-01-01T04:27:45.000","2005-01-01T04:32:10.000","N","Y","322","307","1","0","0"
"500110930140157","2005-01-01T04:22:49.000","BROOKLYN","1093","FRANKLIN AVE & SULLIVAN PL","BROOKLYN","11225","71","35","309","17","9","Phone","Initial Alarm","First Alarm","Utility Emergency - Gas","NonMedical Emergencies","84","2005-01-01T04:24:13.000","2005-01-01T04:24:37.000","2005-01-01T04:30:51.000","2005-01-01T04:50:07.000","N","Y","482","398","2","1","1"
"500109040110244","2005-01-01T04:22:52.000","MANHATTAN","904","1 AVE & 56 ST","MANHATTAN","10022","17","5","106","2","12","Phone","Initial Alarm","First Alarm","Demolition Debris or Rubbish Fire","NonStructural Fires","39","2005-01-01T04:23:31.000","2005-01-01T04:23:52.000","2005-01-01T04:30:23.000","2005-01-01T04:35:25.000","N","Y","451","412","1","0","0"
"500109170110245","2005-01-01T04:23:42.000","MANHATTAN","917","MADISON AVE & 57 ST","MANHATTAN","10022","18","4","105","2","12","Private Fire Alarm","Initial Alarm","First Alarm","Alarm System - Unwarranted","NonMedical Emergencies","112","2005-01-01T04:25:34.000","2005-01-01T04:25:51.000","2005-01-01T04:29:47.000","2005-01-01T04:33:49.000","N","Y","365","253","3","2","1"
"500136900120118","2005-01-01T04:23:54.000","BRONX","3690","PAULDING AVE & 229 ST","BRONX","10466","47","12","212","11","16","EMS Link/Medical","Initial Alarm","First Alarm","Medical - Assist Civilian","Medical Emergencies","12","2005-01-01T04:24:06.000","2005-01-01T04:24:43.000","2005-01-01T04:29:14.000","2005-01-01T04:48:46.000","N","Y","320","308","1","0","0"
"500109560110246","2005-01-01T04:24:47.000","MANHATTAN","956","COLUMBUS AVE & 62 ST","MANHATTAN","10023","20","3","107","3","10","Phone","Initial Alarm","First Alarm","Multiple Dwelling 'A' - Other fire","Structural Fires","53","2005-01-01T04:25:40.000","2005-01-01T04:26:07.000","2005-01-01T04:29:03.000","2005-01-01T04:42:01.000","N","Y","256","203","3","2","2"
"500151630150097","2005-01-01T04:24:57.000","QUEENS","5163","78 AVE & 79 PL","QUEENS","11385","104","30","405","24","6","EMS Link/Medical","Initial Alarm","First Alarm","Medical - Assist Civilian","Medical Emergencies","9","2005-01-01T04:25:06.000","2005-01-01T04:25:33.000","2005-01-01T04:30:40.000","2005-01-01T04:45:19.000","N","Y","343","334","1","0","0"
"500107960110247","2005-01-01T04:25:28.000","MANHATTAN","796","BROADWAY & 43 ST","MANHATTAN","10036","14","3","105","2","10","Private Fire Alarm","DEFAULT RECORD","First Alarm","Non-Medical MFA - Private Fire Alarm","NonMedical MFAs","90","2005-01-01T04:26:58.000","2005-01-01T04:27:24.000","2005-01-01T04:31:52.000","2005-01-01T04:33:53.000","N","Y","384","294","3","2","1"
"500137620140159","2005-01-01T04:25:35.000","BROOKLYN","3762","MONTGOMERY ST & BEDFORD AVE","BROOKLYN","11225","71","35","309","17","9","Phone","Initial Alarm","First Alarm","Carbon Monoxide - Code 1 - Investigation","NonMedical Emergencies","97","2005-01-01T04:27:12.000","2005-01-01T04:27:32.000","2005-01-01T04:34:04.000","2005-01-01T04:55:59.000","N","Y","509","412","1","1","0"
"500111260150098","2005-01-01T04:27:13.000","QUEENS","1126","PLAINVIEW AVE & BEACH 19 ST","QUEENS","11691","101","31","414","27","5","Private Fire Alarm","Initial Alarm","First Alarm","Alarm System - Unwarranted","NonMedical Emergencies","100","2005-01-01T04:28:53.000","2005-01-01T04:29:10.000","2005-01-01T04:32:56.000","2005-01-01T04:38:12.000","N","Y","343","243","3","2","1"
"500107340140160","2005-01-01T04:27:31.000","BROOKLYN","734","IRVING AVE & STARR ST","BROOKLYN","11237","83","34","304","32","7","Phone","Initial Alarm","First Alarm","Multiple Dwelling 'A' - Other fire","Structural Fires","47","2005-01-01T04:28:18.000","2005-01-01T04:28:29.000","2005-01-01T04:31:41.000","2005-01-01T04:48:27.000","N","Y","250","203","3","2","1"
"500186430140161","2005-01-01T04:27:32.000","BROOKLYN","8643","BKLYN BR S/RD E/B WEST OF BKLYN ANCHORAG","BROOKLYN",,,,,,,"Phone","Initial Alarm","First Alarm","Automobile Fire","NonStructural Fires","92","2005-01-01T04:29:04.000","2005-01-01T04:29:18.000","2005-01-01T04:34:04.000","2005-01-01T05:08:25.000","N","Y","392","300","2","2","1"
"500108660110248","2005-01-01T04:28:38.000","MANHATTAN","866","8 AVE & 51 ST","MANHATTAN","10019","18","3","104","2","10","Phone","Initial Alarm","First Alarm","Manhole Fire - Other","NonStructural Fires","96","2005-01-01T04:30:14.000","2005-01-01T04:30:29.000","2005-01-01T04:35:56.000","2005-01-01T05:19:22.000","N","Y","438","342","5","2","1"
"500135700120120","2005-01-01T04:30:39.000","BRONX","3570","WEBSTER AVE & E201 ST","BRONX","10458","52","11","207","10","13","EMS Link/Medical","Initial Alarm","First Alarm","Medical - EMS Link 10-91","Medical Emergencies","12","2005-01-01T04:30:51.000","2005-01-01T04:31:16.000","2005-01-01T04:36:44.000","2005-01-01T04:39:06.000","N","Y","365","353","1","0","0"
"500163790150099","2005-01-01T04:32:43.000","QUEENS","6379","DOUGLASTON PKWY & 43 AVE","QUEENS","11363","111","19","411","26","3","EMS Link/Medical","Initial Alarm","First Alarm","Medical - Assist Civilian","Medical Emergencies","21","2005-01-01T04:33:04.000","2005-01-01T04:35:01.000","2005-01-01T04:36:59.000","2005-01-01T04:51:54.000","N","Y","256","235","1","0","0"
"500117060210250","2005-01-01T04:32:46.000","MANHATTAN","1706","AMSTERDAM AVE & 170 ST","MANHATTAN","10032","33","10","112","6","13","PD Link/Medical","Initial Alarm","First Alarm","Medical - PD Link 10-91","Medical Emergencies","13","2005-01-01T04:32:59.000","2005-01-01T04:33:23.000",,"2005-01-01T04:36:41.000","N","N","0","0","1","0","0"
"500108120140172","2005-01-01T04:33:54.000","BROOKLYN","812","WILSON AVE & WEIRFIELD ST","BROOKLYN","11221","83","37","304","32","7","EMS Link/Medical","Initial Alarm","First Alarm","Medical - Assist Civilian","Medical Emergencies","13","2005-01-01T04:34:07.000","2005-01-01T04:34:31.000","2005-01-01T04:39:37.000","2005-01-01T04:48:12.000","N","Y","343","330","1","0","0"
"500121350120121","2005-01-01T04:34:13.000","BRONX","2135","BROWN PL & 136 ST","BRONX","10454","40","8","201","7","15","PD Link/Medical","Initial Alarm","First Alarm","Medical - Assist Civilian","Medical Emergencies","22","2005-01-01T04:34:35.000","2005-01-01T04:35:06.000","2005-01-01T04:39:58.000","2005-01-01T04:44:09.000","N","Y","345","323","1","0","0"
"500128800120122","2005-01-01T04:34:20.000","BRONX","2880","BUTLER PL & ROWE ST","BRONX","10461","45","13","210","11","14","Phone","Initial Alarm","First Alarm","Demolition Debris or Rubbish Fire","NonStructural Fires","55","2005-01-01T04:35:15.000","2005-01-01T04:36:17.000","2005-01-01T04:41:01.000","2005-01-01T04:46:17.000","N","Y","401","346","1","0","0"
"500102870110254","2005-01-01T04:34:35.000","MANHATTAN","287","ESSEX & RIVINGTON STS","MANHATTAN","10002","7","1","103","1","12","PD Link/Medical","Initial Alarm","First Alarm","Medical - PD Link 10-91","Medical Emergencies","8","2005-01-01T04:34:43.000","2005-01-01T04:35:01.000",,"2005-01-01T04:37:53.000","N","N","0","0","1","0","0"
"500107800140176","2005-01-01T04:34:53.000","BROOKLYN","780","MYRTLE & LEWIS AVES","BROOKLYN",,,,,,,"ERS No Contact","DEFAULT RECORD","First Alarm","Non-Medical MFA - ERS No Contact","NonMedical MFAs","17","2005-01-01T04:35:10.000","2005-01-01T04:35:31.000","2005-01-01T04:37:28.000","2005-01-01T04:38:20.000","N","Y","155","138","1","0","0"
"500120380110256","2005-01-01T04:35:03.000","MANHATTAN","2038","CHAMBERS ST & 8IVER TERRACE","MANHATTAN","10282","1","1","101","2","10","EMS Link/Medical","Initial Alarm","First Alarm","Medical - EMS Link 10-91","Medical Emergencies","184","2005-01-01T04:38:07.000","2005-01-01T04:38:39.000","2005-01-01T04:44:31.000","2005-01-01T04:46:58.000","N","N","568","384","1","0","0"
"500148810130026","2005-01-01T04:36:29.000","RICHMOND / STATEN ISLAND","4881","CRAIG AVE. & PITTSVILLE AVE.","RICHMOND / STATEN ISLAND","10307","123","51","503","31","11","Private Fire Alarm","Initial Alarm","First Alarm","Alarm System - Defective","NonMedical Emergencies","118","2005-01-01T04:38:27.000","2005-01-01T04:38:53.000","2005-01-01T04:43:28.000","2005-01-01T04:53:44.000","N","Y","419","301","1","1","0"
"500129420150102","2005-01-01T04:36:31.000","QUEENS","2942","E/SVC RD WHITESTONE EXPY & LINDEN PL","QUEENS",,,,,,,"Phone","Initial Alarm","First Alarm","Undefined Emergency","NonMedical Emergencies","198","2005-01-01T04:39:49.000","2005-01-01T04:40:14.000","2005-01-01T04:47:49.000","2005-01-01T05:29:21.000","N","Y","678","480","2","2","1"
"500134950140178","2005-01-01T04:36:46.000","BROOKLYN","3495","CROPSEY AVE & BAY 26 ST","BROOKLYN","11214","62","43","311","20","11","PD Link/Medical","Initial Alarm","First Alarm","Medical - PD Link 10-91","Medical Emergencies","7","2005-01-01T04:36:53.000","2005-01-01T04:37:22.000","2005-01-01T04:42:55.000","2005-01-01T04:43:11.000","N","Y","369","362","1","0","0"
"500134100140180","2005-01-01T04:37:18.000","BROOKLYN","3410","AVE U & W. 4 ST","BROOKLYN","11223","61","47","315","21","11","PD Link/Medical","Initial Alarm","First Alarm","Medical - Assist Civilian","Medical Emergencies","7","2005-01-01T04:37:25.000","2005-01-01T04:37:47.000","2005-01-01T04:43:36.000","2005-01-01T04:54:34.000","N","Y","378","371","1","0","0"
"500100870110259","2005-01-01T04:37:32.000","MANHATTAN","87","NASSAU & BEEKMAN STS","MANHATTAN","10038","1","1","101","2","10","EMS Link/Medical","Initial Alarm","First Alarm","Medical - EMS Link 10-91","Medical Emergencies","28","2005-01-01T04:38:00.000","2005-01-01T04:38:36.000","2005-01-01T04:41:24.000","2005-01-01T04:42:29.000","N","Y","232","204","1","1","2"
"500107960210261","2005-01-01T04:37:34.000","MANHATTAN","796","BROADWAY & 43 ST","MANHATTAN","10036","14","3","105","2","10","Private Fire Alarm","Initial Alarm","First Alarm","Alarm System - Defective","NonMedical Emergencies","121","2005-01-01T04:39:35.000","2005-01-01T04:39:48.000","2005-01-01T04:42:39.000","2005-01-01T04:50:03.000","N","Y","305","184","3","2","1"
"500122130120123","2005-01-01T04:38:10.000","BRONX","2213","TINTON AVE & 147 ST","BRONX","10455","40","8","201","7","15","EMS Link/Medical","Initial Alarm","First Alarm","Medical - EMS Link 10-91","Medical Emergencies","56","2005-01-01T04:39:06.000","2005-01-01T04:39:23.000",,"2005-01-01T04:43:48.000","N","N","0","0","1","0","0"
"500112490110260","2005-01-01T04:38:13.000","MANHATTAN","1249","3 AVE & 98 ST","MANHATTAN","10029","23","5","111","4","12","PD Link/Medical","Initial Alarm","First Alarm","Medical - Assist Civilian","Medical Emergencies","11","2005-01-01T04:38:24.000","2005-01-01T04:38:52.000","2005-01-01T04:42:57.000","2005-01-01T04:44:59.000","N","Y","284","273","1","0","0"
"500186360150101","2005-01-01T04:39:31.000","QUEENS","8636","116 AVE & 158 ST","QUEENS",,,,,,,"ERS No Contact","DEFAULT RECORD","First Alarm","Non-Medical MFA - ERS No Contact","NonMedical MFAs","9","2005-01-01T04:39:40.000","2005-01-01T04:41:35.000","2005-01-01T04:47:32.000","2005-01-01T04:48:03.000","N","Y","481","472","1","0","0"
"500103640140181","2005-01-01T04:39:44.000","BROOKLYN","364","TOMPKINS AVE & STOCKTON ST","BROOKLYN","11206","79","36","303","14","8","EMS Link/Medical","Initial Alarm","First Alarm","Medical - EMS Link 10-91","Medical Emergencies","11","2005-01-01T04:39:55.000","2005-01-01T04:40:26.000",,"2005-01-01T04:42:50.000","N","N","0","0","1","0","0"
"500111580210262","2005-01-01T04:40:38.000","MANHATTAN","1158","2 AVE & 85 ST","MANHATTAN","10028","19","5","108","2","12","Phone","Initial Alarm","First Alarm","Utility Emergency - Gas","NonMedical Emergencies","40","2005-01-01T04:41:18.000","2005-01-01T04:41:40.000","2005-01-01T04:45:31.000","2005-01-01T04:56:53.000","N","Y","293","253","3","2","1"
"500108650130027","2005-01-01T04:40:54.000","RICHMOND / STATEN ISLAND","865","SCHOHARIE ST AND CLOVE RD","RICHMOND / STATEN ISLAND","10301","120","49","501","31","11","PD Link/Medical","Initial Alarm","First Alarm","Medical - PD Link 10-91","Medical Emergencies","10","2005-01-01T04:41:04.000","2005-01-01T04:41:28.000",,"2005-01-01T04:45:50.000","N","N","0","0","1","0","0"
"500147830150103","2005-01-01T04:41:50.000","QUEENS","4783","JAMAICA AVE & 165 ST","QUEENS","11432","103","27","412","28","5","PD Link/Medical","Initial Alarm","First Alarm","Medical - PD Link 10-91","Medical Emergencies","53","2005-01-01T04:42:43.000","2005-01-01T04:43:00.000",,"2005-01-01T04:48:49.000","N","N","0","0","1","0","0"
"500107560110266","2005-01-01T04:46:10.000","MANHATTAN","756","LEXINGTON AVE & 39 ST","MANHATTAN","10016","17","4","106","2","12","Phone","Initial Alarm","First Alarm","Non-Medical 10-91 (Unnecessary Alarm)","NonMedical Emergencies","72","2005-01-01T04:47:22.000","2005-01-01T04:47:48.000",,"2005-01-01T04:49:17.000","N","N","0","0","1","0","0"
"500131290140182","2005-01-01T04:46:42.000","BROOKLYN","3129","AVE K & EAST 48 ST","BROOKLYN","11234","63","45","318","22","8","PD Link/Medical","Initial Alarm","First Alarm","Medical - PD Link 10-91","Medical Emergencies","12","2005-01-01T04:46:54.000","2005-01-01T04:47:11.000","2005-01-01T04:53:01.000","2005-01-01T04:55:52.000","N","Y","379","367","1","0","0"
"500184950110264","2005-01-01T04:46:56.000","MANHATTAN","8495","HUDSON PKWY BET 181 ST & DYCKMAN ST","MANHATTAN",,,,,,,"PD Link/Medical","Initial Alarm","First Alarm","Medical - Assist Civilian","Medical Emergencies","20","2005-01-01T04:47:16.000","2005-01-01T04:47:51.000","2005-01-01T04:53:01.000","2005-01-01T05:05:31.000","N","Y","365","345","2","2","1"
"500106180210265","2005-01-01T04:47:02.000","MANHATTAN","618","10 AVE & 23 ST","MANHATTAN","10011","10","3","104","2","10","PD Link/Medical","Initial Alarm","First Alarm","Medical - PD Link 10-91","Medical Emergencies","17","2005-01-01T04:47:19.000","2005-01-01T04:47:40.000","2005-01-01T04:52:02.000","2005-01-01T04:55:15.000","N","Y","300","283","1","0","0"
"500101990140183","2005-01-01T04:47:17.000","BROOKLYN","199","BERRY & NORTH 6 STS","BROOKLYN","11249","94","33","301","14","12","PD Link/Medical","Initial Alarm","First Alarm","Medical - PD Link 10-91","Medical Emergencies","6","2005-01-01T04:47:23.000","2005-01-01T04:47:45.000","2005-01-01T04:51:16.000","2005-01-01T04:54:49.000","N","Y","239","233","1","0","0"
"500122100150105","2005-01-01T04:48:10.000","QUEENS","2210","S/S QUEENS BLVD OPP 53 ST","QUEENS",,,,,,,"ERS No Contact","DEFAULT RECORD","First Alarm","Non-Medical MFA - ERS No Contact","NonMedical MFAs","5","2005-01-01T04:48:15.000","2005-01-01T04:48:36.000","2005-01-01T04:53:27.000","2005-01-01T04:53:53.000","N","Y","317","312","1","0","0"
"500101970110267","2005-01-01T04:48:46.000","MANHATTAN","197","BAXTER & GRAND STS","MANHATTAN","10013","5","1","102","2","7","Phone","Initial Alarm","First Alarm","Automobile Fire","NonStructural Fires","38","2005-01-01T04:49:24.000","2005-01-01T04:49:56.000","2005-01-01T04:52:37.000","2005-01-01T12:59:45.000","N","Y","231","193","1","0","0"
"500122130220124","2005-01-01T04:49:51.000","BRONX","2213","TINTON AVE & 147 ST","BRONX","10455","40","8","201","7","15","Phone","Initial Alarm","First Alarm","Assist Civilian - Non-Medical","NonMedical Emergencies","42","2005-01-01T04:50:33.000","2005-01-01T04:50:46.000","2005-01-01T04:54:27.000","2005-01-01T05:00:51.000","N","Y","276","234","1","0","0"
"500122880120125","2005-01-01T04:50:45.000","BRONX","2288","DAWSON & 156 STS","BRONX","10455","41","17","202","8","15","Phone","Initial Alarm","First Alarm","Multiple Dwelling 'A' - Food on the stove fire","Structural Fires","60","2005-01-01T04:51:45.000","2005-01-01T04:52:17.000","2005-01-01T04:54:45.000","2005-01-01T05:02:11.000","N","Y","240","180","3","2","1"
"500149080120126","2005-01-01T04:52:03.000","BRONX","4908","PERRY AVE AND BEDFORD PARK BLVD","BRONX","10458","52","11","207","10","13","PD Link/Medical","Initial Alarm","First Alarm","Medical - Assist Civilian","Medical Emergencies","10","2005-01-01T04:52:13.000","2005-01-01T04:52:41.000","2005-01-01T04:56:28.000","2005-01-01T05:11:02.000","N","Y","265","255","1","0","0"
"500110120130028","2005-01-01T04:52:13.000","RICHMOND / STATEN ISLAND","1012","MOSEL AVE AND STEUBEN ST","RICHMOND / STATEN ISLAND","10304","120","49","501","31","11","EMS Link/Medical","Initial Alarm","First Alarm","Medical - Assist Civilian","Medical Emergencies","7","2005-01-01T04:52:20.000","2005-01-01T04:52:48.000","2005-01-01T04:54:34.000","2005-01-01T05:11:11.000","N","Y","141","134","1","0","0"
"500165530150107","2005-01-01T04:53:06.000","QUEENS","6553","COOLIDGE AVE & SMEDLEY ST","QUEENS","11435","107","24","408","28","6","Phone","Initial Alarm","First Alarm","Utility Emergency - Water","NonMedical Emergencies","85","2005-01-01T04:54:31.000","2005-01-01T04:54:57.000","2005-01-01T05:01:03.000","2005-01-01T05:04:59.000","N","Y","477","392","0","1","0"
"500163550150106","2005-01-01T04:53:16.000","QUEENS","6355","WEST DR & ARLEIGH RD","QUEENS","11363","111","19","411","26","3","Phone","Initial Alarm","First Alarm","Private Dwelling Fire","Structural Fires","47","2005-01-01T04:54:03.000","2005-01-01T04:54:20.000","2005-01-01T04:57:42.000","2005-01-01T05:20:46.000","N","Y","266","219","3","2","1"
"500108370210271","2005-01-01T04:53:43.000","MANHATTAN","837","7 AVE & 48 ST","MANHATTAN","10036","18","4","105","2","12","PD Link/Medical","Initial Alarm","First Alarm","Medical - Assist Civilian","Medical Emergencies","9","2005-01-01T04:53:52.000","2005-01-01T04:54:26.000","2005-01-01T04:56:13.000","2005-01-01T04:59:12.000","N","Y","150","141","1","0","0"
"500115160110272","2005-01-01T04:55:41.000","MANHATTAN","1516","MADISON AVE & 129 ST","MANHATTAN","10035","25","9","111","5","13","EMS Link/Medical","Initial Alarm","First Alarm","Medical - EMS Link 10-91","Medical Emergencies","9","2005-01-01T04:55:50.000","2005-01-01T04:56:19.000","2005-01-01T05:00:42.000","2005-01-01T05:02:20.000","N","Y","301","292","1","0","0"
"500107540130029","2005-01-01T04:56:12.000","RICHMOND / STATEN ISLAND","754","PORT RICHMOND & CASTLETON AVES","RICHMOND / STATEN ISLAND",,,,,,,"BARS","DEFAULT RECORD","First Alarm","Non-Medical MFA - BARS","NonMedical MFAs","12","2005-01-01T04:56:24.000","2005-01-01T04:56:43.000","2005-01-01T05:01:43.000","2005-01-01T05:02:23.000","N","Y","331","319","2","2","1"
"500137350130030","2005-01-01T04:57:27.000","RICHMOND / STATEN ISLAND","3735","ROSSVILLE AND POPLAR AVES","RICHMOND / STATEN ISLAND",,,,,,,"BARS","DEFAULT RECORD","First Alarm","Non-Medical MFA - BARS","NonMedical MFAs","32","2005-01-01T04:57:59.000","2005-01-01T04:58:18.000","2005-01-01T05:04:19.000","2005-01-01T05:05:39.000","N","Y","412","380","2","2","1"
"500107060210273","2005-01-01T04:59:18.000","MANHATTAN","706","8 AVE & 33 ST","MANHATTAN","10001","14","3","104","2","10","PD Link/Medical","Initial Alarm","First Alarm","Medical - Assist Civilian","Medical Emergencies","9","2005-01-01T04:59:27.000","2005-01-01T04:59:56.000","2005-01-01T05:03:39.000","2005-01-01T05:15:41.000","N","Y","261","252","1","0","0"
"500113580140184","2005-01-01T04:59:23.000","BROOKLYN","1358","HICKS ST, 225 FT N OF LORRAINE ST","BROOKLYN","11231","76","38","306","15","7","PD Link/Medical","Initial Alarm","First Alarm","Medical - Assist Civilian","Medical Emergencies","11","2005-01-01T04:59:34.000","2005-01-01T04:59:59.000","2005-01-01T05:03:27.000","2005-01-01T05:14:36.000","N","Y","244","233","1","0","0"
"500142790150109","2005-01-01T05:00:39.000","QUEENS","4279","55 AVE/HULL AVE & 69 ST","QUEENS","11378","104","30","405","24","6","PD Link/Medical","Initial Alarm","First Alarm","Medical - Assist Civilian","Medical Emergencies","11","2005-01-01T05:00:50.000","2005-01-01T05:01:07.000","2005-01-01T05:05:01.000","2005-01-01T05:12:31.000","N","Y","262","251","1","0","0"
"500109200540185","2005-01-01T05:02:30.000","BROOKLYN","920","ALBANY AVE & PROSPECT PL","BROOKLYN","11213","77","36","308","17","9","EMS Link/Medical","Initial Alarm","First Alarm","Medical - EMS Link 10-91","Medical Emergencies","486","2005-01-01T05:10:36.000","2005-01-01T05:12:29.000","2005-01-01T05:20:06.000","2005-01-01T05:20:20.000","N","N","1056","570","1","0","0"
"500195440150110","2005-01-01T05:02:40.000","QUEENS","9544","70 AVE & EXETER ST","QUEENS","11375","112","29","406","28","6","Phone","Initial Alarm","First Alarm","Manhole Fire - Seeping Smoke","NonStructural Fires","68","2005-01-01T05:03:48.000","2005-01-01T05:04:05.000","2005-01-01T05:08:56.000","2005-01-01T07:08:50.000","N","Y","376","308","3","3","2"
"500134440120127","2005-01-01T05:02:42.000","BRONX","3444","OLINVILLE & ALLERTON AVES","BRONX","10467","49","15","211","11","14","Phone","Initial Alarm","First Alarm","Non-Medical 10-91 (Unnecessary Alarm)","NonMedical Emergencies","63","2005-01-01T05:03:45.000","2005-01-01T05:04:17.000",,"2005-01-01T05:09:18.000","N","N","0","0","1","0","0"
"500104400110274","2005-01-01T05:02:58.000","MANHATTAN","440","FDR DRIVE & 13 ST","MANHATTAN",,,,,,,"PD Link/Medical","Initial Alarm","First Alarm","Medical - PD Link 10-91","Medical Emergencies","12","2005-01-01T05:03:10.000","2005-01-01T05:04:07.000","2005-01-01T05:11:15.000","2005-01-01T05:11:25.000","N","Y","497","485","1","0","0"
"500149770150111","2005-01-01T05:04:37.000","QUEENS","4977","57 AVE & VAN HORN ST","QUEENS","11373","110","25","404","24","6","PD Link/Medical","Initial Alarm","First Alarm","Medical - PD Link 10-91","Medical Emergencies","29","2005-01-01T05:05:06.000","2005-01-01T05:05:38.000",,"2005-01-01T05:08:21.000","N","N","0","0","1","0","0"
"500132220140186","2005-01-01T05:04:58.000","BROOKLYN","3222","N. SVC RD LIEF ERICSON DR & KNAPP ST","BROOKLYN",,,,,,,"PD Link/Medical","Initial Alarm","First Alarm","Medical - PD Link 10-91","Medical Emergencies","17","2005-01-01T05:05:15.000","2005-01-01T05:05:31.000",,"2005-01-01T05:07:20.000","N","N","0","0","1","1","0"
"500186270140187","2005-01-01T05:05:25.000","BROOKLYN","8627","BELT PKWY BET KNAPP ST & FLATBUSH AV","BROOKLYN","11234","63","46","318","22","8","PD Link/Medical","Initial Alarm","First Alarm","Vehicle Accident - Other","NonMedical Emergencies","104","2005-01-01T05:07:09.000","2005-01-01T05:07:29.000","2005-01-01T05:11:47.000","2005-01-01T05:23:07.000","N","Y","382","278","2","2","1"
"500113930110275","2005-01-01T05:08:51.000","MANHATTAN","1393","AMSTERDAM AVE & 117 ST","MANHATTAN","10025","26","7","109","3","10","PD Link/Medical","Initial Alarm","First Alarm","Medical - Assist Civilian","Medical Emergencies","8","2005-01-01T05:08:59.000","2005-01-01T05:09:37.000","2005-01-01T05:12:06.000","2005-01-01T05:17:55.000","N","Y","195","187","1","0","0"
"500117120110276","2005-01-01T05:08:58.000","MANHATTAN","1712","HAVEN AVE & 171 ST","MANHATTAN","10032","33","10","112","6","13","Phone","Initial Alarm","First Alarm","Demolition Debris or Rubbish Fire","NonStructural Fires","38","2005-01-01T05:09:36.000","2005-01-01T05:10:10.000","2005-01-01T05:14:22.000","2005-01-01T05:38:24.000","N","Y","324","286","1","0","0"
"500110480240191","2005-01-01T05:09:18.000","BROOKLYN","1048","NEW YORK AVE & MIDWOOD ST","BROOKLYN","11225","71","40","309","17","9","Phone","DEFAULT RECORD","First Alarm","Non-Medical MFA - Phone","NonMedical MFAs","47","2005-01-01T05:10:05.000","2005-01-01T05:10:26.000","2005-01-01T05:13:47.000","2005-01-01T05:16:38.000","N","Y","269","222","3","1","1"
"500103580210277","2005-01-01T05:09:46.000","MANHATTAN","358","MACDOUGAL & BLEECKER STS","MANHATTAN","10012","6","1","102","2","10","PD Link/Medical","Initial Alarm","First Alarm","Medical - PD Link 10-91","Medical Emergencies","17","2005-01-01T05:10:03.000","2005-01-01T05:10:37.000","2005-01-01T05:14:17.000","2005-01-01T05:19:07.000","N","Y","271","254","1","0","0"
"500188100150112","2005-01-01T05:09:47.000","QUEENS","8810","105 AVE & INWOOD ST","QUEENS","11435","103","28","412","28","5","EMS Link/Medical","Initial Alarm","First Alarm","Medical - Assist Civilian","Medical Emergencies","9","2005-01-01T05:09:56.000","2005-01-01T05:10:12.000","2005-01-01T05:13:06.000","2005-01-01T05:28:05.000","N","Y","199","190","1","0","0"
"500107540330032","2005-01-01T05:12:05.000","RICHMOND / STATEN ISLAND","754","PORT RICHMOND & CASTLETON AVES","RICHMOND / STATEN ISLAND",,,,,,,"BARS","DEFAULT RECORD","First Alarm","Non-Medical MFA - BARS","NonMedical MFAs","22","2005-01-01T05:12:27.000","2005-01-01T05:12:40.000","2005-01-01T05:13:45.000","2005-01-01T05:15:28.000","N","Y","100","78","2","2","1"
"500127560130033","2005-01-01T05:12:18.000","RICHMOND / STATEN ISLAND","2756","KELLY BLVD & BRAISTED AVE","RICHMOND / STATEN ISLAND","10314","121","50","502","31","11","PD Link/Medical","Initial Alarm","First Alarm","Medical - Assist Civilian","Medical Emergencies","17","2005-01-01T05:12:35.000","2005-01-01T05:12:50.000","2005-01-01T05:20:56.000","2005-01-01T05:39:21.000","N","Y","518","501","1","0","0"
"500109400140192","2005-01-01T05:12:36.000","BROOKLYN","940","PUTNAM & NOSTRAND AVES","BROOKLYN","11216","79","36","303","13","8","PD Link/Medical","Initial Alarm","First Alarm","Medical - Assist Civilian","Medical Emergencies","12","2005-01-01T05:12:48.000","2005-01-01T05:13:06.000","2005-01-01T05:16:13.000","2005-01-01T05:22:50.000","N","Y","217","205","1","0","0"
"500138530120128","2005-01-01T05:12:39.000","BRONX","3853","PITMAN & BAYCHESTER AVES","BRONX","10466","47","12","212","11","16","Phone","Initial Alarm","First Alarm","Utility Emergency - Water","NonMedical Emergencies","53","2005-01-01T05:13:32.000","2005-01-01T05:14:00.000","2005-01-01T05:22:39.000","2005-01-01T05:37:30.000","N","Y","600","547","0","1","0"
"500108260140193","2005-01-01T05:13:12.000","BROOKLYN","826","EVERGREEN AVE & LINDEN ST","BROOKLYN","11221","83","34","304","32","7","PD Link/Medical","Initial Alarm","First Alarm","Medical - PD Link 10-91","Medical Emergencies","12","2005-01-01T05:13:24.000","2005-01-01T05:13:51.000","2005-01-01T05:19:33.000","2005-01-01T05:20:47.000","N","N","381","369","1","0","0"
"500116130210278","2005-01-01T05:13:39.000","MANHATTAN","1613","8 AVE & 143 ST","MANHATTAN","10030","32","9","110","5","13","Phone","Initial Alarm","First Alarm","Utility Emergency - Water","NonMedical Emergencies","67","2005-01-01T05:14:46.000","2005-01-01T05:15:13.000",,"2005-01-01T05:17:06.000","N","N","0","0","0","1","0"
"500104660140194","2005-01-01T05:15:38.000","BROOKLYN","466","OLD FULTON ST & HENRY ST","BROOKLYN","11201","84","33","302","13","7","PD Link/Medical","Initial Alarm","First Alarm","Vehicle Accident - Other","NonMedical Emergencies","29","2005-01-01T05:16:07.000","2005-01-01T05:16:41.000","2005-01-01T05:29:18.000","2005-01-01T05:37:15.000","N","Y","820","791","2","2","1"
"500106920140195","2005-01-01T05:16:45.000","BROOKLYN","692","WILLOUGHBY & THROOP AVES","BROOKLYN","11206","79","36","303","14","8","PD Link/Medical","Initial Alarm","First Alarm","Medical - PD Link 10-91","Medical Emergencies","9","2005-01-01T05:16:54.000","2005-01-01T05:17:21.000","2005-01-01T05:19:52.000","2005-01-01T05:22:52.000","N","Y","187","178","1","0","0"
"500125580120129","2005-01-01T05:16:47.000","BRONX","2558","UNION AVE & HOME ST","BRONX","10459","42","17","203","12","15","Phone","Initial Alarm","First Alarm","Utility Emergency - Water","NonMedical Emergencies","55","2005-01-01T05:17:42.000","2005-01-01T05:19:30.000","2005-01-01T05:33:16.000","2005-01-01T05:43:05.000","N","Y","989","934","0","1","0"
"500104400210279","2005-01-01T05:18:28.000","MANHATTAN","440","FDR DRIVE & 13 ST","MANHATTAN",,,,,,,"EMS Link/Medical","Initial Alarm","First Alarm","Medical - EMS Link 10-91","Medical Emergencies","13","2005-01-01T05:18:41.000","2005-01-01T05:19:32.000",,"2005-01-01T05:25:50.000","N","N","0","0","1","0","0"
"500107970310280","2005-01-01T05:18:30.000","MANHATTAN","797","8 AVE & 43 ST","MANHATTAN","10036","14","3","104","2","10","EMS Link/Medical","Initial Alarm","First Alarm","Medical - EMS Link 10-91","Medical Emergencies","60","2005-01-01T05:19:30.000","2005-01-01T05:20:08.000",,"2005-01-01T05:27:53.000","N","N","0","0","1","0","0"
"500141340140196","2005-01-01T05:20:18.000","BROOKLYN","4134","EAST 64 ST & MAYFAIR DR SOUTH","BROOKLYN","11234","63","46","318","22","8","EMS Link/Medical","Initial Alarm","First Alarm","Medical - Assist Civilian","Medical Emergencies","11","2005-01-01T05:20:29.000","2005-01-01T05:20:52.000","2005-01-01T05:27:27.000","2005-01-01T05:33:35.000","N","Y","429","418","1","0","0"
"500177750150113","2005-01-01T05:22:06.000","QUEENS","7775","32ND AVE AND 83RD ST","QUEENS","11370","115","25","403","30","14","PD Link/Medical","Initial Alarm","First Alarm","Medical - Assist Civilian","Medical Emergencies","8","2005-01-01T05:22:14.000","2005-01-01T05:22:27.000","2005-01-01T05:27:01.000","2005-01-01T05:37:48.000","N","Y","295","287","1","0","0"
"500104600130037","2005-01-01T05:23:10.000","RICHMOND / STATEN ISLAND","460","PARKHILL AVE & SOBEL COURT","RICHMOND / STATEN ISLAND","10304","120","49","501","31","11","Phone","Initial Alarm","First Alarm","Multiple Dwelling 'A' - Food on the stove fire","Structural Fires","91","2005-01-01T05:24:41.000","2005-01-01T05:25:00.000","2005-01-01T05:28:17.000","2005-01-01T05:47:21.000","N","Y","307","216","3","3","2"
"500184090150114","2005-01-01T05:23:11.000","QUEENS","8409","BELT PKWY BET ROCKAWAY BLVD & 225 ST","QUEENS","11413","105","31","413","29","5","EMS Link/Medical","Initial Alarm","First Alarm","Vehicle Accident - Other","NonMedical Emergencies","23","2005-01-01T05:23:34.000","2005-01-01T05:24:01.000","2005-01-01T05:28:50.000","2005-01-01T05:39:13.000","N","Y","339","316","2","2","1"
"500127310120131","2005-01-01T05:23:14.000","BRONX","2731","SOUTHERN BLVD & FREEMAN ST","BRONX","10459","42","17","203","12","15","EMS Link/Medical","DEFAULT RECORD","First Alarm","Medical MFA - EMS Link","Medical MFAs","27","2005-01-01T05:23:41.000","2005-01-01T05:24:01.000","2005-01-01T05:27:58.000","2005-01-01T05:29:46.000","N","Y","284","257","1","0","0"
"500130240140197","2005-01-01T05:25:59.000","BROOKLYN","3024","AVE N & EAST 22 ST","BROOKLYN","11210","70","48","314","22","9","Private Fire Alarm","Initial Alarm","First Alarm","Alarm System - Unwarranted","NonMedical Emergencies","51","2005-01-01T05:26:50.000","2005-01-01T05:27:26.000","2005-01-01T05:32:53.000","2005-01-01T05:42:20.000","N","Y","414","363","1","1","0"
"500148390150116","2005-01-01T05:26:16.000","QUEENS","4839","86 AVE & 148 ST","QUEENS",,,,,,,"BARS","DEFAULT RECORD","First Alarm","Non-Medical MFA - BARS","NonMedical MFAs","7","2005-01-01T05:26:23.000","2005-01-01T05:26:45.000","2005-01-01T05:30:36.000","2005-01-01T05:32:37.000","N","Y","260","253","2","2","1"
"500112210210282","2005-01-01T05:26:39.000","MANHATTAN","1221","1 AVE & 94 ST","MANHATTAN","10128","19","5","108","2","12","Phone","Initial Alarm","First Alarm","Assist Civilian - Non-Medical","NonMedical Emergencies","75","2005-01-01T05:27:54.000","2005-01-01T05:28:13.000","2005-01-01T05:33:07.000","2005-01-01T05:51:16.000","N","Y","388","313","0","1","0"
"500109130110281","2005-01-01T05:27:11.000","MANHATTAN","913","12 AVE & 57 ST","MANHATTAN","10019","18","6","104","2","10","PD Link/Medical","Initial Alarm","First Alarm","Medical - PD Link 10-91","Medical Emergencies","6","2005-01-01T05:27:17.000","2005-01-01T05:27:45.000","2005-01-01T05:32:42.000","2005-01-01T05:40:01.000","N","Y","331","325","1","0","0"
"500104400310283","2005-01-01T05:27:56.000","MANHATTAN","440","FDR DRIVE & 13 ST","MANHATTAN",,,,,,,"Verbal","Initial Alarm","First Alarm","Medical - Assist Civilian","Medical Emergencies","41","2005-01-01T05:28:37.000","2005-01-01T05:28:37.000","2005-01-01T06:03:03.000","2005-01-01T06:03:33.000","N","Y","2107","2066","1","0","0"
"500172990150117","2005-01-01T05:27:57.000","QUEENS","7299","ROOSEVELT AVE & 61 ST","QUEENS","11377","108","26","402","30","14","Phone","DEFAULT RECORD","First Alarm","Non-Medical MFA - Phone","NonMedical MFAs","41","2005-01-01T05:28:38.000","2005-01-01T05:28:49.000","2005-01-01T05:32:24.000","2005-01-01T05:35:56.000","N","Y","267","226","3","2","1"
"500122990120134","2005-01-01T05:28:20.000","BRONX","2299","CONCOURSE VILLAGE EAST & 156 ST","BRONX","10451","40","17","201","7","15","Phone","Initial Alarm","First Alarm","Utility Emergency - Water","NonMedical Emergencies","42","2005-01-01T05:29:02.000","2005-01-01T05:29:25.000","2005-01-01T05:33:07.000","2005-01-01T05:47:47.000","N","Y","287","245","0","1","0"
"500172240150118","2005-01-01T05:29:07.000","QUEENS","7224","LAUREL HILL BLVD OPP 55 AVE","QUEENS","11378","108","30","402","24","12","Phone","DEFAULT RECORD","First Alarm","Non-Medical MFA - Phone","NonMedical MFAs","70","2005-01-01T05:30:17.000","2005-01-01T05:30:32.000","2005-01-01T05:37:37.000","2005-01-01T05:44:22.000","N","Y","510","440","4","3","2"
"500133340120136","2005-01-01T05:30:45.000","BRONX","3334","DECATUR AVE & 193 ST","BRONX","10458","52","15","207","10","13","Phone","Initial Alarm","First Alarm","Utility Emergency - Water","NonMedical Emergencies","54","2005-01-01T05:31:39.000","2005-01-01T05:32:17.000","2005-01-01T05:37:25.000","2005-01-01T05:53:44.000","N","Y","400","346","0","1","0"
"500110610140198","2005-01-01T05:30:47.000","BROOKLYN","1061","NOSTRAND AVE & EASTERN PKWY","BROOKLYN","11216","77","35","308","17","9","PD Link/Medical","DEFAULT RECORD","First Alarm","Medical MFA - PD Link","Medical MFAs","12","2005-01-01T05:30:59.000","2005-01-01T05:31:20.000","2005-01-01T05:34:58.000","2005-01-01T05:38:51.000","N","Y","251","239","1","0","0"
"500131650120135","2005-01-01T05:30:57.000","BRONX","3165","LAFONTAIN AVENUE & 181 ST.","BRONX","10457","48","15","206","10","15","EMS Link/Medical","Initial Alarm","First Alarm","Medical - EMS Link 10-91","Medical Emergencies","36","2005-01-01T05:31:33.000","2005-01-01T05:31:56.000",,"2005-01-01T05:35:26.000","N","N","0","0","1","0","0"
"500108030140201","2005-01-01T05:34:50.000","BROOKLYN","803","KNICKERBOCKER & GATES AVE","BROOKLYN","11221","83","37","304","32","7","PD Link/Medical","Initial Alarm","First Alarm","Medical - PD Link 10-91","Medical Emergencies","7","2005-01-01T05:34:57.000","2005-01-01T05:35:16.000","2005-01-01T05:40:08.000","2005-01-01T05:44:29.000","N","Y","318","311","1","0","0"
"500129810120137","2005-01-01T05:36:32.000","BRONX","2981","E. TREMONT AVE & WASHINGTON AVE","BRONX","10457","48","15","206","9","15","PD Link/Medical","Initial Alarm","First Alarm","Medical - PD Link 10-91","Medical Emergencies","16","2005-01-01T05:36:48.000","2005-01-01T05:37:19.000","2005-01-01T05:41:48.000","2005-01-01T05:42:04.000","N","Y","316","300","1","0","0"
"500172520150119","2005-01-01T05:36:54.000","QUEENS","7252","47 AVE & 45 ST","QUEENS","11377","108","26","402","24","14","EMS Link/Medical","Initial Alarm","First Alarm","Medical - EMS Link 10-91","Medical Emergencies","9","2005-01-01T05:37:03.000","2005-01-01T05:37:28.000",,"2005-01-01T05:41:18.000","N","N","0","0","1","0","0"
"500175810150121","2005-01-01T05:38:13.000","QUEENS","7581","21ST AVE AND 31ST ST","QUEENS","11105","114","22","401","30","14","PD Link/Medical","Initial Alarm","First Alarm","Medical - PD Link 10-91","Medical Emergencies","8","2005-01-01T05:38:21.000","2005-01-01T05:38:51.000","2005-01-01T05:42:06.000","2005-01-01T05:45:32.000","N","N","233","225","1","0","0"
"500111840110284","2005-01-01T05:38:51.000","MANHATTAN","1184","AMSTERDAM AVE & 89 ST","MANHATTAN",,,,,,,"ERS No Contact","DEFAULT RECORD","First Alarm","Non-Medical MFA - ERS No Contact","NonMedical MFAs","6","2005-01-01T05:38:57.000","2005-01-01T05:39:25.000","2005-01-01T05:43:01.000","2005-01-01T05:44:04.000","N","Y","250","244","1","0","0"
"500105880210285","2005-01-01T05:41:00.000","MANHATTAN","588","5 AVE & 20 ST","MANHATTAN","10010","13","3","105","2","12","PD Link/Medical","Initial Alarm","First Alarm","Medical - PD Link 10-91","Medical Emergencies","13","2005-01-01T05:41:13.000","2005-01-01T05:41:40.000","2005-01-01T05:47:40.000","2005-01-01T05:47:54.000","N","Y","400","387","1","0","0"
"500145870150122","2005-01-01T05:42:06.000","QUEENS","4587","64 ST & MADISON ST","QUEENS","11385","104","30","405","24","6","PD Link/Medical","Initial Alarm","First Alarm","Medical - PD Link 10-91","Medical Emergencies","223","2005-01-01T05:45:49.000","2005-01-01T05:46:19.000","2005-01-01T05:51:25.000","2005-01-01T05:54:29.000","N","N","559","336","1","0","0"
"500106470140202","2005-01-01T05:42:17.000","BROOKLYN","647","MYRTLE AVE & TAAFFE PL","BROOKLYN","11205","79","33","303","14","7","PD Link/Medical","Initial Alarm","First Alarm","Medical - PD Link 10-91","Medical Emergencies","12","2005-01-01T05:42:29.000","2005-01-01T05:43:02.000","2005-01-01T05:48:09.000","2005-01-01T05:52:14.000","N","Y","352","340","1","0","0"
"500104650110286","2005-01-01T05:42:28.000","MANHATTAN","465","2 AVE & 13 ST","MANHATTAN","10003","9","2","103","1","12","PD Link/Medical","Initial Alarm","First Alarm","Medical - PD Link 10-91","Medical Emergencies","20","2005-01-01T05:42:48.000","2005-01-01T05:43:16.000","2005-01-01T05:45:57.000","2005-01-01T05:46:02.000","N","Y","209","189","1","0","0"
"500116130310287","2005-01-01T05:42:44.000","MANHATTAN","1613","8 AVE & 143 ST","MANHATTAN","10030","32","9","110","5","13","Phone","Initial Alarm","First Alarm","Utility Emergency - Water","NonMedical Emergencies","53","2005-01-01T05:43:37.000","2005-01-01T05:44:03.000","2005-01-01T05:48:33.000","2005-01-01T05:57:39.000","N","Y","349","296","0","1","0"
"500137070120139","2005-01-01T05:44:24.000","BRONX","3707","GODWIN TERR & KIMBERLY PL NEAR 230 & BWA","BRONX","10463","50","11","208","10","13","Phone","Initial Alarm","First Alarm","Utility Emergency - Steam","NonMedical Emergencies","89","2005-01-01T05:45:53.000","2005-01-01T05:46:12.000","2005-01-01T05:50:09.000","2005-01-01T05:57:57.000","N","Y","345","256","2","2","1"
"500111950110288","2005-01-01T05:44:35.000","MANHATTAN","1195","BROADWAY & 90 ST","MANHATTAN",,,,,,,"ERS No Contact","Initial Alarm","First Alarm","Medical - Assist Civilian","Medical Emergencies","18","2005-01-01T05:44:53.000","2005-01-01T05:45:22.000","2005-01-01T05:47:48.000","2005-01-01T06:27:36.000","N","Y","193","175","1","0","0"
"500117770110289","2005-01-01T05:46:03.000","MANHATTAN","1777","AUDUBON AV & W 192 ST","MANHATTAN","10040","34","10","112","6","13","EMS Link/Medical","Initial Alarm","First Alarm","Medical - EMS Link 10-91","Medical Emergencies","7","2005-01-01T05:46:10.000","2005-01-01T05:46:32.000","2005-01-01T05:50:53.000","2005-01-01T05:53:00.000","N","Y","290","283","1","0","0"
"500112220110290","2005-01-01T05:49:14.000","MANHATTAN","1222","FDR DRIVE & 95 ST","MANHATTAN","10028","23","8","108","2","13","Phone","Initial Alarm","First Alarm","Non-Medical 10-91 (Unnecessary Alarm)","NonMedical Emergencies","227","2005-01-01T05:53:01.000","2005-01-01T05:53:36.000","2005-01-01T05:57:15.000","2005-01-01T07:10:28.000","N","Y","481","254","2","2","1"
"500120020140204","2005-01-01T05:55:35.000","BROOKLYN","2002","SUTTER AV & PENNSYLVANIA AV/G. PAYNE AVE","BROOKLYN","11207","75","42","305","19","8","Phone","Initial Alarm","First Alarm","Vehicle Accident - Other","NonMedical Emergencies","42","2005-01-01T05:56:17.000","2005-01-01T05:56:44.000","2005-01-01T06:00:12.000","2005-01-01T06:12:45.000","N","Y","277","235","1","1","0"
"500153720150127","2005-01-01T05:56:04.000","QUEENS","5372","LINDEN BLVD & 175 ST","QUEENS","11434","113","27","412","29","5","Phone","Initial Alarm","First Alarm","Utility Emergency - Gas","NonMedical Emergencies","149","2005-01-01T05:58:33.000","2005-01-01T05:59:25.000","2005-01-01T06:03:32.000","2005-01-01T06:09:57.000","N","Y","448","299","2","2","1"
"500129080140205","2005-01-01T05:56:53.000","BROOKLYN","2908","BAY RIDGE AVE & BAY PKWY","BROOKLYN","11204","62","44","311","20","10","Phone","Initial Alarm","First Alarm","Medical - Assist Civilian","Medical Emergencies","43","2005-01-01T05:57:36.000","2005-01-01T05:58:10.000","2005-01-01T06:01:20.000","2005-01-01T06:22:19.000","N","Y","267","224","1","1","0"
"500171750150126","2005-01-01T05:57:37.000","QUEENS","7175","41 AVE & 10 ST","QUEENS",,,,,,,"ERS No Contact","DEFAULT RECORD","First Alarm","Non-Medical MFA - ERS No Contact","NonMedical MFAs","17","2005-01-01T05:57:54.000","2005-01-01T05:58:34.000","2005-01-01T06:02:25.000","2005-01-01T06:03:50.000","N","Y","288","271","1","0","0"
"500117620210293","2005-01-01T05:59:41.000","MANHATTAN","1762","FAIRVIEW AVE OPP BROADWAY TERRACE","MANHATTAN","10040","34","10","112","6","13","Phone","7-5 (All Hands Alarm)","All Hands Working","Undefined Emergency","NonMedical Emergencies","59","2005-01-01T06:00:40.000","2005-01-01T06:01:05.000","2005-01-01T06:08:19.000","2005-01-01T10:41:58.000","N","Y","518","459","4","2","5"
"500117620210293","2005-01-01T05:59:41.000","MANHATTAN","1762","FAIRVIEW AVE OPP BROADWAY TERRACE","MANHATTAN","10040","34","10","112","6","13","Phone","7-5 (All Hands Alarm)","Seventh Alarm","Undefined Emergency","NonMedical Emergencies","59","2005-01-01T06:00:40.000","2005-01-01T06:01:05.000","2005-01-01T06:08:19.000","2005-01-01T10:41:58.000","N","Y","518","459","4","2","5"
"500116850140206","2005-01-01T06:00:41.000","BROOKLYN","1685","BELMONT AV & STONE/MOTHER GASTON BLVD","BROOKLYN","11212","73","41","316","23","8","Phone","Initial Alarm","First Alarm","Multiple Dwelling 'A' - Food on the stove fire","Structural Fires","42","2005-01-01T06:01:23.000","2005-01-01T06:01:47.000","2005-01-01T06:05:56.000","2005-01-01T06:17:47.000","N","Y","315","273","2","1","1"
"500145010120140","2005-01-01T06:00:44.000","BRONX","4501","SHORE RD S/S OF BARTOW TRAFFIC CIRCLE","BRONX",,,,,,,"Phone","Initial Alarm","First Alarm","Other Transportation Fire","NonStructural Fires","84","2005-01-01T06:02:08.000","2005-01-01T06:02:29.000","2005-01-01T06:11:45.000","2005-01-01T07:08:24.000","N","Y","661","577","1","1","0"
"500109210130039","2005-01-01T06:02:06.000","RICHMOND / STATEN ISLAND","921","WILLOW RD WEST AND MURDOCK PL","RICHMOND / STATEN ISLAND","10303","121","49","501","31","11","EMS Link/Medical","Initial Alarm","First Alarm","Medical - EMS Link 10-91","Medical Emergencies","7","2005-01-01T06:02:13.000","2005-01-01T06:02:28.000","2005-01-01T06:08:08.000","2005-01-01T06:08:53.000","N","Y","362","355","1","0","0"
"500136830140207","2005-01-01T06:03:08.000","BROOKLYN","3683","EMMONS AVE & BRAGG ST","BROOKLYN","11235","61","48","315","22","8","PD Link/Medical","Initial Alarm","First Alarm","Medical - PD Link 10-91","Medical Emergencies","9","2005-01-01T06:03:17.000","2005-01-01T06:03:39.000","2005-01-01T06:10:39.000","2005-01-01T06:11:28.000","N","Y","451","442","1","0","0"
"500120630130041","2005-01-01T06:03:20.000","RICHMOND / STATEN ISLAND","2063","MIDLAND AND PATTERSON AVES","RICHMOND / STATEN ISLAND","10306","122","50","502","31","11","Private Fire Alarm","Initial Alarm","First Alarm","Alarm System - Unwarranted","NonMedical Emergencies","137","2005-01-01T06:05:37.000","2005-01-01T06:05:59.000","2005-01-01T06:10:51.000","2005-01-01T06:26:49.000","N","Y","451","314","3","2","1"
"500110630140209","2005-01-01T06:03:56.000","BROOKLYN","1063","NOSTRAND AVE & ST JOHNS PL","BROOKLYN","11216","77","35","308","17","9","Phone","Initial Alarm","First Alarm","Multiple Dwelling 'A' - Other fire","Structural Fires","57","2005-01-01T06:04:53.000","2005-01-01T06:05:13.000","2005-01-01T06:07:50.000","2005-01-01T06:33:45.000","N","Y","234","177","2","2","1"
"500127500130040","2005-01-01T06:04:33.000","RICHMOND / STATEN ISLAND","2750","TURF RD 250' W OF STEPNEY ST","RICHMOND / STATEN ISLAND","10314","121","50","502","31","11","PD Link/Medical","Initial Alarm","First Alarm","Medical - Assist Civilian","Medical Emergencies","12","2005-01-01T06:04:45.000","2005-01-01T06:05:07.000","2005-01-01T06:12:13.000","2005-01-01T06:28:46.000","N","Y","460","448","1","0","0"
"500184950210296","2005-01-01T06:05:01.000","MANHATTAN","8495","HUDSON PKWY BET 181 ST & DYCKMAN ST","MANHATTAN",,,,,,,"EMS Link/Medical","DEFAULT RECORD","First Alarm","Medical MFA - EMS Link","Medical MFAs","51","2005-01-01T06:05:52.000","2005-01-01T06:06:16.000","2005-01-01T06:12:06.000","2005-01-01T06:16:34.000","N","Y","425","374","2","2","1"
"500117690140210","2005-01-01T06:07:07.000","BROOKLYN","1769","BLAKE AVE & WARWICK ST","BROOKLYN","11207","75","42","305","19","8","EMS Link/Medical","Initial Alarm","First Alarm","Medical - EMS Link 10-91","Medical Emergencies","346","2005-01-01T06:12:53.000","2005-01-01T06:13:18.000","2005-01-01T06:15:58.000","2005-01-01T06:16:22.000","N","N","531","185","1","0","0"
"500108910110298","2005-01-01T06:07:23.000","MANHATTAN","891","PARK AVE & 54 ST","MANHATTAN","10022","18","4","105","2","12","Private Fire Alarm","Initial Alarm","First Alarm","Alarm System - Unwarranted","NonMedical Emergencies","58","2005-01-01T06:08:21.000","2005-01-01T06:08:41.000","2005-01-01T06:13:13.000","2005-01-01T06:18:08.000","N","Y","350","292","3","2","1"
"500122620120141","2005-01-01T06:08:22.000","BRONX","2262","TINTON AVE & 152 ST","BRONX","10455","40","8","201","7","15","EMS Link/Medical","Initial Alarm","First Alarm","Medical - EMS Link 10-91","Medical Emergencies","18","2005-01-01T06:08:40.000","2005-01-01T06:13:27.000","2005-01-01T06:14:36.000","2005-01-01T06:14:48.000","N","Y","374","356","1","0","0"
"500115760110299","2005-01-01T06:09:33.000","MANHATTAN","1576","5 AVE & 138 ST","MANHATTAN","10037","32","9","110","5","13","Phone","DEFAULT RECORD","First Alarm","Non-Medical MFA - Phone","NonMedical MFAs","62","2005-01-01T06:10:35.000","2005-01-01T06:11:07.000","2005-01-01T06:15:06.000","2005-01-01T06:26:30.000","N","Y","333","271","1","1","0"
"500102620110300","2005-01-01T06:11:25.000","MANHATTAN","262","ORCHARD & BROOME STS","MANHATTAN","10002","7","1","103","2","7","Phone","Initial Alarm","First Alarm","Utility Emergency - Gas","NonMedical Emergencies","59","2005-01-01T06:12:24.000","2005-01-01T06:12:45.000","2005-01-01T06:15:34.000","2005-01-01T06:21:12.000","N","Y","249","190","3","2","1"
"500109120110303","2005-01-01T06:13:25.000","MANHATTAN","912","11 AVE & 56 ST","MANHATTAN","10019","18","6","104","2","10","Private Fire Alarm","DEFAULT RECORD","First Alarm","Non-Medical MFA - Private Fire Alarm","NonMedical MFAs","159","2005-01-01T06:16:04.000","2005-01-01T06:16:25.000","2005-01-01T06:20:39.000","2005-01-01T06:32:22.000","N","Y","434","275","3","2","1"
"500117770210301","2005-01-01T06:13:39.000","MANHATTAN","1777","AUDUBON AV & W 192 ST","MANHATTAN","10040","34","10","112","6","13","PD Link/Medical","Initial Alarm","First Alarm","Medical - Assist Civilian","Medical Emergencies","182","2005-01-01T06:16:41.000","2005-01-01T06:17:06.000","2005-01-01T06:22:13.000","2005-01-01T07:40:10.000","N","N","514","332","1","0","0"
"500109510110302","2005-01-01T06:13:56.000","MANHATTAN","951","YORK AVE & 61 ST","MANHATTAN",,,,,,,"PD Link/Medical","Initial Alarm","First Alarm","Vehicle Accident - With Extrication","NonMedical Emergencies","155","2005-01-01T06:16:31.000","2005-01-01T06:16:49.000","2005-01-01T06:23:58.000","2005-01-01T07:17:08.000","N","Y","602","447","4","2","2"
"500114010150128","2005-01-01T06:16:56.000","QUEENS","1401","CRONSTON AVE & BEACH 124 ST","QUEENS","11694","100","32","414","27","5","Phone","Initial Alarm","First Alarm","Medical - Assist Civilian","Medical Emergencies","50","2005-01-01T06:17:46.000","2005-01-01T06:18:16.000","2005-01-01T06:20:41.000","2005-01-01T06:30:29.000","N","Y","225","175","1","1","0"
"500109940140212","2005-01-01T06:17:52.000","BROOKLYN","994","MARCY AVE & MAC DONOUGH ST","BROOKLYN","11216","79","36","303","13","8","EMS Link/Medical","Initial Alarm","First Alarm","Medical - EMS Link 10-91","Medical Emergencies","8","2005-01-01T06:18:00.000","2005-01-01T06:18:35.000",,"2005-01-01T06:24:30.000","N","N","0","0","1","0","0"
"500126600140213","2005-01-01T06:18:05.000","BROOKLYN","2660","4 AVE & 58 ST","BROOKLYN","11220","72","38","307","20","7","PD Link/Medical","Initial Alarm","First Alarm","Medical - Assist Civilian","Medical Emergencies","9","2005-01-01T06:18:14.000","2005-01-01T06:18:46.000","2005-01-01T06:22:46.000","2005-01-01T06:48:57.000","N","Y","281","272","1","0","0"
"500128350120144","2005-01-01T06:20:31.000","BRONX","2835","SOUND VIEW AVE AND BRUCKNER BLVD SB SVC","BRONX","10473","43","18","209","8","15","PD Link/Medical","Initial Alarm","First Alarm","Vehicle Accident - With Extrication","NonMedical Emergencies","36","2005-01-01T06:21:07.000","2005-01-01T06:22:11.000","2005-01-01T06:24:44.000","2005-01-01T06:43:15.000","N","Y","253","217","1","1","0"
"500142620140214","2005-01-01T06:20:55.000","BROOKLYN","4262","AVE O & E9 ST","BROOKLYN","11230","66","44","312","21","10","Phone","Initial Alarm","First Alarm","Carbon Monoxide - Code 2 - Incident (1-9 ppm)","NonMedical Emergencies","54","2005-01-01T06:21:49.000","2005-01-01T06:22:22.000","2005-01-01T06:25:47.000","2005-01-01T06:35:22.000","N","Y","292","238","1","1","0"
"500109570140215","2005-01-01T06:22:53.000","BROOKLYN","957","NOSTRAND AVE & HERKIMER ST","BROOKLYN","11216","77","36","308","17","8","PD Link/Medical","Initial Alarm","First Alarm","Medical - Assist Civilian","Medical Emergencies","110","2005-01-01T06:24:43.000","2005-01-01T06:25:38.000","2005-01-01T06:28:42.000","2005-01-01T06:38:55.000","N","N","349","239","1","0","0"
"500112160110304","2005-01-01T06:23:30.000","MANHATTAN","1216","CENTRAL PARK W. & 93 ST","MANHATTAN","10025","24","6","107","3","10","EMS Link/Medical","Initial Alarm","First Alarm","Medical - Assist Civilian","Medical Emergencies","21","2005-01-01T06:23:51.000","2005-01-01T06:24:02.000","2005-01-01T06:28:54.000","2005-01-01T07:02:47.000","N","Y","324","303","1","0","0"
"500104380110305","2005-01-01T06:24:54.000","MANHATTAN","438","AVENUE A & 7 ST","MANHATTAN","10009","9","2","103","1","12","PD Link/Medical","Initial Alarm","First Alarm","Medical - PD Link 10-91","Medical Emergencies","10","2005-01-01T06:25:04.000","2005-01-01T06:25:45.000",,"2005-01-01T06:28:05.000","N","N","0","0","1","0","0"
"500122750120145","2005-01-01T06:26:09.000","BRONX","2275","153 ST & COURTLANDT","BRONX","10451","40","17","201","7","15","Phone","Initial Alarm","First Alarm","Non-Medical 10-91 (Unnecessary Alarm)","NonMedical Emergencies","68","2005-01-01T06:27:17.000","2005-01-01T06:27:53.000","2005-01-01T06:33:11.000","2005-01-01T06:39:07.000","N","Y","422","354","0","1","0"
"500135450140216","2005-01-01T06:28:16.000","BROOKLYN","3545","N/SVC RD LIEF ERICSON DR & W3 ST","BROOKLYN","11223","60","47","313","21","11","EMS Link/Medical","Initial Alarm","First Alarm","Medical - EMS Link 10-91","Medical Emergencies","7","2005-01-01T06:28:23.000","2005-01-01T06:28:46.000","2005-01-01T06:35:42.000","2005-01-01T06:35:55.000","N","Y","446","439","1","0","0"
"500107390110306","2005-01-01T06:31:57.000","MANHATTAN","739","MADISON AVE AND 37TH ST","MANHATTAN","10016","17","4","106","2","12","Private Fire Alarm","Initial Alarm","First Alarm","Multiple Dwelling 'B' Fire","Structural Fires","70","2005-01-01T06:33:07.000","2005-01-01T06:33:27.000","2005-01-01T06:38:06.000","2005-01-01T07:02:43.000","N","Y","369","299","3","2","1"
"500101330110307","2005-01-01T06:33:46.000","MANHATTAN","133","PARK ROW-200' N OF PEARL ST","MANHATTAN","10007","5","1","103","2","7","EMS Link/Medical","Initial Alarm","First Alarm","Medical - EMS Link 10-91","Medical Emergencies","18","2005-01-01T06:34:04.000","2005-01-01T06:34:26.000","2005-01-01T06:38:03.000","2005-01-01T06:42:10.000","N","Y","257","239","1","0","0"
"500158750150129","2005-01-01T06:34:29.000","QUEENS","5875","147 AVE & 182 ST","QUEENS","11413","105","31","413","29","5","EMS Link/Medical","Initial Alarm","First Alarm","Medical - Assist Civilian","Medical Emergencies","14","2005-01-01T06:34:43.000","2005-01-01T06:35:14.000","2005-01-01T06:40:04.000","2005-01-01T06:54:42.000","N","Y","335","321","1","0","0"
"500131620120147","2005-01-01T06:36:17.000","BRONX","3162","TIEBOUT AVE & 181 ST","BRONX","10457","46","15","205","10","15","Phone","Initial Alarm","First Alarm","Utility Emergency - Water","NonMedical Emergencies","48","2005-01-01T06:37:05.000","2005-01-01T06:37:30.000","2005-01-01T06:43:26.000","2005-01-01T07:00:20.000","N","Y","429","381","0","1","0"
"500138120120149","2005-01-01T06:37:04.000","BRONX","3812","BARNES AVE & 231 ST","BRONX","10466","47","12","212","11","16","Phone","Initial Alarm","First Alarm","Non-Medical 10-91 (Unnecessary Alarm)","NonMedical Emergencies","39","2005-01-01T06:37:43.000","2005-01-01T06:39:29.000","2005-01-01T06:45:13.000","2005-01-01T06:46:35.000","N","Y","489","450","0","1","0"
"500109360210308","2005-01-01T06:39:02.000","MANHATTAN","936","LEXINGTON AVE & 59 ST","MANHATTAN","10022","19","4","108","2","12","PD Link/Medical","Initial Alarm","First Alarm","Medical - PD Link 10-91","Medical Emergencies","21","2005-01-01T06:39:23.000","2005-01-01T06:39:45.000","2005-01-01T06:45:02.000","2005-01-01T06:45:53.000","N","N","360","339","1","0","0"
"500123090520150","2005-01-01T06:39:55.000","BRONX","2309","PARK AVE & 158 ST","BRONX","10451","44","16","204","7","15","PD Link/Medical","Initial Alarm","First Alarm","Medical - Assist Civilian","Medical Emergencies","8","2005-01-01T06:40:03.000","2005-01-01T06:40:28.000","2005-01-01T06:44:31.000","2005-01-01T06:57:14.000","N","Y","276","268","1","0","0"
"500107480140218","2005-01-01T06:40:17.000","BROOKLYN","748","WYCKOFF & DEKALB AVES","BROOKLYN","11237","83","37","304","32","7","EMS Link/Medical","Initial Alarm","First Alarm","Medical - EMS Link 10-91","Medical Emergencies","29","2005-01-01T06:40:46.000","2005-01-01T06:40:59.000","2005-01-01T06:44:28.000","2005-01-01T06:48:41.000","N","Y","251","222","1","0","0"
"500113520110309","2005-01-01T06:41:50.000","MANHATTAN","1352","AC POWELL JR BLVD & 112 ST","MANHATTAN","10026","28","9","110","3","13","EMS Link/Medical","Initial Alarm","First Alarm","Medical - Assist Civilian","Medical Emergencies","13","2005-01-01T06:42:03.000","2005-01-01T06:42:27.000","2005-01-01T06:48:08.000","2005-01-01T07:04:53.000","N","Y","378","365","1","0","0"
"500109200640219","2005-01-01T06:42:28.000","BROOKLYN","920","ALBANY AVE & PROSPECT PL","BROOKLYN","11213","77","36","308","17","9","PD Link/Medical","Initial Alarm","First Alarm","Medical - PD Link 10-91","Medical Emergencies","7","2005-01-01T06:42:35.000","2005-01-01T06:42:59.000",,"2005-01-01T06:48:56.000","N","N","0","0","1","0","0"
"500120500140220","2005-01-01T06:42:43.000","BROOKLYN","2050","MCKINLEY AVE & CRESCENT ST","BROOKLYN","11208","75","37","305","19","8","EMS Link/Medical","Initial Alarm","First Alarm","Medical - EMS Link 10-91","Medical Emergencies","6","2005-01-01T06:42:49.000","2005-01-01T06:43:12.000",,"2005-01-01T06:51:10.000","N","N","0","0","1","0","0"
"500172440150131","2005-01-01T06:46:34.000","QUEENS","7244","50 AVE & 39 PL","QUEENS","11104","108","26","402","24","14","Phone","Initial Alarm","First Alarm","Multiple Dwelling 'A' - Food on the stove fire","Structural Fires","111","2005-01-01T06:48:25.000","2005-01-01T06:48:52.000","2005-01-01T06:52:33.000","2005-01-01T07:01:34.000","N","Y","359","248","3","2","1"
"500107060310310","2005-01-01T06:46:51.000","MANHATTAN","706","8 AVE & 33 ST","MANHATTAN","10001","14","3","105","2","12","EMS Link/Medical","Initial Alarm","First Alarm","Medical - EMS Link 10-91","Medical Emergencies","7","2005-01-01T06:46:58.000","2005-01-01T06:47:35.000","2005-01-01T06:51:02.000","2005-01-01T06:59:19.000","N","Y","251","244","1","0","0"
"500158780150130","2005-01-01T06:47:04.000","QUEENS","5878","147 AVE & 228 ST","QUEENS","11413","105","31","413","29","5","EMS Link/Medical","Initial Alarm","First Alarm","Medical - EMS Link 10-91","Medical Emergencies","472","2005-01-01T06:54:56.000","2005-01-01T06:55:10.000",,"2005-01-01T06:55:43.000","N","N","0","0","1","0","0"
"500138460120151","2005-01-01T06:48:13.000","BRONX","3846","CARPENTER AVE & 235 ST","BRONX",,,,,,,"ERS No Contact","DEFAULT RECORD","First Alarm","Non-Medical MFA - ERS No Contact","NonMedical MFAs","23","2005-01-01T06:48:36.000","2005-01-01T06:49:15.000","2005-01-01T06:53:47.000","2005-01-01T06:55:07.000","N","Y","334","311","1","0","0"
"500142260150132","2005-01-01T06:48:24.000","QUEENS","4226","58 AVE & 69 ST","QUEENS","11378","104","30","405","24","6","Phone","Initial Alarm","First Alarm","Non-Medical 10-91 (Unnecessary Alarm)","NonMedical Emergencies","57","2005-01-01T06:49:21.000","2005-01-01T06:49:44.000","2005-01-01T06:55:41.000","2005-01-01T07:02:47.000","N","Y","437","380","0","1","0"
"500134980120152","2005-01-01T06:48:54.000","BRONX","3498","OLINVILLE AVE & ROSEWOOD ST","BRONX","10467","47","15","212","11","16","Phone","Initial Alarm","First Alarm","Multiple Dwelling 'A' - Food on the stove fire","Structural Fires","58","2005-01-01T06:49:52.000","2005-01-01T06:50:21.000","2005-01-01T06:53:41.000","2005-01-01T07:12:55.000","N","Y","287","229","2","2","1"
"500106700110313","2005-01-01T06:48:59.000","MANHATTAN","670","AVE OF AMERICAS & W 29 ST","MANHATTAN","10001","13","3","105","2","12","Private Fire Alarm","DEFAULT RECORD","First Alarm","Non-Medical MFA - Private Fire Alarm","NonMedical MFAs","102","2005-01-01T06:50:41.000","2005-01-01T06:51:03.000","2005-01-01T06:55:31.000","2005-01-01T06:56:14.000","N","Y","392","290","3","2","1"
"500114740110312","2005-01-01T06:49:20.000","MANHATTAN","1474","MORNINGSIDE AVE & W125 ST\M.L.KING JR BL","MANHATTAN","10027","26","7","109","5","13","PD Link/Medical","Initial Alarm","First Alarm","Medical - PD Link 10-91","Medical Emergencies","9","2005-01-01T06:49:29.000","2005-01-01T06:50:03.000","2005-01-01T06:54:54.000","2005-01-01T06:59:14.000","N","Y","334","325","1","0","0"
"500127250140222","2005-01-01T06:49:31.000","BROOKLYN","2725","FORT HAMILTON PKWY & 88 ST","BROOKLYN","11209","68","43","310","20","11","Phone","Initial Alarm","First Alarm","Carbon Monoxide - Code 1 - Investigation","NonMedical Emergencies","60","2005-01-01T06:50:31.000","2005-01-01T06:51:02.000","2005-01-01T06:53:55.000","2005-01-01T07:08:25.000","N","Y","264","204","1","1","0"
"500107260140221","2005-01-01T06:49:43.000","BROOKLYN","726","WILSON AVE & JEFFERSON ST","BROOKLYN","11206","83","34","304","32","7","EMS Link/Medical","Initial Alarm","First Alarm","Medical - Assist Civilian","Medical Emergencies","8","2005-01-01T06:49:51.000","2005-01-01T06:50:07.000","2005-01-01T06:54:39.000","2005-01-01T07:08:20.000","N","Y","296","288","1","0","0"
"500197140150133","2005-01-01T06:50:15.000","QUEENS","9714","UNION TNPK & 182 ST","QUEENS",,,,,,,"BARS","DEFAULT RECORD","First Alarm","Non-Medical MFA - BARS","NonMedical MFAs","18","2005-01-01T06:50:33.000","2005-01-01T06:50:48.000","2005-01-01T06:55:54.000","2005-01-01T06:57:03.000","N","Y","339","321","2","2","1"
"500143540120153","2005-01-01T06:51:11.000","BRONX","4354","WARING & DELANOY AVES","BRONX","10469","49","13","211","11","14","EMS Link/Medical","Initial Alarm","First Alarm","Medical - EMS Link 10-91","Medical Emergencies","245","2005-01-01T06:55:16.000","2005-01-01T06:55:45.000","2005-01-01T07:01:03.000","2005-01-01T07:07:40.000","N","N","592","347","1","0","0"
"500117240110314","2005-01-01T06:51:13.000","MANHATTAN","1724","WADSWORTH AVE AND 176TH ST","MANHATTAN","10033","33","10","112","6","13","Private Fire Alarm","Initial Alarm","First Alarm","Alarm System - Unwarranted","NonMedical Emergencies","91","2005-01-01T06:52:44.000","2005-01-01T06:53:04.000","2005-01-01T06:57:21.000","2005-01-01T07:25:40.000","N","Y","368","277","1","1","1"
"500137180120154","2005-01-01T06:53:49.000","BRONX","3718","ADRIAN AVE & W 228 ST","BRONX","10463","50","10","208","10","13","Phone","Initial Alarm","First Alarm","Odor - Other Smoke","NonMedical Emergencies","54","2005-01-01T06:54:43.000","2005-01-01T06:55:03.000","2005-01-01T06:58:03.000","2005-01-01T07:09:55.000","N","Y","254","200","3","2","1"
"500128970120155","2005-01-01T06:54:47.000","BRONX","2897","WESTCHESTER & BOYNTON AVES","BRONX","10472","43","18","209","12","15","PD Link/Medical","Initial Alarm","First Alarm","Medical - PD Link 10-91","Medical Emergencies","14","2005-01-01T06:55:01.000","2005-01-01T06:55:20.000",,"2005-01-01T06:56:23.000","N","N","0","0","1","0","0"
"500104330110322","2005-01-01T06:55:18.000","MANHATTAN","433","LEWIS & 5 STS","MANHATTAN","10009","9","2","103","1","7","Phone","Initial Alarm","First Alarm","Non-Medical 10-91 (Unnecessary Alarm)","NonMedical Emergencies","38","2005-01-01T06:55:56.000","2005-01-01T06:56:38.000","2005-01-01T07:00:55.000","2005-01-01T07:41:02.000","N","Y","337","299","0","1","1"
"500112850150135","2005-01-01T06:58:16.000","QUEENS","1285","ELIZABETH AVE & BEACH 69 ST","QUEENS","11692","100","31","414","27","5","Phone","Initial Alarm","First Alarm","Carbon Monoxide - Code 2 - Incident (1-9 ppm)","NonMedical Emergencies","64","2005-01-01T06:59:20.000","2005-01-01T06:59:44.000","2005-01-01T07:06:13.000","2005-01-01T07:18:08.000","N","Y","477","413","1","1","0"
"500110260110324","2005-01-01T06:59:49.000","MANHATTAN","1026","CENTRAL PARK W. & 71 ST","MANHATTAN","10023","20","6","107","3","10","Phone","Initial Alarm","First Alarm","Odor - Other Than Smoke","NonMedical Emergencies","125","2005-01-01T07:01:54.000","2005-01-01T07:02:20.000","2005-01-01T07:05:31.000","2005-01-01T07:21:17.000","N","Y","342","217","3","2","1"
"500109340110323","2005-01-01T07:00:43.000","MANHATTAN","934","AVENUE OF THE AMERICAS & 59 ST","MANHATTAN","10019","18","4","105","2","12","EMS Link/Medical","Initial Alarm","First Alarm","Medical - EMS Link 10-91","Medical Emergencies","8","2005-01-01T07:00:51.000","2005-01-01T07:01:17.000","2005-01-01T07:04:39.000","2005-01-01T07:13:16.000","N","Y","236","228","1","0","0"
"500113810110326","2005-01-01T07:04:32.000","MANHATTAN","1381","FDR DR & LUIS M MARIN BLVD/116 ST","MANHATTAN",,,,,,,"Phone","Initial Alarm","First Alarm","Non-Medical 10-91 (Unnecessary Alarm)","NonMedical Emergencies","192","2005-01-01T07:07:44.000","2005-01-01T07:08:10.000","2005-01-01T07:12:32.000","2005-01-01T07:13:05.000","N","Y","480","288","2","2","1"
"500128280120157","2005-01-01T07:04:36.000","BRONX","2828","CASTLE HILL AV & BRUCKNER BLVD NB/SVC RD","BRONX","10473","43","18","209","8","15","PD Link/Medical","Initial Alarm","First Alarm","Undefined Emergency","NonMedical Emergencies","26","2005-01-01T07:05:02.000","2005-01-01T07:05:33.000",,"2005-01-01T07:06:25.000","N","N","0","0","1","1","0"
"500110170140223","2005-01-01T07:05:41.000","BROOKLYN","1017","SCHENECTADY AVE & CROWN ST","BROOKLYN","11213","71","35","309","17","9","Phone","7-5 (All Hands Alarm)","Seventh Alarm","Multiple Dwelling 'A' - Other fire","Structural Fires","51","2005-01-01T07:06:32.000","2005-01-01T07:06:52.000","2005-01-01T07:08:52.000","2005-01-01T08:07:01.000","N","Y","191","140","5","3","5"
"500110170140223","2005-01-01T07:05:41.000","BROOKLYN","1017","SCHENECTADY AVE & CROWN ST","BROOKLYN","11213","71","35","309","17","9","Phone","7-5 (All Hands Alarm)","All Hands Working","Multiple Dwelling 'A' - Other fire","Structural Fires","51","2005-01-01T07:06:32.000","2005-01-01T07:06:52.000","2005-01-01T07:08:52.000","2005-01-01T08:07:01.000","N","Y","191","140","5","3","5"
"500189820120159","2005-01-01T07:05:42.000","BRONX","8982","BRUCKNER EXPY-BOLTON AVE & MIDDLETOWN RD","BRONX","10472","43","18","209","8","15","PD Link/Medical","Initial Alarm","First Alarm","Medical - PD Link 10-91","Medical Emergencies","17","2005-01-01T07:05:59.000","2005-01-01T07:06:34.000","2005-01-01T07:09:50.000","2005-01-01T07:13:40.000","N","Y","248","231","2","2","1"
"500121150140227","2005-01-01T07:07:30.000","BROOKLYN","2115","HEGEMAN AVE & HERZL ST","BROOKLYN","11212","73","42","316","23","9","Phone","Initial Alarm","First Alarm","Multiple Dwelling 'A' - Food on the stove fire","Structural Fires","48","2005-01-01T07:08:18.000","2005-01-01T07:08:31.000","2005-01-01T07:12:15.000","2005-01-01T07:22:04.000","N","Y","285","237","2","2","1"
"500119340140226","2005-01-01T07:07:45.000","BROOKLYN","1934","STANLEY AVE & ASHFORD ST","BROOKLYN","11207","75","42","305","19","8","EMS Link/Medical","Initial Alarm","First Alarm","Medical - EMS Link 10-91","Medical Emergencies","9","2005-01-01T07:07:54.000","2005-01-01T07:08:27.000","2005-01-01T07:13:11.000","2005-01-01T07:16:10.000","N","Y","326","317","1","0","0"
"500137260140230","2005-01-01T07:13:29.000","BROOKLYN","3726","ROGERS AVE & MARTENSE ST","BROOKLYN","11226","67","40","317","17","9","Phone","Initial Alarm","First Alarm","Utility Emergency - Water","NonMedical Emergencies","51","2005-01-01T07:14:20.000","2005-01-01T07:14:42.000","2005-01-01T07:26:33.000","2005-01-01T07:29:39.000","N","Y","784","733","0","1","0"
"500114600110328","2005-01-01T07:13:54.000","MANHATTAN","1460","WARD'S IS., OUTSIDE ADMIN. BLDG","MANHATTAN","10035","25","8","111","4","12","EMS Link/Medical","Initial Alarm","First Alarm","Medical - Assist Civilian","Medical Emergencies","12","2005-01-01T07:14:06.000","2005-01-01T07:14:40.000","2005-01-01T07:25:55.000","2005-01-01T07:40:08.000","N","Y","721","709","1","0","0"
"500120090150136","2005-01-01T07:14:15.000","QUEENS","2009","PITKIN AVE. & CROSS BAY BLVD.","QUEENS","11417","106","32","410","27","8","PD Link/Medical","DEFAULT RECORD","First Alarm","Medical MFA - PD Link","Medical MFAs","13","2005-01-01T07:14:28.000","2005-01-01T07:14:52.000","2005-01-01T07:19:02.000","2005-01-01T07:22:57.000","N","Y","287","274","1","0","0"
"500118210110331","2005-01-01T07:14:43.000","MANHATTAN","1821","BROADWAY AND 212TH ST","MANHATTAN","10034","34","10","112","6","13","Phone","Initial Alarm","First Alarm","Multiple Dwelling 'A' - Food on the stove fire","Structural Fires","64","2005-01-01T07:15:47.000","2005-01-01T07:16:03.000","2005-01-01T07:19:15.000","2005-01-01T07:33:35.000","N","Y","272","208","3","2","1"
"500179400150137","2005-01-01T07:15:48.000","QUEENS","7940","B'WAY & BRITTON AVE","QUEENS","11373","110","25","404","24","6","EMS Link/Medical","Initial Alarm","First Alarm","Medical - Assist Civilian","Medical Emergencies","34","2005-01-01T07:16:22.000","2005-01-01T07:16:48.000","2005-01-01T07:22:26.000","2005-01-01T07:34:06.000","N","Y","398","364","1","0","0"
"500114810110332","2005-01-01T07:16:04.000","MANHATTAN","1481","2 AVE & E125 ST\M.L.KING JR BLVD","MANHATTAN","10035","25","8","111","5","13","PD Link/Medical","Initial Alarm","First Alarm","Medical - PD Link 10-91","Medical Emergencies","34","2005-01-01T07:16:38.000","2005-01-01T07:17:05.000","2005-01-01T07:20:12.000","2005-01-01T07:22:01.000","N","Y","248","214","1","0","0"
"500131180120163","2005-01-01T07:17:01.000","BRONX","3118","GRAND CONCOURSE & 179 ST","BRONX","10457","46","15","205","9","15","Phone","Initial Alarm","First Alarm","Carbon Monoxide - Code 1 - Investigation","NonMedical Emergencies","93","2005-01-01T07:18:34.000","2005-01-01T07:18:57.000","2005-01-01T07:24:07.000","2005-01-01T07:34:28.000","N","Y","426","333","1","1","0"
"500198280150139","2005-01-01T07:17:29.000","QUEENS","9828","97 AVE & LIVERPOOL ST","QUEENS","11435","103","28","412","28","5","PD Link/Medical","Initial Alarm","First Alarm","Medical - Assist Civilian","Medical Emergencies","12","2005-01-01T07:17:41.000","2005-01-01T07:18:03.000","2005-01-01T07:21:29.000","2005-01-01T07:28:09.000","N","Y","240","228","1","0","0"
"500189010120164","2005-01-01T07:17:36.000","BRONX","8901","CROSS BRONX EXPY BET WEBSTER & 3 AVES","BRONX",,,,,,,"Phone","Initial Alarm","First Alarm","Medical - Assist Civilian","Medical Emergencies","222","2005-01-01T07:21:18.000","2005-01-01T07:21:48.000","2005-01-01T07:25:50.000","2005-01-01T07:35:55.000","N","Y","494","272","2","2","1"
"500126240240231","2005-01-01T07:17:52.000","BROOKLYN","2624","7 AVE & 57 ST","BROOKLYN","11220","72","38","307","20","7","PD Link/Medical","Initial Alarm","First Alarm","Medical - Assist Civilian","Medical Emergencies","8","2005-01-01T07:18:00.000","2005-01-01T07:18:19.000","2005-01-01T07:24:10.000","2005-01-01T07:36:31.000","N","Y","378","370","1","0","0"
"500114640440232","2005-01-01T07:18:21.000","BROOKLYN","1464","6 AVE & 48 ST","BROOKLYN","11220","72","38","307","15","7","Phone","Initial Alarm","First Alarm","Utility Emergency - Water","NonMedical Emergencies","39","2005-01-01T07:19:00.000","2005-01-01T07:19:20.000","2005-01-01T07:22:47.000","2005-01-01T07:28:04.000","N","Y","266","227","0","1","0"
"500183700150141","2005-01-01T07:20:21.000","QUEENS","8370","CROSS IS PKWY 350 FT E FT TOTTEN PD B","QUEENS",,,,,,,"Phone","Initial Alarm","First Alarm","Non-Medical 10-91 (Unnecessary Alarm)","NonMedical Emergencies","152","2005-01-01T07:22:53.000","2005-01-01T07:23:14.000","2005-01-01T07:29:28.000","2005-01-01T07:32:54.000","N","Y","547","395","2","2","1"
"500127160120167","2005-01-01T07:21:37.000","BRONX","2716","MERRIAM AVE & W 169 ST","BRONX","10452","44","16","204","9","15","Phone","Initial Alarm","First Alarm","Non-Medical 10-91 (Unnecessary Alarm)","NonMedical Emergencies","77","2005-01-01T07:22:54.000","2005-01-01T07:23:09.000","2005-01-01T07:26:45.000","2005-01-01T07:32:55.000","N","Y","308","231","1","1","0"
"500116050110336","2005-01-01T07:23:17.000","MANHATTAN","1605","AC POWELL JR BLVD & 142 ST","MANHATTAN","10030","32","9","110","5","13","Phone","Initial Alarm","First Alarm","Utility Emergency - Electric","NonMedical Emergencies","47","2005-01-01T07:24:04.000","2005-01-01T07:24:28.000","2005-01-01T07:29:19.000","2005-01-01T07:39:29.000","N","Y","362","315","0","1","0"
"500104410110337","2005-01-01T07:24:42.000","MANHATTAN","441","LEWIS & 7 STS","MANHATTAN","10009","9","2","103","1","7","PD Link/Medical","Initial Alarm","First Alarm","Medical - PD Link 10-91","Medical Emergencies","14","2005-01-01T07:24:56.000","2005-01-01T07:26:07.000","2005-01-01T07:32:08.000","2005-01-01T07:32:40.000","N","Y","446","432","1","0","0"
"500118960140233","2005-01-01T07:29:16.000","BROOKLYN","1896","LIBERTY & EUCLID AVES","BROOKLYN","11208","75","37","305","19","8","Phone","Initial Alarm","First Alarm","Vehicle Accident - Other","NonMedical Emergencies","139","2005-01-01T07:31:35.000","2005-01-01T07:31:52.000","2005-01-01T07:35:52.000","2005-01-01T08:03:56.000","N","Y","396","257","1","1","2"
"500187420130043","2005-01-01T07:30:48.000","RICHMOND / STATEN ISLAND","8742","SI EXPY BTW VERR BR PLZ & RICH. RD/CLOVE","RICHMOND / STATEN ISLAND","10305","120","50","501","31","11","Verbal","Initial Alarm","First Alarm","Medical - Assist Civilian","Medical Emergencies","68","2005-01-01T07:31:56.000","2005-01-01T07:31:56.000","2005-01-01T07:32:05.000","2005-01-01T07:46:43.000","N","Y","77","9","2","2","2"
"500131220120169","2005-01-01T07:31:25.000","BRONX","3122","BURNSIDE & MORRIS AVES","BRONX",,,,,,,"ERS No Contact","DEFAULT RECORD","First Alarm","Non-Medical MFA - ERS No Contact","NonMedical MFAs","11","2005-01-01T07:31:36.000","2005-01-01T07:31:50.000","2005-01-01T07:35:43.000","2005-01-01T07:36:42.000","N","Y","258","247","1","0","0"
"500136850340234","2005-01-01T07:32:12.000","BROOKLYN","3685","BRIGHTON BEACH AV & BRIGHTON 15 ST","BROOKLYN","11235","60","48","313","21","8","EMS Link/Medical","Initial Alarm","First Alarm","Medical - Assist Civilian","Medical Emergencies","9","2005-01-01T07:32:21.000","2005-01-01T07:32:54.000","2005-01-01T07:39:29.000","2005-01-01T07:48:11.000","N","Y","437","428","1","0","0"
"500133300220170","2005-01-01T07:32:38.000","BRONX","3330","WEBSTER AVE & 187 ST","BRONX","10458","46","15","205","10","15","Verbal","Initial Alarm","First Alarm","Non-Medical 10-91 (Unnecessary Alarm)","NonMedical Emergencies","89","2005-01-01T07:34:07.000","2005-01-01T07:34:07.000","2005-01-01T07:36:23.000","2005-01-01T07:38:25.000","N","Y","225","136","1","0","0"
"500117950150143","2005-01-01T07:33:21.000","QUEENS","1795","LINDEN BLVD & 79 ST","QUEENS","11414","106","32","410","27","8","EMS Link/Medical","Initial Alarm","First Alarm","Medical - Assist Civilian","Medical Emergencies","35","2005-01-01T07:33:56.000","2005-01-01T07:34:11.000","2005-01-01T07:39:20.000","2005-01-01T07:53:19.000","N","Y","359","324","1","1","0"
"500162850150144","2005-01-01T07:33:57.000","QUEENS","6285","17 AVE & 201 ST","QUEENS","11357","109","19","407","25","3","Phone","DEFAULT RECORD","First Alarm","Non-Medical MFA - Phone","NonMedical MFAs","52","2005-01-01T07:34:49.000","2005-01-01T07:35:04.000","2005-01-01T07:36:49.000","2005-01-01T07:39:09.000","N","Y","172","120","2","2","1"
"500133320120172","2005-01-01T07:35:31.000","BRONX","3332","VALENTINE AVE & 187 ST","BRONX","10458","46","15","205","10","15","PD Link/Medical","Initial Alarm","First Alarm","Medical - PD Link 10-91","Medical Emergencies","189","2005-01-01T07:38:40.000","2005-01-01T07:38:59.000","2005-01-01T07:41:31.000","2005-01-01T07:48:52.000","N","N","360","171","1","0","0"
"500129600120173","2005-01-01T07:39:18.000","BRONX","2960","GRAND CONCOURSE & ECHO PL","BRONX","10457","46","15","205","9","15","Phone","Initial Alarm","First Alarm","Multiple Dwelling 'A' - Food on the stove fire","Structural Fires","70","2005-01-01T07:40:28.000","2005-01-01T07:40:47.000","2005-01-01T07:45:03.000","2005-01-01T07:55:19.000","N","Y","345","275","3","2","1"
"500114440110339","2005-01-01T07:41:16.000","MANHATTAN","1444","PLEASANT AVE & 120 ST","MANHATTAN","10035","25","8","111","4","13","EMS Link/Medical","Initial Alarm","First Alarm","Medical - EMS Link 10-91","Medical Emergencies","7","2005-01-01T07:41:23.000","2005-01-01T07:41:49.000","2005-01-01T07:47:22.000","2005-01-01T07:51:00.000","N","Y","366","359","1","0","0"
"500122260120176","2005-01-01T07:49:28.000","BRONX","2226","BERGEN AVE & 149 ST","BRONX","10455","40","17","201","7","15","Verbal","Initial Alarm","First Alarm","Medical - Assist Civilian","Medical Emergencies","76","2005-01-01T07:50:44.000","2005-01-01T07:51:17.000","2005-01-01T08:00:16.000","2005-01-01T08:01:11.000","N","N","648","572","0","1","0"
"500105670140237","2005-01-01T07:51:22.000","BROOKLYN","567","STATE & BOND STS","BROOKLYN","11217","84","33","302","15","8","EMS Link/Medical","Initial Alarm","First Alarm","Medical - Assist Civilian","Medical Emergencies","13","2005-01-01T07:51:35.000","2005-01-01T07:52:03.000","2005-01-01T07:54:29.000","2005-01-01T08:22:48.000","N","Y","187","174","1","0","0"
"500107250310344","2005-01-01T07:53:00.000","MANHATTAN","725","8 AVE & 35 ST","MANHATTAN","10001","14","3","104","2","10","Phone","Initial Alarm","First Alarm","Assist Civilian - Non-Medical","NonMedical Emergencies","97","2005-01-01T07:54:37.000","2005-01-01T07:55:13.000","2005-01-01T07:58:31.000","2005-01-01T08:24:06.000","N","Y","331","234","1","1","1"
"500113490110343","2005-01-01T07:53:26.000","MANHATTAN","1349","5 AVE & 112 ST","MANHATTAN","10026","28","9","110","3","13","PD Link/Medical","Initial Alarm","First Alarm","Medical - PD Link 10-91","Medical Emergencies","68","2005-01-01T07:54:34.000","2005-01-01T07:54:54.000",,"2005-01-01T08:01:53.000","N","N","0","0","1","0","0"
"500116130410346","2005-01-01T07:55:25.000","MANHATTAN","1613","8 AVE & 143 ST","MANHATTAN","10030","32","9","110","5","13","Phone","Initial Alarm","First Alarm","Utility Emergency - Water","NonMedical Emergencies","111","2005-01-01T07:57:16.000","2005-01-01T07:58:35.000","2005-01-01T08:00:11.000","2005-01-01T08:56:27.000","N","Y","286","175","0","1","0"
"500107970410345","2005-01-01T07:56:01.000","MANHATTAN","797","8 AVE & 43 ST","MANHATTAN","10036","14","3","105","2","12","EMS Link/Medical","Initial Alarm","First Alarm","Medical - Assist Civilian","Medical Emergencies","77","2005-01-01T07:57:18.000","2005-01-01T07:57:44.000","2005-01-01T08:02:05.000","2005-01-01T08:10:34.000","N","Y","364","287","1","0","0"
"500132730120179","2005-01-01T07:58:43.000","BRONX","3273","WILLIAMSBRIDGE RD & SILVER ST","BRONX",,,,,,,"Verbal","Initial Alarm","First Alarm","Assist Civilian - Non-Medical","NonMedical Emergencies","33","2005-01-01T07:59:16.000","2005-01-01T07:59:16.000","2005-01-01T08:01:16.000","2005-01-01T08:09:45.000","N","Y","153","120","1","0","0"
"500108020140238","2005-01-01T08:02:45.000","BROOKLYN","802","IRVING AVE & PALMETTO ST","BROOKLYN","11237","83","37","304","32","7","PD Link/Medical","Initial Alarm","First Alarm","Medical - Assist Civilian","Medical Emergencies","8","2005-01-01T08:02:53.000","2005-01-01T08:03:13.000","2005-01-01T08:08:16.000","2005-01-01T08:15:13.000","N","Y","331","323","1","0","0"
"500130580120181","2005-01-01T08:04:21.000","BRONX","3058","FRISBY & ST. PETERS AVES","BRONX","10461","45","13","210","11","14","Phone","Initial Alarm","First Alarm","Utility Emergency - Gas","NonMedical Emergencies","91","2005-01-01T08:05:52.000","2005-01-01T08:06:07.000","2005-01-01T08:10:44.000","2005-01-01T08:30:26.000","N","Y","383","292","1","1","1"
"500113670150148","2005-01-01T08:09:19.000","QUEENS","1367","NEW ROCKAWAY BEACH BLVD & BEACH 105","QUEENS","11694","100","32","414","27","5","PD Link/Medical","Initial Alarm","First Alarm","Medical - Assist Civilian","Medical Emergencies","11","2005-01-01T08:09:30.000","2005-01-01T08:09:51.000","2005-01-01T08:14:39.000","2005-01-01T08:27:40.000","N","Y","320","309","1","0","0"
"500100600130044","2005-01-01T08:10:14.000","RICHMOND / STATEN ISLAND","60","JERSEY ST, 600' N OF CRESCENT AV","RICHMOND / STATEN ISLAND","10301","120","49","501","31","11","PD Link/Medical","Initial Alarm","First Alarm","Medical - PD Link 10-91","Medical Emergencies","9","2005-01-01T08:10:23.000","2005-01-01T08:10:46.000","2005-01-01T08:13:15.000","2005-01-01T08:13:42.000","N","Y","181","172","1","0","0"
"500109430110350","2005-01-01T08:10:44.000","MANHATTAN","943","COLUMBUS AVE & 60 ST","MANHATTAN","10023","20","3","107","3","10","PD Link/Medical","Initial Alarm","First Alarm","Medical - PD Link 10-91","Medical Emergencies","10","2005-01-01T08:10:54.000","2005-01-01T08:11:06.000",,"2005-01-01T08:12:56.000","N","N","0","0","1","0","0"
"500180600140240","2005-01-01T08:11:23.000","BROOKLYN","8060","BQE BET FLUSHING AV & GOLD ST","BROOKLYN",,,,,,,"Phone","Initial Alarm","First Alarm","Vehicle Accident - Other","NonMedical Emergencies","92","2005-01-01T08:12:55.000","2005-01-01T08:13:11.000","2005-01-01T08:15:25.000","2005-01-01T08:26:05.000","N","Y","242","150","3","2","1"
"500104610140239","2005-01-01T08:11:40.000","BROOKLYN","461","CLARK ST & MONROE PL","BROOKLYN",,,,,,,"Phone","Initial Alarm","First Alarm","Utility Emergency - Gas","NonMedical Emergencies","61","2005-01-01T08:12:41.000","2005-01-01T08:13:14.000","2005-01-01T08:15:55.000","2005-01-01T08:59:42.000","N","Y","255","194","0","1","0"
"500122170150151","2005-01-01T08:14:59.000","QUEENS","2217","QUEENS BLVD & 65 ST","QUEENS","11377","108","26","402","24","14","EMS Link/Medical","Initial Alarm","First Alarm","Medical - EMS Link 10-91","Medical Emergencies","18","2005-01-01T08:15:17.000","2005-01-01T08:15:34.000","2005-01-01T08:18:10.000","2005-01-01T08:22:13.000","N","Y","191","173","1","0","0"
"500106010240242","2005-01-01T08:18:30.000","BROOKLYN","601","MYRTLE AVE & ST. EDWARDS ST","BROOKLYN","11205","88","35","302","13","8","Phone","Initial Alarm","First Alarm","Utility Emergency - Gas","NonMedical Emergencies","77","2005-01-01T08:19:47.000","2005-01-01T08:20:11.000","2005-01-01T08:22:58.000","2005-01-01T08:32:22.000","N","Y","268","191","3","1","2"
"500111550730045","2005-01-01T08:20:42.000","RICHMOND / STATEN ISLAND","1155","HOLLAND AVE & RICHMOND TERR","RICHMOND / STATEN ISLAND","10303","121","49","501","31","11","Phone","Initial Alarm","First Alarm","Non-Medical 10-91 (Unnecessary Alarm)","NonMedical Emergencies","146","2005-01-01T08:23:08.000","2005-01-01T08:23:25.000","2005-01-01T08:27:51.000","2005-01-01T08:28:32.000","N","Y","429","283","1","1","0"
"500129690140244","2005-01-01T08:23:49.000","BROOKLYN","2969","AVE P & DAHILL RD","BROOKLYN","11204","62","44","311","21","10","Phone","Initial Alarm","First Alarm","Utility Emergency - Electric","NonMedical Emergencies","60","2005-01-01T08:24:49.000","2005-01-01T08:25:09.000","2005-01-01T08:28:05.000","2005-01-01T08:56:57.000","N","Y","256","196","3","2","1"
"500104550140243","2005-01-01T08:24:32.000","BROOKLYN","455","COURT & MONTAGUE STS","BROOKLYN","11201","84","33","302","13","7","PD Link/Medical","Initial Alarm","First Alarm","Medical - PD Link 10-91","Medical Emergencies","101","2005-01-01T08:26:13.000","2005-01-01T08:26:43.000","2005-01-01T08:30:13.000","2005-01-01T08:34:49.000","N","N","341","240","1","0","0"
"500180600340245","2005-01-01T08:26:22.000","BROOKLYN","8060","BQE BET FLUSHING AV & GOLD ST","BROOKLYN",,,,,,,"Verbal","Initial Alarm","First Alarm","Vehicle Accident - Other","NonMedical Emergencies","33","2005-01-01T08:26:55.000","2005-01-01T08:26:55.000","2005-01-01T08:44:21.000","2005-01-01T08:45:03.000","N","N","1079","1046","1","1","0"
"500118900130046","2005-01-01T08:30:10.000","RICHMOND / STATEN ISLAND","1890","ADAMS AND SOUTH RAILROAD AVES","RICHMOND / STATEN ISLAND","10306","122","50","502","31","11","PD Link/Medical","Initial Alarm","First Alarm","Medical - Assist Civilian","Medical Emergencies","10","2005-01-01T08:30:20.000","2005-01-01T08:30:44.000","2005-01-01T08:35:12.000","2005-01-01T08:59:38.000","N","Y","302","292","1","0","0"
"500116270140246","2005-01-01T08:30:18.000","BROOKLYN","1627","EAST NEW YORK AVE & MONTGOMERY ST","BROOKLYN","11212","67","41","317","17","9","EMS Link/Medical","Initial Alarm","First Alarm","Medical - EMS Link 10-91","Medical Emergencies","71","2005-01-01T08:31:29.000","2005-01-01T08:31:57.000","2005-01-01T08:38:12.000","2005-01-01T08:38:55.000","N","N","474","403","1","0","0"
"500126450140247","2005-01-01T08:31:05.000","BROOKLYN","2645","5 AVE & 76 ST","BROOKLYN","11209","68","43","310","20","11","Phone","Initial Alarm","First Alarm","Manhole Fire - Other","NonStructural Fires","52","2005-01-01T08:31:57.000","2005-01-01T08:32:17.000","2005-01-01T08:35:14.000","2005-01-01T09:11:01.000","N","Y","249","197","3","2","1"
"500115580140248","2005-01-01T08:32:49.000","BROOKLYN","1558","BEVERLEY RD & E 21 ST","BROOKLYN","11226","70","40","314","22","9","Phone","Initial Alarm","First Alarm","Utility Emergency - Gas","NonMedical Emergencies","70","2005-01-01T08:33:59.000","2005-01-01T08:34:19.000","2005-01-01T08:37:05.000","2005-01-01T09:24:25.000","N","Y","256","186","3","2","1"
"500133120220182","2005-01-01T08:33:15.000","BRONX","3312","JEROME  AVE & NORTH ST","BRONX","10468","52","14","207","10","15","EMS Link/Medical","Initial Alarm","First Alarm","Medical - Assist Civilian","Medical Emergencies","11","2005-01-01T08:33:26.000","2005-01-01T08:33:53.000","2005-01-01T08:42:44.000","2005-01-01T08:48:12.000","N","Y","569","558","1","0","0"
"500112610110357","2005-01-01T08:33:41.000","MANHATTAN","1261","1 AVE & 100 ST","MANHATTAN","10029","23","8","111","4","13","EMS Link/Medical","Initial Alarm","First Alarm","Medical - Assist Civilian","Medical Emergencies","8","2005-01-01T08:33:49.000","2005-01-01T08:34:06.000","2005-01-01T08:37:30.000","2005-01-01T08:42:36.000","N","Y","229","221","1","0","0"
"500133990120183","2005-01-01T08:36:42.000","BRONX","3399","JEROME & PAUL AVES","BRONX","10468","52","14","207","10","13","EMS Link/Medical","Initial Alarm","First Alarm","Medical - EMS Link 10-91","Medical Emergencies","9","2005-01-01T08:36:51.000","2005-01-01T08:37:20.000",,"2005-01-01T08:42:32.000","N","N","0","0","1","0","0"
"500183890150154","2005-01-01T08:37:31.000","QUEENS","8389","H HARDING EXPY & UTOPIA PKWY","QUEENS",,,,,,,"EMS Link/Medical","Initial Alarm","First Alarm","Medical - EMS Link 10-91","Medical Emergencies","34","2005-01-01T08:38:05.000","2005-01-01T08:38:20.000","2005-01-01T08:42:40.000","2005-01-01T08:44:51.000","N","Y","309","275","2","2","1"
"500107060140249","2005-01-01T08:38:19.000","BROOKLYN","706","MORGAN & FLUSHING AVES","BROOKLYN","11237","83","34","304","32","7","EMS Link/Medical","Initial Alarm","First Alarm","Medical - EMS Link 10-91","Medical Emergencies","9","2005-01-01T08:38:28.000","2005-01-01T08:38:46.000",,"2005-01-01T08:41:15.000","N","N","0","0","1","0","0"
"500107200140250","2005-01-01T08:39:06.000","BROOKLYN","720","CENTRAL AVE & MELROSE ST","BROOKLYN","11206","83","34","304","32","7","PD Link/Medical","Initial Alarm","First Alarm","Medical - Assist Civilian","Medical Emergencies","138","2005-01-01T08:41:24.000","2005-01-01T08:41:40.000","2005-01-01T08:44:58.000","2005-01-01T09:11:14.000","N","N","352","214","1","0","0"
"500109550110358","2005-01-01T08:39:57.000","MANHATTAN","955","5 AVE & 62 ST","MANHATTAN","10065","19","4","108","2","12","Private Fire Alarm","Initial Alarm","First Alarm","Alarm System - Unwarranted","NonMedical Emergencies","126","2005-01-01T08:42:03.000","2005-01-01T08:42:13.000","2005-01-01T08:47:35.000","2005-01-01T08:58:30.000","N","Y","458","332","1","1","1"
"500145600150155","2005-01-01T08:40:56.000","QUEENS","4560","27 AVE-600' WEST OF COLLEGE PT BLVD","QUEENS","11354","109","19","407","25","14","PD Link/Medical","Initial Alarm","First Alarm","Medical - Assist Civilian","Medical Emergencies","9","2005-01-01T08:41:05.000","2005-01-01T08:42:28.000","2005-01-01T08:47:38.000","2005-01-01T09:24:48.000","N","Y","402","393","1","0","0"
"500144210150156","2005-01-01T08:43:59.000","QUEENS","4421","46 AVE & 160 ST","QUEENS","11358","109","20","407","25","6","Phone","Initial Alarm","First Alarm","Defective Oil Burner","NonMedical Emergencies","67","2005-01-01T08:45:06.000","2005-01-01T08:45:20.000","2005-01-01T08:48:48.000","2005-01-01T09:01:15.000","N","Y","289","222","3","2","1"
"500172530150157","2005-01-01T08:45:37.000","QUEENS","7253","48 AVE & 42 ST","QUEENS","11377","108","26","402","24","14","Phone","Initial Alarm","First Alarm","Multiple Dwelling 'A' - Food on the stove fire","Structural Fires","55","2005-01-01T08:46:32.000","2005-01-01T08:46:51.000","2005-01-01T08:49:52.000","2005-01-01T09:15:07.000","N","Y","255","200","3","2","1"
"500118030140251","2005-01-01T08:47:14.000","BROOKLYN","1803","SUTTER AVE & BERRIMAN ST","BROOKLYN","11208","75","42","305","19","8","PD Link/Medical","Initial Alarm","First Alarm","Medical - Assist Civilian","Medical Emergencies","19","2005-01-01T08:47:33.000","2005-01-01T08:47:59.000","2005-01-01T08:55:48.000","2005-01-01T09:32:42.000","N","Y","514","495","1","0","0"
"500186280140253","2005-01-01T08:48:03.000","BROOKLYN","8628","BELT PKWY BET FLATBUSH AV & ROCKAWAY PKW","BROOKLYN","11236","69","46","318","18","8","Verbal","Initial Alarm","First Alarm","Medical - Assist Civilian","Medical Emergencies","92","2005-01-01T08:49:35.000","2005-01-01T08:49:51.000","2005-01-01T08:54:42.000","2005-01-01T09:30:34.000","N","Y","399","307","4","2","1"
"500144430120184","2005-01-01T08:48:06.000","BRONX","4443","BAYCHESTER AVE AND BOSTON RD","BRONX","10466","47","12","212","11","16","PD Link/Medical","Initial Alarm","First Alarm","Medical - PD Link 10-91","Medical Emergencies","14","2005-01-01T08:48:20.000","2005-01-01T08:48:42.000","2005-01-01T08:53:14.000","2005-01-01T08:53:23.000","N","Y","308","294","1","0","0"
"500162450150158","2005-01-01T08:48:07.000","QUEENS","6245","12 RD & CLINTONVILLE ST","QUEENS","11357","109","19","407","25","3","Phone","Initial Alarm","First Alarm","Carbon Monoxide - Code 1 - Investigation","NonMedical Emergencies","62","2005-01-01T08:49:09.000","2005-01-01T08:49:28.000","2005-01-01T08:52:10.000","2005-01-01T09:08:06.000","N","Y","243","181","1","1","0"
"500137640120185","2005-01-01T08:50:45.000","BRONX","3764","GREYSTONE AVE & W 238 ST","BRONX","10463","50","11","208","10","16","Phone","Initial Alarm","First Alarm","Utility Emergency - Water","NonMedical Emergencies","64","2005-01-01T08:51:49.000","2005-01-01T08:52:21.000","2005-01-01T08:56:25.000","2005-01-01T09:17:38.000","N","Y","340","276","0","1","1"
"500123090140254","2005-01-01T08:52:37.000","BROOKLYN","2309","CHURCH AVE & EAST 51 ST","BROOKLYN","11203","67","45","317","18","9","EMS Link/Medical","Initial Alarm","First Alarm","Vehicle Accident - Other","NonMedical Emergencies","22","2005-01-01T08:52:59.000","2005-01-01T08:53:27.000","2005-01-01T08:57:14.000","2005-01-01T09:06:40.000","N","Y","277","255","1","1","0"
"500111560140255","2005-01-01T08:53:12.000","BROOKLYN","1156","RIDGE BLVD & 83 ST","BROOKLYN","11209","68","43","310","20","11","PD Link/Medical","Initial Alarm","First Alarm","Medical - PD Link 10-91","Medical Emergencies","27","2005-01-01T08:53:39.000","2005-01-01T08:53:56.000","2005-01-01T08:57:54.000","2005-01-01T09:02:15.000","N","Y","282","255","1","0","0"
"500101320110359","2005-01-01T08:55:41.000","MANHATTAN","132","MADISON & JAMES STS","MANHATTAN","10038","5","1","103","2","7","PD Link/Medical","Initial Alarm","First Alarm","Medical - Assist Civilian","Medical Emergencies","63","2005-01-01T08:56:44.000","2005-01-01T08:57:04.000","2005-01-01T09:01:36.000","2005-01-01T09:25:36.000","N","Y","355","292","1","0","0"
"500103920240258","2005-01-01T08:58:04.000","BROOKLYN","392","S/S PARK AVE AT ST EDWARDS ST","BROOKLYN","11205","88","35","302","13","8","Phone","Initial Alarm","First Alarm","Multiple Dwelling 'A' - Other fire","Structural Fires","76","2005-01-01T08:59:20.000","2005-01-01T08:59:48.000","2005-01-01T09:01:10.000","2005-01-01T09:13:56.000","N","Y","186","110","3","2","1"
"500106620140259","2005-01-01T08:59:18.000","BROOKLYN","662","BEDFORD & DEKALB AVES","BROOKLYN","11205","79","36","303","13","8","EMS Link/Medical","Initial Alarm","First Alarm","Medical - Assist Civilian","Medical Emergencies","19","2005-01-01T08:59:37.000","2005-01-01T09:00:06.000","2005-01-01T09:04:02.000","2005-01-01T09:07:27.000","N","Y","284","265","1","0","0"
"500157380150159","2005-01-01T08:59:41.000","QUEENS","5738","122 AVE & GRAYSON ST","QUEENS","11413","113","27","412","29","5","PD Link/Medical","Initial Alarm","First Alarm","Medical - Assist Civilian","Medical Emergencies","15","2005-01-01T08:59:56.000","2005-01-01T09:01:26.000","2005-01-01T09:07:34.000","2005-01-01T09:28:10.000","N","Y","473","458","1","0","0"
"500192060150160","2005-01-01T09:00:34.000","QUEENS","9206","57 AVE & 97 ST","QUEENS","11368","110","21","404","24","14","EMS Link/Medical","Initial Alarm","First Alarm","Medical - EMS Link 10-91","Medical Emergencies","11","2005-01-01T09:00:45.000","2005-01-01T09:01:10.000","2005-01-01T09:05:14.000","2005-01-01T09:05:37.000","N","Y","280","269","1","0","0"
"500105560130047","2005-01-01T09:01:15.000","RICHMOND / STATEN ISLAND","556","FLOYD ST & RAYMOND PL","RICHMOND / STATEN ISLAND","10310","120","49","501","31","11","EMS Link/Medical","Initial Alarm","First Alarm","Medical - Assist Civilian","Medical Emergencies","14","2005-01-01T09:01:29.000","2005-01-01T09:01:55.000","2005-01-01T09:05:23.000","2005-01-01T09:22:12.000","N","Y","248","234","1","0","0"
"500134720140260","2005-01-01T09:01:17.000","BROOKLYN","3472","CROPSEY AVE & BAY 34 ST","BROOKLYN","11214","62","43","311","21","11","PD Link/Medical","Initial Alarm","First Alarm","Medical - Assist Civilian","Medical Emergencies","12","2005-01-01T09:01:29.000","2005-01-01T09:01:54.000","2005-01-01T09:05:41.000","2005-01-01T09:45:01.000","N","Y","264","252","1","0","0"
"500173060150164","2005-01-01T09:04:11.000","QUEENS","7306","43 AVE & 41 ST","QUEENS","11104","108","26","402","30","14","Phone","Initial Alarm","First Alarm","Utility Emergency - Water","NonMedical Emergencies","90","2005-01-01T09:05:41.000","2005-01-01T09:06:16.000","2005-01-01T09:13:53.000","2005-01-01T09:18:06.000","N","Y","582","492","0","1","0"
"500133420140262","2005-01-01T09:04:13.000","BROOKLYN","3342","AVE S & EAST 12 ST","BROOKLYN","11229","61","48","315","21","11","EMS Link/Medical","Initial Alarm","First Alarm","Medical - EMS Link 10-91","Medical Emergencies","6","2005-01-01T09:04:19.000","2005-01-01T09:04:39.000","2005-01-01T09:09:03.000","2005-01-01T09:16:33.000","N","Y","290","284","1","0","0"
"500194950150163","2005-01-01T09:05:04.000","QUEENS","9495","75 AVE & 153 ST","QUEENS","11367","107","24","408","25","6","PD Link/Medical","Initial Alarm","First Alarm","Medical - Assist Civilian","Medical Emergencies","19","2005-01-01T09:05:23.000","2005-01-01T09:05:42.000","2005-01-01T09:09:39.000","2005-01-01T09:25:01.000","N","Y","275","256","1","0","0"
"500108020310361","2005-01-01T09:06:16.000","MANHATTAN","802","9 AVE & 44 ST","MANHATTAN","10036","18","3","104","2","10","PD Link/Medical","Initial Alarm","First Alarm","Medical - PD Link 10-91","Medical Emergencies","11","2005-01-01T09:06:27.000","2005-01-01T09:06:42.000","2005-01-01T09:13:28.000","2005-01-01T09:15:05.000","N","Y","432","421","1","0","0"
"500174740150167","2005-01-01T09:09:22.000","QUEENS","7474","30TH AVE AND STEINWAY ST","QUEENS","11103","114","22","401","30","12","PD Link/Medical","Initial Alarm","First Alarm","Medical - PD Link 10-91","Medical Emergencies","8","2005-01-01T09:09:30.000","2005-01-01T09:09:44.000",,"2005-01-01T09:11:46.000","N","N","0","0","1","0","0"
"500150130150168","2005-01-01T09:10:50.000","QUEENS","5013","107 AVE & GUY R. BREWER BLVD","QUEENS","11433","103","28","412","28","5","EMS Link/Medical","Initial Alarm","First Alarm","Medical - EMS Link 10-91","Medical Emergencies","9","2005-01-01T09:10:59.000","2005-01-01T09:12:37.000",,"2005-01-01T09:20:23.000","N","N","0","0","1","0","0"
"500173890150169","2005-01-01T09:11:07.000","QUEENS","7389","35 AVE & 33 ST","QUEENS","11106","114","26","401","30","12","Phone","Initial Alarm","First Alarm","Defective Oil Burner","NonMedical Emergencies","56","2005-01-01T09:12:03.000","2005-01-01T09:12:21.000","2005-01-01T09:17:29.000","2005-01-01T09:49:22.000","N","Y","382","326","3","1","1"
"500106590140264","2005-01-01T09:11:13.000","BROOKLYN","659","NOSTRAND & GREENE AVES","BROOKLYN","11216","79","36","303","13","8","Phone","Initial Alarm","First Alarm","Carbon Monoxide - Code 1 - Investigation","NonMedical Emergencies","123","2005-01-01T09:13:16.000","2005-01-01T09:13:32.000","2005-01-01T09:16:26.000","2005-01-01T09:26:33.000","N","Y","313","190","1","1","0"
"500104320140263","2005-01-01T09:11:37.000","BROOKLYN","432","MYRTLE AVE & JAY ST","BROOKLYN",,,,,,,"Phone","Initial Alarm","First Alarm","Transit System - NonStructural","NonStructural Fires","56","2005-01-01T09:12:33.000","2005-01-01T09:12:57.000","2005-01-01T09:14:22.000","2005-01-01T10:02:33.000","N","Y","165","109","4","4","1"
"500121370120186","2005-01-01T09:12:41.000","BRONX","2137","LINCOLN AVE & 136 ST","BRONX","10454","40","8","201","7","15","EMS Link/Medical","Initial Alarm","First Alarm","Medical - EMS Link 10-91","Medical Emergencies","15","2005-01-01T09:12:56.000","2005-01-01T09:13:14.000",,"2005-01-01T09:15:34.000","N","N","0","0","1","0","0"
"500116050140265","2005-01-01T09:13:36.000","BROOKLYN","1605","UTICA AVE & CROWN ST","BROOKLYN","11213","71","41","309","17","9","Phone","Initial Alarm","First Alarm","Odor - Other Than Smoke","NonMedical Emergencies","64","2005-01-01T09:14:40.000","2005-01-01T09:14:53.000","2005-01-01T09:17:14.000","2005-01-01T09:28:04.000","N","Y","218","154","2","2","1"
"500129700120187","2005-01-01T09:15:01.000","BRONX","2970","MARMION AVE & ELSMERE PL","BRONX","10460","48","17","206","12","15","PD Link/Medical","Initial Alarm","First Alarm","Medical - PD Link 10-91","Medical Emergencies","10","2005-01-01T09:15:11.000","2005-01-01T09:15:31.000","2005-01-01T09:20:01.000","2005-01-01T09:20:09.000","N","Y","300","290","1","0","0"
"500161980150171","2005-01-01T09:17:49.000","QUEENS","6198","36 AVE & CPL. STONE ST","QUEENS","11361","111","19","411","26","6","EMS Link/Medical","Initial Alarm","First Alarm","Medical - EMS Link 10-91","Medical Emergencies","12","2005-01-01T09:18:01.000","2005-01-01T09:18:14.000","2005-01-01T09:20:33.000","2005-01-01T09:22:11.000","N","Y","164","152","1","0","0"
"500154050150172","2005-01-01T09:18:14.000","QUEENS","5405","110 AVE & 216 ST","QUEENS","11429","105","27","413","29","5","Phone","Initial Alarm","First Alarm","Utility Emergency - Water","NonMedical Emergencies","82","2005-01-01T09:19:36.000","2005-01-01T09:20:02.000","2005-01-01T09:25:09.000","2005-01-01T09:31:40.000","N","Y","415","333","0","1","0"
"500129210120188","2005-01-01T09:19:15.000","BRONX","2921","WEEKS AVE & 174 ST","BRONX","10457","46","15","205","9","15","Phone","Initial Alarm","First Alarm","Carbon Monoxide - Code 1 - Investigation","NonMedical Emergencies","84","2005-01-01T09:20:39.000","2005-01-01T09:20:58.000","2005-01-01T09:24:14.000","2005-01-01T09:28:16.000","N","Y","299","215","1","1","0"
"500104170110362","2005-01-01T09:19:16.000","MANHATTAN","417","FDR DRIVE & HOUSTON ST","MANHATTAN","10002","9","2","103","1","7","Phone","Initial Alarm","First Alarm","Utility Emergency - Steam","NonMedical Emergencies","60","2005-01-01T09:20:16.000","2005-01-01T09:20:40.000","2005-01-01T09:22:35.000","2005-01-01T09:42:23.000","N","Y","199","139","3","2","1"
"500121370220189","2005-01-01T09:21:04.000","BRONX","2137","LINCOLN AVE & 136 ST","BRONX","10454","40","8","201","7","15","Phone","Initial Alarm","First Alarm","Medical - Assist Civilian","Medical Emergencies","60","2005-01-01T09:22:04.000","2005-01-01T09:22:31.000","2005-01-01T09:25:11.000","2005-01-01T09:47:30.000","N","Y","247","187","1","0","0"
"500135110120190","2005-01-01T09:21:22.000","BRONX","3511","DECATUR AVE & 199 ST","BRONX","10458","52","15","207","10","13","Phone","Initial Alarm","First Alarm","Non-Medical 10-91 (Unnecessary Alarm)","NonMedical Emergencies","84","2005-01-01T09:22:46.000","2005-01-01T09:23:10.000","2005-01-01T09:28:10.000","2005-01-01T09:36:20.000","N","Y","408","324","0","1","0"
"500104320240266","2005-01-01T09:22:40.000","BROOKLYN","432","MYRTLE AVE & JAY ST","BROOKLYN","11201","84","33","302","13","8","Phone","Initial Alarm","First Alarm","Assist Civilian - Non-Medical","NonMedical Emergencies","73","2005-01-01T09:23:53.000","2005-01-01T09:24:55.000","2005-01-01T09:26:12.000","2005-01-01T10:32:51.000","N","Y","212","139","0","1","0"
"500186520140267","2005-01-01T09:22:46.000","BROOKLYN","8652","WILLAMSBURG BR S RDWY OVER BEDFORD AVE","BROOKLYN",,,,,,,"Phone","Initial Alarm","First Alarm","Medical - Assist Civilian","Medical Emergencies","155","2005-01-01T09:25:21.000","2005-01-01T09:25:38.000","2005-01-01T09:28:18.000","2005-01-01T10:05:40.000","N","Y","332","177","4","3","1"
"500126260120191","2005-01-01T09:23:32.000","BRONX","2626","PATTERSON & SOUND VIEW AVES","BRONX",,,,,,,"ERS","Initial Alarm","First Alarm","Automobile Fire","NonStructural Fires","54","2005-01-01T09:24:26.000","2005-01-01T09:24:45.000","2005-01-01T09:28:13.000","2005-01-01T09:47:25.000","N","Y","281","227","1","1","0"
"500159550150173","2005-01-01T09:23:41.000","QUEENS","5955","138 AVE & 224 ST","QUEENS","11413","105","31","413","29","5","PD Link/Medical","Initial Alarm","First Alarm","Medical - Assist Civilian","Medical Emergencies","16","2005-01-01T09:23:57.000","2005-01-01T09:24:25.000","2005-01-01T09:30:06.000","2005-01-01T09:41:18.000","N","Y","385","369","1","0","0"
"500136180240268","2005-01-01T09:24:34.000","BROOKLYN","3618","OCEANVIEW AVE & BRIGHTON 14 ST","BROOKLYN","11235","60","48","313","21","8","PD Link/Medical","Initial Alarm","First Alarm","Medical - Assist Civilian","Medical Emergencies","51","2005-01-01T09:25:25.000","2005-01-01T09:25:47.000","2005-01-01T09:30:49.000","2005-01-01T09:44:56.000","N","Y","375","324","1","0","0"
"500101240130048","2005-01-01T09:26:42.000","RICHMOND / STATEN ISLAND","124","LAFAYETTE AVE & CASSIDY PL","RICHMOND / STATEN ISLAND","10301","120","49","501","31","11","PD Link/Medical","Initial Alarm","First Alarm","Medical - Assist Civilian","Medical Emergencies","12","2005-01-01T09:26:54.000","2005-01-01T09:27:18.000","2005-01-01T09:31:09.000","2005-01-01T09:50:04.000","N","Y","267","255","1","0","0"
"500131210220192","2005-01-01T09:27:24.000","BRONX","3121","JEROME & BURNSIDE AVES","BRONX","10453","46","14","205","9","15","Phone","Initial Alarm","First Alarm","Vehicle Accident - Other","NonMedical Emergencies","61","2005-01-01T09:28:25.000","2005-01-01T09:28:49.000","2005-01-01T09:31:32.000","2005-01-01T09:42:21.000","N","Y","248","187","1","1","0"
"500125840140271","2005-01-01T09:27:32.000","BROOKLYN","2584","12 AVE & 43 ST","BROOKLYN","11219","66","39","312","15","10","EMS Link/Medical","Initial Alarm","First Alarm","Medical - EMS Link 10-91","Medical Emergencies","126","2005-01-01T09:29:38.000","2005-01-01T09:29:51.000","2005-01-01T09:33:19.000","2005-01-01T09:39:11.000","N","N","347","221","1","0","0"
"500116740140270","2005-01-01T09:28:06.000","BROOKLYN","1674","GLENMORE AVE & WATKINS ST","BROOKLYN",,,,,,,"Verbal","Initial Alarm","First Alarm","Medical - Assist Civilian","Medical Emergencies","36","2005-01-01T09:28:42.000","2005-01-01T09:28:42.000","2005-01-01T09:37:11.000","2005-01-01T09:40:46.000","N","Y","545","509","1","0","0"
"500111380210364","2005-01-01T09:31:40.000","MANHATTAN","1138","AMSTERDAM AVE & 83 ST","MANHATTAN","10024","20","6","107","3","10","Verbal","Initial Alarm","First Alarm","Medical - Assist Civilian","Medical Emergencies","31","2005-01-01T09:32:11.000","2005-01-01T09:32:11.000","2005-01-01T09:33:23.000","2005-01-01T09:55:54.000","N","Y","103","72","1","0","0"
"500155240150174","2005-01-01T09:32:21.000","QUEENS","5524","93 AVE & 212 PL","QUEENS","11428","105","23","413","29","5","PD Link/Medical","Initial Alarm","First Alarm","Medical - Assist Civilian","Medical Emergencies","42","2005-01-01T09:33:03.000","2005-01-01T09:33:21.000","2005-01-01T09:40:07.000","2005-01-01T09:44:47.000","N","N","466","424","1","0","0"
"500127730120193","2005-01-01T09:37:52.000","BRONX","2773","INWOOD AVE & MCCOMBS RD","BRONX","10452","44","16","204","9","15","PD Link/Medical","Initial Alarm","First Alarm","Medical - PD Link 10-91","Medical Emergencies","10","2005-01-01T09:38:02.000","2005-01-01T09:38:21.000","2005-01-01T09:43:34.000","2005-01-01T09:45:09.000","N","Y","342","332","1","0","0"
"500135760120194","2005-01-01T09:37:58.000","BRONX","3576","HULL AVE & GUN HILL RD","BRONX","10467","52","11","207","10","13","Phone","Initial Alarm","First Alarm","Non-Medical 10-91 (Unnecessary Alarm)","NonMedical Emergencies","66","2005-01-01T09:39:04.000","2005-01-01T09:39:29.000","2005-01-01T09:45:24.000","2005-01-01T09:46:52.000","N","Y","446","380","0","1","0"
"500111570110367","2005-01-01T09:38:20.000","MANHATTAN","1157","LEXINGTON AVE & 85 ST","MANHATTAN","10028","19","4","108","2","12","EMS Link/Medical","Initial Alarm","First Alarm","Medical - EMS Link 10-91","Medical Emergencies","13","2005-01-01T09:38:33.000","2005-01-01T09:40:11.000","2005-01-01T09:42:03.000","2005-01-01T09:45:40.000","N","Y","223","210","1","0","0"
"500113280110368","2005-01-01T09:41:01.000","MANHATTAN","1328","LEXINGTON AVE & 109 ST","MANHATTAN","10029","23","8","111","4","13","PD Link/Medical","Initial Alarm","First Alarm","Medical - PD Link 10-91","Medical Emergencies","7","2005-01-01T09:41:08.000","2005-01-01T09:41:27.000","2005-01-01T09:45:21.000","2005-01-01T09:49:12.000","N","Y","260","253","1","0","0"
"500140630120195","2005-01-01T09:42:35.000","BRONX","4063","CROSS BRONX EXPY EB SVC RD & MILES AVE","BRONX",,,,,,,"PD Link/Medical","DEFAULT RECORD","First Alarm","Medical MFA - PD Link","Medical MFAs","25","2005-01-01T09:43:00.000","2005-01-01T09:43:24.000",,"2005-01-01T09:55:51.000","N","N","0","0","1","0","0"
"500108420110370","2005-01-01T09:42:46.000","MANHATTAN","842","BEEKMAN PL & 49 ST","MANHATTAN","10022","17","4","106","2","12","Private Fire Alarm","Initial Alarm","First Alarm","Alarm System - Unwarranted","NonMedical Emergencies","124","2005-01-01T09:44:50.000","2005-01-01T09:45:19.000","2005-01-01T09:48:48.000","2005-01-01T10:02:04.000","N","Y","362","238","1","1","0"
"500107930110369","2005-01-01T09:42:53.000","MANHATTAN","793","LEXINGTON AVE & 43 ST","MANHATTAN","10017","17","4","106","2","12","EMS Link/Medical","Initial Alarm","First Alarm","Medical - EMS Link 10-91","Medical Emergencies","9","2005-01-01T09:43:02.000","2005-01-01T09:43:30.000",,"2005-01-01T09:46:52.000","N","N","0","0","1","0","0"
"500101380110371","2005-01-01T09:46:50.000","MANHATTAN","138","HUDSON & DUANE STS","MANHATTAN","10013","1","1","101","2","10","Private Fire Alarm","Initial Alarm","First Alarm","Sprinkler System - Malfunction","NonMedical Emergencies","115","2005-01-01T09:48:45.000","2005-01-01T09:49:05.000","2005-01-01T09:52:27.000","2005-01-01T10:25:51.000","N","Y","337","222","3","2","1"
"500127880120196","2005-01-01T09:49:32.000","BRONX","2788","VYSE AVE & 172 ST","BRONX","10460","42","17","203","12","15","Phone","DEFAULT RECORD","First Alarm","Non-Medical MFA - Phone","NonMedical MFAs","72","2005-01-01T09:50:44.000","2005-01-01T09:50:55.000","2005-01-01T09:54:37.000","2005-01-01T09:58:10.000","N","Y","305","233","3","2","1"
"500169390150175","2005-01-01T09:49:45.000","QUEENS","6939","42 AVE & FRANCIS LEWIS BLVD","QUEENS","11361","111","19","411","26","6","PD Link/Medical","Initial Alarm","First Alarm","Medical - Assist Civilian","Medical Emergencies","35","2005-01-01T09:50:20.000","2005-01-01T09:50:50.000","2005-01-01T10:02:01.000","2005-01-01T10:07:21.000","N","Y","736","701","1","0","0"
"500118670130049","2005-01-01T09:51:02.000","RICHMOND / STATEN ISLAND","1867","LACONIA & STOBE AVES.","RICHMOND / STATEN ISLAND","10306","122","50","502","31","11","EMS Link/Medical","Initial Alarm","First Alarm","Medical - EMS Link 10-91","Medical Emergencies","12","2005-01-01T09:51:14.000","2005-01-01T09:51:33.000",,"2005-01-01T09:56:14.000","N","N","0","0","1","0","0"
"500188980150176","2005-01-01T09:53:42.000","QUEENS","8898","110 AVE & 158 ST","QUEENS","11433","113","28","412","28","5","Phone","Initial Alarm","First Alarm","Carbon Monoxide - Code 2 - Incident (1-9 ppm)","NonMedical Emergencies","70","2005-01-01T09:54:52.000","2005-01-01T09:55:52.000","2005-01-01T09:58:53.000","2005-01-01T10:08:50.000","N","Y","311","241","1","1","0"
"500115830110372","2005-01-01T09:54:32.000","MANHATTAN","1583","BROADWAY & 139 ST","MANHATTAN","10031","30","7","109","6","13","PD Link/Medical","Initial Alarm","First Alarm","Medical - Assist Civilian","Medical Emergencies","9","2005-01-01T09:54:41.000","2005-01-01T09:55:15.000","2005-01-01T09:59:49.000","2005-01-01T10:18:22.000","N","Y","317","308","1","0","0"
"500125360120197","2005-01-01T09:56:20.000","BRONX","2536","MORRIS AVE & 166 ST","BRONX","10456","44","16","204","9","15","PD Link/Medical","Initial Alarm","First Alarm","Medical - PD Link 10-91","Medical Emergencies","13","2005-01-01T09:56:33.000","2005-01-01T09:56:55.000","2005-01-01T10:00:12.000","2005-01-01T10:01:09.000","N","Y","232","219","1","0","0"
"500119480230050","2005-01-01T09:56:43.000","RICHMOND / STATEN ISLAND","1948","ARLENE COURT AND ADA DRIVE","RICHMOND / STATEN ISLAND","10314","121","49","501","31","11","Phone","Initial Alarm","First Alarm","Non-Medical 10-91 (Unnecessary Alarm)","NonMedical Emergencies","57","2005-01-01T09:57:40.000","2005-01-01T09:57:54.000","2005-01-01T10:00:52.000","2005-01-01T10:01:01.000","N","Y","249","192","1","0","0"
"500129120120198","2005-01-01T09:58:01.000","BRONX","2912","LONGFELLOW AVE & 174 ST","BRONX","10460","42","17","203","12","15","Private Fire Alarm","Initial Alarm","First Alarm","Alarm System - Unwarranted","NonMedical Emergencies","193","2005-01-01T10:01:14.000","2005-01-01T10:01:29.000","2005-01-01T10:02:53.000","2005-01-01T10:14:53.000","N","Y","292","99","1","1","1"
"500134890340273","2005-01-01T09:59:03.000","BROOKLYN","3489","BATH AVE & BAY 29 ST","BROOKLYN","11214","62","47","311","20","11","Phone","Initial Alarm","First Alarm","Multiple Dwelling 'A' - Other fire","Structural Fires","63","2005-01-01T10:00:06.000","2005-01-01T10:00:33.000","2005-01-01T10:02:57.000","2005-01-01T10:32:24.000","N","Y","234","171","3","2","1"
"500116790110374","2005-01-01T10:02:25.000","MANHATTAN","1679","159 ST-600' WEST OF 8 AVE","MANHATTAN","10039","32","9","110","5","13","Phone","Initial Alarm","First Alarm","Assist Civilian - Non-Medical","NonMedical Emergencies","91","2005-01-01T10:03:56.000","2005-01-01T10:04:14.000","2005-01-01T10:11:24.000","2005-01-01T10:20:32.000","N","Y","539","448","1","0","0"
"500172970150177","2005-01-01T10:02:47.000","QUEENS","7297","50 AVE & 43 ST","QUEENS","11377","108","26","402","24","14","PD Link/Medical","Initial Alarm","First Alarm","Medical - Assist Civilian","Medical Emergencies","25","2005-01-01T10:03:12.000","2005-01-01T10:03:30.000","2005-01-01T10:06:42.000","2005-01-01T10:17:09.000","N","Y","235","210","1","0","0"
"500170870150178","2005-01-01T10:05:37.000","QUEENS","7087","51 AVE & 70 ST","QUEENS","11377","104","30","405","24","6","Private Fire Alarm","Initial Alarm","First Alarm","Alarm System - Unwarranted","NonMedical Emergencies","55","2005-01-01T10:06:32.000","2005-01-01T10:06:44.000","2005-01-01T10:10:02.000","2005-01-01T10:13:40.000","N","Y","265","210","1","1","0"
"500116800110376","2005-01-01T10:06:15.000","MANHATTAN","1680","EDGECOMBE AVE & 160 ST","MANHATTAN","10032","33","10","112","6","13","Phone","Initial Alarm","First Alarm","Multiple Dwelling 'A' - Food on the stove fire","Structural Fires","66","2005-01-01T10:07:21.000","2005-01-01T10:07:39.000","2005-01-01T10:09:51.000","2005-01-01T10:25:36.000","N","Y","216","150","3","2","1"
"500109320140275","2005-01-01T10:07:10.000","BROOKLYN","932","JEFFERSON & THROOP AVES","BROOKLYN","11221","79","36","303","13","8","Phone","Initial Alarm","First Alarm","Undefined Emergency","NonMedical Emergencies","33","2005-01-01T10:07:43.000","2005-01-01T10:07:55.000","2005-01-01T10:14:59.000","2005-01-01T12:05:43.000","N","Y","469","436","0","0","1"
"500135840130051","2005-01-01T10:07:25.000","RICHMOND / STATEN ISLAND","3584","GRANTWOOD AVE AND RENSSELAER AVE","RICHMOND / STATEN ISLAND","10312","123","51","503","31","11","Phone","Initial Alarm","First Alarm","Vehicle Accident - Other","NonMedical Emergencies","77","2005-01-01T10:08:42.000","2005-01-01T10:09:01.000","2005-01-01T10:11:21.000","2005-01-01T10:20:49.000","N","Y","236","159","1","1","0"
"500135580120199","2005-01-01T10:07:49.000","BRONX","3558","ORLOFF AVE & CANNON PL","BRONX","10463","50","11","208","10","13","EMS Link/Medical","Initial Alarm","First Alarm","Medical - EMS Link 10-91","Medical Emergencies","12","2005-01-01T10:08:01.000","2005-01-01T10:08:23.000","2005-01-01T10:12:27.000","2005-01-01T10:15:30.000","N","Y","278","266","1","0","0"
"500129350150180","2005-01-01T10:08:14.000","QUEENS","2935","E/SVC RD WHITESTONE EXPY & 20 AVE","QUEENS","11357","109","19","407","25","6","Private Fire Alarm","Initial Alarm","First Alarm","Alarm System - Unwarranted","NonMedical Emergencies","136","2005-01-01T10:10:30.000","2005-01-01T10:10:42.000","2005-01-01T10:14:45.000","2005-01-01T10:36:06.000","N","Y","391","255","3","2","1"
"500193280150179","2005-01-01T10:08:18.000","QUEENS","9328","ROOSEVELT AVE & 114 ST","QUEENS","11368","115","21","403","24","14","Phone","Initial Alarm","First Alarm","Manhole Fire - Seeping Smoke","NonStructural Fires","51","2005-01-01T10:09:09.000","2005-01-01T10:09:24.000","2005-01-01T10:13:08.000","2005-01-01T10:30:18.000","N","Y","290","239","3","2","1"
"500104760110378","2005-01-01T10:08:46.000","MANHATTAN","476","AVE C OPP. 16 ST [ENT. STUYVESANT TOWN]","MANHATTAN","10009","13","4","106","2","12","EMS Link/Medical","Initial Alarm","First Alarm","Medical - EMS Link 10-91","Medical Emergencies","16","2005-01-01T10:09:02.000","2005-01-01T10:09:24.000",,"2005-01-01T10:12:23.000","N","N","0","0","1","0","0"
"500178310150181","2005-01-01T10:09:22.000","QUEENS","7831","NORTHERN BLVD & 82 ST","QUEENS","11372","115","25","403","30","14","Verbal","Initial Alarm","First Alarm","Store Fire","Structural Fires","61","2005-01-01T10:10:23.000","2005-01-01T10:10:23.000","2005-01-01T10:10:40.000","2005-01-01T11:20:39.000","N","Y","78","17","3","2","2"
"500177750250184","2005-01-01T10:10:51.000","QUEENS","7775","32ND AVE AND 83RD ST","QUEENS","11370","115","25","403","30","14","Phone","Initial Alarm","First Alarm","Odor - Other Smoke","NonMedical Emergencies","120","2005-01-01T10:12:51.000","2005-01-01T10:13:16.000","2005-01-01T10:18:13.000","2005-01-01T10:23:00.000","N","Y","442","322","3","2","1"
"500111770140277","2005-01-01T10:12:18.000","BROOKLYN","1177","SHORE RD & 91 ST","BROOKLYN","11209","68","43","310","20","11","EMS Link/Medical","Initial Alarm","First Alarm","Medical - EMS Link 10-91","Medical Emergencies","11","2005-01-01T10:12:29.000","2005-01-01T10:12:58.000",,"2005-01-01T10:15:56.000","N","N","0","0","1","0","0"
"500137780140278","2005-01-01T10:14:07.000","BROOKLYN","3778","CHESTER AVE & TEHAMA ST","BROOKLYN","11218","66","39","312","15","10","PD Link/Medical","Initial Alarm","First Alarm","Medical - PD Link 10-91","Medical Emergencies","7","2005-01-01T10:14:14.000","2005-01-01T10:14:37.000",,"2005-01-01T10:18:39.000","N","N","0","0","1","0","0"
"500104050240280","2005-01-01T10:17:24.000","BROOKLYN","405","S/S TILLARY ST, 100' W OF NAVY","BROOKLYN",,,,,,,"Phone","Initial Alarm","First Alarm","Non-Medical 10-91 (Unnecessary Alarm)","NonMedical Emergencies","60","2005-01-01T10:18:24.000","2005-01-01T10:18:37.000",,"2005-01-01T10:33:49.000","N","N","0","0","1","1","0"
"500108540140279","2005-01-01T10:17:41.000","BROOKLYN","854","SARATOGA AVE & MAC DONOUGH ST","BROOKLYN","11233","73","41","316","23","8","PD Link/Medical","Initial Alarm","First Alarm","Medical - PD Link 10-91","Medical Emergencies","983","2005-01-01T10:34:04.000","2005-01-01T10:34:26.000",,"2005-01-01T10:37:36.000","N","N","0","0","1","0","0"
"500114790110380","2005-01-01T10:18:12.000","MANHATTAN","1479","LEXINGTON AV & E125 ST\M.L.KING JR BLVD","MANHATTAN","10035","25","8","111","5","13","PD Link/Medical","Initial Alarm","First Alarm","Medical - Assist Civilian","Medical Emergencies","18","2005-01-01T10:18:30.000","2005-01-01T10:18:49.000","2005-01-01T10:22:06.000","2005-01-01T10:43:34.000","N","N","234","216","1","0","0"
"500131440140281","2005-01-01T10:18:49.000","BROOKLYN","3144","AVE Y & BATCHELDER ST","BROOKLYN","11235","61","48","315","22","9","Phone","Initial Alarm","First Alarm","Multiple Dwelling 'A' - Food on the stove fire","Structural Fires","50","2005-01-01T10:19:39.000","2005-01-01T10:19:53.000","2005-01-01T10:22:52.000","2005-01-01T10:32:35.000","N","Y","243","193","3","2","1"
"500138010140282","2005-01-01T10:18:58.000","BROOKLYN","3801","13 AVE & 61 ST","BROOKLYN",,,,,,,"Verbal","Initial Alarm","First Alarm","Undefined Emergency","NonMedical Emergencies","36","2005-01-01T10:19:34.000","2005-01-01T10:19:34.000","2005-01-01T10:21:04.000","2005-01-01T11:25:42.000","N","Y","126","90","1","0","0"
"500107040110381","2005-01-01T10:20:10.000","MANHATTAN","704","BROADWAY & 33 ST","MANHATTAN","10001","14","3","105","2","12","EMS Link/Medical","Initial Alarm","First Alarm","Medical - EMS Link 10-91","Medical Emergencies","8","2005-01-01T10:20:18.000","2005-01-01T10:20:29.000",,"2005-01-01T10:25:28.000","N","N","0","0","1","0","0"
"500123640130052","2005-01-01T10:20:24.000","RICHMOND / STATEN ISLAND","2364","RIVINGTON & MULBERRY AVES\OCEANIC VFD","RICHMOND / STATEN ISLAND","10314","121","50","502","31","11","EMS Link/Medical","Initial Alarm","First Alarm","Medical - EMS Link 10-91","Medical Emergencies","12","2005-01-01T10:20:36.000","2005-01-01T10:20:56.000",,"2005-01-01T10:24:56.000","N","N","0","0","1","0","0"
"500116960150185","2005-01-01T10:21:18.000","QUEENS","1696","160 AVE & 87 ST","QUEENS","11414","106","32","410","27","8","EMS Link/Medical","Initial Alarm","First Alarm","Medical - EMS Link 10-91","Medical Emergencies","7","2005-01-01T10:21:25.000","2005-01-01T10:21:53.000","2005-01-01T10:24:21.000","2005-01-01T10:24:35.000","N","Y","183","176","1","0","0"
"500137470120201","2005-01-01T10:21:52.000","BRONX","3747","RIVERDALE & GREYSTONE AVES","BRONX","10463","50","11","208","10","16","Phone","Initial Alarm","First Alarm","Utility Emergency - Water","NonMedical Emergencies","87","2005-01-01T10:23:19.000","2005-01-01T10:23:36.000","2005-01-01T10:32:35.000","2005-01-01T10:49:29.000","N","Y","643","556","0","1","1"
"500122990220202","2005-01-01T10:22:45.000","BRONX","2299","CONCOURSE VILLAGE EAST & 156 ST","BRONX","10451","40","17","201","7","15","PD Link/Medical","Initial Alarm","First Alarm","Medical - Assist Civilian","Medical Emergencies","40","2005-01-01T10:23:25.000","2005-01-01T10:23:44.000","2005-01-01T10:26:43.000","2005-01-01T10:45:05.000","N","Y","238","198","1","0","0"
"500136420120203","2005-01-01T10:23:12.000","BRONX","3642","WHITE PLAINS RD & 216 ST","BRONX","10467","47","12","212","11","16","EMS Link/Medical","Initial Alarm","First Alarm","Medical - EMS Link 10-91","Medical Emergencies","17","2005-01-01T10:23:29.000","2005-01-01T10:23:55.000","2005-01-01T10:28:25.000","2005-01-01T10:31:37.000","N","Y","313","296","1","0","0"
"500110890150187","2005-01-01T10:23:54.000","QUEENS","1089","CORNAGA AVE & BEACH 22 ST","QUEENS",,,,,,,"PD Link/Medical","Initial Alarm","First Alarm","Medical - Assist Civilian","Medical Emergencies","13","2005-01-01T10:24:07.000","2005-01-01T10:24:29.000","2005-01-01T10:26:58.000","2005-01-01T10:41:02.000","N","Y","184","171","1","1","0"
"500109210140283","2005-01-01T10:24:11.000","BROOKLYN","921","KINGSTON AVE & PARK PL","BROOKLYN","11213","77","36","308","17","9","PD Link/Medical","Initial Alarm","First Alarm","Medical - PD Link 10-91","Medical Emergencies","8","2005-01-01T10:24:19.000","2005-01-01T10:24:40.000",,"2005-01-01T10:31:16.000","N","N","0","0","1","0","0"
"500103630210382","2005-01-01T10:24:48.000","MANHATTAN","363","MULBERRY & BLEECKER STS","MANHATTAN","10012","9","1","102","2","12","PD Link/Medical","Initial Alarm","First Alarm","Medical - Assist Civilian","Medical Emergencies","38","2005-01-01T10:25:26.000","2005-01-01T10:25:50.000","2005-01-01T10:28:45.000","2005-01-01T10:39:48.000","N","Y","237","199","1","0","0"
"500198480150190","2005-01-01T10:26:09.000","QUEENS","9848","88 RD-250' WEST OF 249 ST","QUEENS","11433","103","27","412","28","5","Private Fire Alarm","Initial Alarm","First Alarm","Non-Medical 10-91 (Unnecessary Alarm)","NonMedical Emergencies","129","2005-01-01T10:28:18.000","2005-01-01T10:28:33.000",,"2005-01-01T10:31:56.000","N","N","0","0","3","2","1"
"500193320150189","2005-01-01T10:27:16.000","QUEENS","9332","34 AVE & 112 ST","QUEENS","11368","115","21","403","24","14","Verbal","Initial Alarm","First Alarm","Demolition Debris or Rubbish Fire","NonStructural Fires","40","2005-01-01T10:27:56.000","2005-01-01T10:27:56.000","2005-01-01T10:28:54.000","2005-01-01T10:29:43.000","N","N","98","58","0","1","0"
"500125180140284","2005-01-01T10:28:38.000","BROOKLYN","2518","DITMAS AVE & EAST 2 ST","BROOKLYN","11218","66","39","312","20","10","PD Link/Medical","Initial Alarm","First Alarm","Medical - Assist Civilian","Medical Emergencies","12","2005-01-01T10:28:50.000","2005-01-01T10:29:11.000","2005-01-01T10:32:38.000","2005-01-01T10:54:10.000","N","Y","240","228","1","0","0"
"500116530140285","2005-01-01T10:31:43.000","BROOKLYN","1653","HOPKINSON AVE/BOYLAND ST & DEAN ST","BROOKLYN","11233","73","41","316","23","8","EMS Link/Medical","Initial Alarm","First Alarm","Medical - Assist Civilian","Medical Emergencies","10","2005-01-01T10:31:53.000","2005-01-01T10:32:31.000","2005-01-01T10:36:31.000","2005-01-01T10:54:08.000","N","Y","288","278","1","0","0"
"500107130110383","2005-01-01T10:31:54.000","MANHATTAN","713","7 AVE & 34 ST","MANHATTAN","10119","14","3","105","2","10","PD Link/Medical","Initial Alarm","First Alarm","Medical - PD Link 10-91","Medical Emergencies","14","2005-01-01T10:32:08.000","2005-01-01T10:32:19.000",,"2005-01-01T10:34:15.000","N","N","0","0","1","0","0"
"500198460150191","2005-01-01T10:31:59.000","QUEENS","9846","ARCHER AVE & 160 ST","QUEENS","11433","103","27","412","28","5","Private Fire Alarm","Initial Alarm","First Alarm","Alarm System - Defective","NonMedical Emergencies","105","2005-01-01T10:33:44.000","2005-01-01T10:33:53.000","2005-01-01T10:37:15.000","2005-01-01T10:49:02.000","N","Y","316","211","3","2","1"
"500135350120205","2005-01-01T10:33:15.000","BRONX","3535","GRAND CONCOURSE & 205 ST","BRONX","10458","52","11","207","10","13","PD Link/Medical","Initial Alarm","First Alarm","Medical - Assist Civilian","Medical Emergencies","10","2005-01-01T10:33:25.000","2005-01-01T10:33:49.000","2005-01-01T10:37:55.000","2005-01-01T10:51:25.000","N","Y","280","270","1","0","0"
"500119070140286","2005-01-01T10:36:05.000","BROOKLYN","1907","HEGEMAN & GEORGIA AVES","BROOKLYN","11207","75","42","305","19","8","Phone","Initial Alarm","First Alarm","Multiple Dwelling 'A' - Food on the stove fire","Structural Fires","53","2005-01-01T10:36:58.000","2005-01-01T10:37:12.000","2005-01-01T10:39:37.000","2005-01-01T10:45:24.000","N","Y","212","159","1","1","1"
"500114600210384","2005-01-01T10:36:09.000","MANHATTAN","1460","WARD'S IS., OUTSIDE ADMIN. BLDG","MANHATTAN","10035","25","8","111","4","12","Private Fire Alarm","Initial Alarm","First Alarm","Multiple Dwelling 'A' - Food on the stove fire","Structural Fires","67","2005-01-01T10:37:16.000","2005-01-01T10:37:36.000","2005-01-01T10:45:12.000","2005-01-01T11:00:21.000","N","Y","543","476","3","2","1"
"500131830120206","2005-01-01T10:36:19.000","BRONX","3183","WALTON AVE & 182 ST","BRONX","10453","46","14","205","10","15","Phone","Initial Alarm","First Alarm","Utility Emergency - Gas","NonMedical Emergencies","63","2005-01-01T10:37:22.000","2005-01-01T10:37:38.000","2005-01-01T10:40:54.000","2005-01-01T10:57:59.000","N","Y","275","212","3","2","1"
"500193470250192","2005-01-01T10:38:45.000","QUEENS","9347","32 AVE & 105 ST","QUEENS","11369","115","21","403","24","14","Verbal","Initial Alarm","First Alarm","Utility Emergency - Water","NonMedical Emergencies","38","2005-01-01T10:39:23.000","2005-01-01T10:39:23.000","2005-01-01T10:39:53.000","2005-01-01T10:40:37.000","N","Y","68","30","0","1","0"
"500120680130053","2005-01-01T10:39:31.000","RICHMOND / STATEN ISLAND","2068","PATTERSON AND GREELEY AVES","RICHMOND / STATEN ISLAND","10306","122","50","502","31","11","PD Link/Medical","Initial Alarm","First Alarm","Medical - PD Link 10-91","Medical Emergencies","12","2005-01-01T10:39:43.000","2005-01-01T10:39:59.000",,"2005-01-01T10:45:31.000","N","N","0","0","1","0","0"
"500138940120207","2005-01-01T10:39:40.000","BRONX","3894","BARNES AVE & 242 ST","BRONX","10470","47","11","212","11","16","Phone","Initial Alarm","First Alarm","Carbon Monoxide - Code 2 - Incident (1-9 ppm)","NonMedical Emergencies","95","2005-01-01T10:41:15.000","2005-01-01T10:41:27.000","2005-01-01T10:46:39.000","2005-01-01T11:02:22.000","N","Y","419","324","1","1","0"
"500114850110385","2005-01-01T10:42:50.000","MANHATTAN","1485","PARK AVE & 126 ST","MANHATTAN","10035","25","9","111","5","13","EMS Link/Medical","Initial Alarm","First Alarm","Medical - EMS Link 10-91","Medical Emergencies","60","2005-01-01T10:43:50.000","2005-01-01T10:44:48.000",,"2005-01-01T10:50:40.000","N","N","0","0","1","0","0"
"500138580140288","2005-01-01T10:43:40.000","BROOKLYN","3858","BAY PKWY & 85 ST","BROOKLYN","11214","62","47","311","21","11","Phone","Initial Alarm","First Alarm","Defective Oil Burner","NonMedical Emergencies","43","2005-01-01T10:44:23.000","2005-01-01T10:44:40.000","2005-01-01T10:46:36.000","2005-01-01T11:19:49.000","N","Y","176","133","3","2","1"
"500113620110386","2005-01-01T10:43:41.000","MANHATTAN","1362","LEXINGTON AVE & 113 ST","MANHATTAN",,,,,,,"ERS","Initial Alarm","First Alarm","Medical - Assist Civilian","Medical Emergencies","66","2005-01-01T10:44:47.000","2005-01-01T10:45:10.000","2005-01-01T10:49:31.000","2005-01-01T11:23:24.000","N","Y","350","284","1","0","0"
"500116750110387","2005-01-01T10:43:56.000","MANHATTAN","1675","AMSTERDAM AVE & 158 ST","MANHATTAN","10032","33","7","112","6","13","Phone","Initial Alarm","First Alarm","Utility Emergency - Water","NonMedical Emergencies","94","2005-01-01T10:45:30.000","2005-01-01T10:45:55.000","2005-01-01T10:57:08.000","2005-01-01T10:57:41.000","N","Y","792","698","0","1","0"
"500119100140289","2005-01-01T10:44:24.000","BROOKLYN","1910","HEGEMAN AVE & BRADFORD ST","BROOKLYN","11207","75","42","305","19","8","Phone","Initial Alarm","First Alarm","Defective Oil Burner","NonMedical Emergencies","22","2005-01-01T10:44:46.000","2005-01-01T10:45:07.000","2005-01-01T10:47:23.000","2005-01-01T11:09:08.000","N","Y","179","157","3","2","1"
"500110690110388","2005-01-01T10:45:15.000","MANHATTAN","1069","WEST END AVE & 77 ST","MANHATTAN","10024","20","6","107","3","10","Private Fire Alarm","Initial Alarm","First Alarm","Multiple Dwelling 'A' - Food on the stove fire","Structural Fires","83","2005-01-01T10:46:38.000","2005-01-01T10:46:48.000","2005-01-01T10:49:44.000","2005-01-01T10:57:38.000","N","Y","269","186","3","2","1"
"500149250150193","2005-01-01T10:45:48.000","QUEENS","4925","115 AVE & 125 ST","QUEENS","11420","106","28","410","27","5","EMS Link/Medical","Initial Alarm","First Alarm","Medical - EMS Link 10-91","Medical Emergencies","34","2005-01-01T10:46:22.000","2005-01-01T10:46:57.000",,"2005-01-01T10:50:08.000","N","N","0","0","1","0","0"
"500141470120208","2005-01-01T10:46:31.000","BRONX","4147","E. TREMONT & LAFAYETTE AVES","BRONX","10465","45","13","210","8","14","PD Link/Medical","Initial Alarm","First Alarm","Medical - PD Link 10-91","Medical Emergencies","8","2005-01-01T10:46:39.000","2005-01-01T10:47:07.000","2005-01-01T10:50:36.000","2005-01-01T10:56:07.000","N","Y","245","237","1","0","0"
"500131440240290","2005-01-01T10:47:04.000","BROOKLYN","3144","AVE Y & BATCHELDER ST","BROOKLYN","11235","61","48","315","22","9","Phone","Initial Alarm","First Alarm","Odor - Other Smoke","NonMedical Emergencies","59","2005-01-01T10:48:03.000","2005-01-01T10:48:21.000","2005-01-01T10:51:17.000","2005-01-01T11:03:14.000","N","Y","253","194","3","2","1"
"500115870140291","2005-01-01T10:47:57.000","BROOKLYN","1587","TROY & CLARKSON AVES","BROOKLYN","11203","71","41","309","18","9","Private Fire Alarm","DEFAULT RECORD","First Alarm","Non-Medical MFA - Private Fire Alarm","NonMedical MFAs","110","2005-01-01T10:49:47.000","2005-01-01T10:50:07.000","2005-01-01T10:54:50.000","2005-01-01T10:56:16.000","N","Y","413","303","3","2","1"
"500137250140292","2005-01-01T10:50:28.000","BROOKLYN","3725","DUMONT AVE & TAPSCOTT ST","BROOKLYN","11212","73","41","316","23","9","Phone","Initial Alarm","First Alarm","Defective Oil Burner","NonMedical Emergencies","43","2005-01-01T10:51:11.000","2005-01-01T10:51:30.000","2005-01-01T10:54:47.000","2005-01-01T11:07:24.000","N","Y","259","216","3","2","1"
"500117630110389","2005-01-01T10:50:43.000","MANHATTAN","1763","WADSWORTH AVE AND 186TH ST","MANHATTAN","10033","34","10","112","6","13","Phone","Initial Alarm","First Alarm","Odor - Other Smoke","NonMedical Emergencies","81","2005-01-01T10:52:04.000","2005-01-01T10:52:19.000","2005-01-01T10:55:19.000","2005-01-01T11:08:44.000","N","Y","276","195","3","2","1"
"500162430150194","2005-01-01T10:53:46.000","QUEENS","6243","9 AVE & 150 ST","QUEENS","11357","109","19","407","25","3","PD Link/Medical","Initial Alarm","First Alarm","Medical - Assist Civilian","Medical Emergencies","19","2005-01-01T10:54:05.000","2005-01-01T10:54:15.000","2005-01-01T10:57:06.000","2005-01-01T11:09:20.000","N","Y","200","181","1","0","0"
"500135810120211","2005-01-01T10:54:20.000","BRONX","3581","KNOX PLACE & GUN HILL RD","BRONX","10467","52","11","207","10","13","EMS Link/Medical","Initial Alarm","First Alarm","Medical - EMS Link 10-91","Medical Emergencies","10","2005-01-01T10:54:30.000","2005-01-01T10:54:48.000",,"2005-01-01T11:04:02.000","N","N","0","0","1","0","0"
"500147580120212","2005-01-01T10:54:57.000","BRONX","4758","SEDGWICK AV-600' N OF ALEX HAMILTON BRID","BRONX","10453","46","16","205","9","13","Phone","Initial Alarm","First Alarm","Assist Civilian - Non-Medical","NonMedical Emergencies","82","2005-01-01T10:56:19.000","2005-01-01T10:56:33.000","2005-01-01T11:02:46.000","2005-01-01T11:22:31.000","N","Y","469","387","0","1","0"
"500116210110393","2005-01-01T10:55:08.000","MANHATTAN","1621","RIVERSIDE DR & 144 ST","MANHATTAN","10031","30","7","109","6","13","Phone","Initial Alarm","First Alarm","Multiple Dwelling 'A' - Food on the stove fire","Structural Fires","69","2005-01-01T10:56:17.000","2005-01-01T10:56:30.000","2005-01-01T10:59:37.000","2005-01-01T11:14:45.000","N","Y","269","200","3","2","1"
"500104670110392","2005-01-01T10:55:32.000","MANHATTAN","467","E 13 ST & AVE C\LOISAIDA AVE","MANHATTAN","10009","9","2","103","1","12","PD Link/Medical","Initial Alarm","First Alarm","Medical - PD Link 10-91","Medical Emergencies","11","2005-01-01T10:55:43.000","2005-01-01T10:56:01.000","2005-01-01T10:58:51.000","2005-01-01T11:07:57.000","N","Y","199","188","1","0","0"
"500105390110394","2005-01-01T10:56:13.000","MANHATTAN","539","JANE & 4 STS","MANHATTAN","10014","6","3","102","2","10","Phone","Initial Alarm","First Alarm","Vehicle Accident - Other","NonMedical Emergencies","67","2005-01-01T10:57:20.000","2005-01-01T10:57:46.000","2005-01-01T11:01:16.000","2005-01-01T11:05:44.000","N","Y","303","236","1","1","0"
"500179580150196","2005-01-01T10:57:11.000","QUEENS","7958","ELMHURST AVE & GLEANE ST","QUEENS","11373","110","25","404","24","14","Phone","Initial Alarm","First Alarm","Carbon Monoxide - Code 2 - Incident (1-9 ppm)","NonMedical Emergencies","67","2005-01-01T10:58:18.000","2005-01-01T10:58:34.000","2005-01-01T11:03:38.000","2005-01-01T11:22:59.000","N","Y","387","320","1","1","0"
"500106550110395","2005-01-01T10:58:11.000","MANHATTAN","655","10 AVE & 27 ST","MANHATTAN","10001","10","3","104","2","10","PD Link/Medical","Initial Alarm","First Alarm","Medical - PD Link 10-91","Medical Emergencies","7","2005-01-01T10:58:18.000","2005-01-01T10:58:40.000",,"2005-01-01T10:59:39.000","N","N","0","0","1","0","0"
"500114760140293","2005-01-01T10:59:07.000","BROOKLYN","1476","8 AVE & 44 ST","BROOKLYN","11220","72","38","307","15","7","Verbal","Initial Alarm","First Alarm","Vehicle Accident - Other","NonMedical Emergencies","22","2005-01-01T10:59:29.000","2005-01-01T10:59:29.000","2005-01-01T11:11:51.000","2005-01-01T11:12:33.000","N","N","764","742","0","1","0"
"500140820140294","2005-01-01T10:59:59.000","BROOKLYN","4082","FLATLANDS  &  PENNSYLVANIA  AVES","BROOKLYN","11207","75","42","305","19","8","EMS Link/Medical","Initial Alarm","First Alarm","Medical - EMS Link 10-91","Medical Emergencies","21","2005-01-01T11:00:20.000","2005-01-01T11:00:42.000","2005-01-01T11:05:19.000","2005-01-01T11:05:50.000","N","Y","320","299","1","0","0"
"500138700120214","2005-01-01T11:01:00.000","BRONX","3870","234 ST & BYRON AVE","BRONX","10466","47","11","212","11","16","Phone","Initial Alarm","First Alarm","Undefined Emergency","NonMedical Emergencies","86","2005-01-01T11:02:26.000","2005-01-01T11:02:37.000","2005-01-01T11:04:34.000","2005-01-01T11:29:20.000","N","Y","214","128","2","2","1"
"500133270120213","2005-01-01T11:01:00.000","BRONX","3327","HUGHES AVE & 187 ST","BRONX","10458","48","15","206","10","15","PD Link/Medical","Initial Alarm","First Alarm","Medical - PD Link 10-91","Medical Emergencies","13","2005-01-01T11:01:13.000","2005-01-01T11:01:57.000","2005-01-01T11:03:17.000","2005-01-01T11:03:36.000","N","Y","137","124","1","0","0"
"500132380140295","2005-01-01T11:01:37.000","BROOKLYN","3238","AVE W & BRAGG ST","BROOKLYN","11229","61","46","315","22","9","EMS Link/Medical","Initial Alarm","First Alarm","Medical - Assist Civilian","Medical Emergencies","14","2005-01-01T11:01:51.000","2005-01-01T11:02:13.000","2005-01-01T11:06:07.000","2005-01-01T12:04:37.000","N","Y","270","256","1","0","0"
"500143680150197","2005-01-01T11:01:53.000","QUEENS","4368","169 ST & 84 AVE/ABIGAIL ADAMS AVE","QUEENS","11432","107","24","408","29","6","Phone","Initial Alarm","First Alarm","Multiple Dwelling 'A' - Food on the stove fire","Structural Fires","91","2005-01-01T11:03:24.000","2005-01-01T11:03:41.000","2005-01-01T11:07:28.000","2005-01-01T11:17:24.000","N","Y","335","244","3","2","1"
"500198980150198","2005-01-01T11:05:06.000","QUEENS","9898","EAST WILLISTON AVE & 264 ST","QUEENS","11001","105","23","413","26","3","PD Link/Medical","Initial Alarm","First Alarm","Medical - PD Link 10-91","Medical Emergencies","12","2005-01-01T11:05:18.000","2005-01-01T11:05:41.000","2005-01-01T11:11:30.000","2005-01-01T11:18:18.000","N","Y","384","372","1","0","0"
"500117980140296","2005-01-01T11:08:24.000","BROOKLYN","1798","GLENMORE & SHEPHERD AVES","BROOKLYN","11208","75","37","305","19","8","Phone","DEFAULT RECORD","First Alarm","Non-Medical MFA - Phone","NonMedical MFAs","49","2005-01-01T11:09:13.000","2005-01-01T11:09:26.000","2005-01-01T11:11:52.000","2005-01-01T11:13:48.000","N","Y","208","159","3","2","1"
"500106510110397","2005-01-01T11:08:55.000","MANHATTAN","651","MADISON AVE & 27 ST","MANHATTAN","10016","13","2","105","2","12","PD Link/Medical","Initial Alarm","First Alarm","Medical - PD Link 10-91","Medical Emergencies","7","2005-01-01T11:09:02.000","2005-01-01T11:09:18.000","2005-01-01T11:12:44.000","2005-01-01T11:20:18.000","N","Y","229","222","1","0","0"
"500104880110398","2005-01-01T11:09:58.000","MANHATTAN","488","IRVING PL & 19 ST","MANHATTAN","10003","13","2","105","2","12","Phone","Initial Alarm","First Alarm","Non-Medical 10-91 (Unnecessary Alarm)","NonMedical Emergencies","62","2005-01-01T11:11:00.000","2005-01-01T11:11:27.000","2005-01-01T11:15:48.000","2005-01-01T11:18:56.000","N","Y","350","288","0","1","0"
"500116040110399","2005-01-01T11:11:27.000","MANHATTAN","1604","W 142 ST & LENOX AVE\MALCOLM X BLVD","MANHATTAN","10037","32","9","110","5","13","Phone","Initial Alarm","First Alarm","Carbon Monoxide - Code 2 - Incident (1-9 ppm)","NonMedical Emergencies","114","2005-01-01T11:13:21.000","2005-01-01T11:13:44.000","2005-01-01T11:16:44.000","2005-01-01T11:29:49.000","N","Y","317","203","1","1","0"
"500136830120216","2005-01-01T11:13:27.000","BRONX","3683","WHITE PLAINS RD & 224 ST","BRONX","10466","47","12","212","11","16","Phone","Initial Alarm","First Alarm","Carbon Monoxide - Code 2 - Incident (1-9 ppm)","NonMedical Emergencies","118","2005-01-01T11:15:25.000","2005-01-01T11:15:38.000","2005-01-01T11:20:33.000","2005-01-01T11:24:40.000","N","Y","426","308","1","1","0"
"500119070240297","2005-01-01T11:15:36.000","BROOKLYN","1907","HEGEMAN & GEORGIA AVES","BROOKLYN","11207","75","42","305","19","8","Phone","Initial Alarm","First Alarm","Multiple Dwelling 'A' - Food on the stove fire","Structural Fires","41","2005-01-01T11:16:17.000","2005-01-01T11:16:31.000","2005-01-01T11:18:47.000","2005-01-01T11:26:16.000","N","Y","191","150","3","2","1"
"500117770310401","2005-01-01T11:18:04.000","MANHATTAN","1777","AUDUBON AV & W 192 ST","MANHATTAN","10040","34","10","112","6","13","PD Link/Medical","Initial Alarm","First Alarm","Medical - Assist Civilian","Medical Emergencies","10","2005-01-01T11:18:14.000","2005-01-01T11:18:37.000","2005-01-01T11:23:54.000","2005-01-01T12:30:15.000","N","Y","350","340","1","0","0"
"500153470150199","2005-01-01T11:19:03.000","QUEENS","5347","HOLLIS AVE & 205 PL","QUEENS","11412","103","27","412","29","5","EMS Link/Medical","Initial Alarm","First Alarm","Medical - EMS Link 10-91","Medical Emergencies","17","2005-01-01T11:19:20.000","2005-01-01T11:19:40.000","2005-01-01T11:23:59.000","2005-01-01T11:24:36.000","N","Y","296","279","1","0","0"
"500105970110402","2005-01-01T11:19:22.000","MANHATTAN","597","AVE OF AMERICAS & 21 ST","MANHATTAN","10010","13","3","105","2","12","Private Fire Alarm","Initial Alarm","First Alarm","Alarm System - Unwarranted","NonMedical Emergencies","131","2005-01-01T11:21:33.000","2005-01-01T11:21:48.000","2005-01-01T11:25:53.000","2005-01-01T11:53:25.000","N","Y","391","260","3","2","1"
"500108220140298","2005-01-01T11:21:52.000","BROOKLYN","822","EVERGREEN & JEFFERSON AVES","BROOKLYN","11221","83","37","304","32","8","Phone","Initial Alarm","First Alarm","Utility Emergency - Water","NonMedical Emergencies","113","2005-01-01T11:23:45.000","2005-01-01T11:24:01.000","2005-01-01T11:27:16.000","2005-01-01T11:32:47.000","N","Y","324","211","0","1","0"
"500145870350200","2005-01-01T11:22:30.000","QUEENS","4587","64 ST & MADISON ST","QUEENS","11385","104","30","405","24","6","Phone","Initial Alarm","First Alarm","Assist Civilian - Non-Medical","NonMedical Emergencies","51","2005-01-01T11:23:21.000","2005-01-01T11:23:40.000","2005-01-01T11:27:11.000","2005-01-01T12:00:46.000","N","Y","281","230","1","1","0"
"500123110120218","2005-01-01T11:23:10.000","BRONX","2311","GRAND CONCOURSE & 159 ST","BRONX","10451","44","16","204","7","15","PD Link/Medical","Initial Alarm","First Alarm","Medical - PD Link 10-91","Medical Emergencies","9","2005-01-01T11:23:19.000","2005-01-01T11:23:54.000",,"2005-01-01T11:25:23.000","N","N","0","0","1","0","0"
"500127230120220","2005-01-01T11:25:20.000","BRONX","2723","WALTON AVE & CLARKE PL","BRONX","10452","44","16","204","9","15","EMS Link/Medical","Initial Alarm","First Alarm","Medical - Assist Civilian","Medical Emergencies","19","2005-01-01T11:25:39.000","2005-01-01T11:26:00.000","2005-01-01T11:29:37.000","2005-01-01T12:00:12.000","N","Y","257","238","1","0","0"
"500176350150201","2005-01-01T11:29:29.000","QUEENS","7635","9TH ST AND 33RD RD","QUEENS","11106","114","26","401","30","12","Phone","10-75 Signal (Request for all hands alarm)","First Alarm","Private Dwelling Fire","Structural Fires","40","2005-01-01T11:30:09.000","2005-01-01T11:30:25.000","2005-01-01T11:33:50.000","2005-01-01T12:37:04.000","N","Y","261","221","5","3","2"
"500121160140299","2005-01-01T11:32:53.000","BROOKLYN","2116","HEGEMAN AVE & CHESTER ST","BROOKLYN","11212","73","42","316","23","8","EMS Link/Medical","Initial Alarm","First Alarm","Medical - EMS Link 10-91","Medical Emergencies","13","2005-01-01T11:33:06.000","2005-01-01T11:33:27.000",,"2005-01-01T11:37:52.000","N","N","0","0","1","0","0"
"500147700150203","2005-01-01T11:33:23.000","QUEENS","4770","87 AVE & PARSON BLVD","QUEENS","11432","107","24","408","28","6","Phone","Second Alarm","Second Alarm","Private Dwelling Fire","Structural Fires","39","2005-01-01T11:34:02.000","2005-01-01T11:34:17.000","2005-01-01T11:35:52.000","2005-01-01T16:12:24.000","N","Y","149","110","10","7","13"
"500113020110403","2005-01-01T11:33:30.000","MANHATTAN","1302","2 AVE & 105 ST","MANHATTAN","10029","23","8","111","4","13","Phone","Initial Alarm","First Alarm","Non-Medical 10-91 (Unnecessary Alarm)","NonMedical Emergencies","132","2005-01-01T11:35:42.000","2005-01-01T11:35:52.000","2005-01-01T11:38:26.000","2005-01-01T11:40:44.000","N","Y","296","164","1","1","0"
"500115510240301","2005-01-01T11:34:01.000","BROOKLYN","1551","BEDFORD AVE & LINDEN BLVD","BROOKLYN","11226","67","40","317","17","9","Phone","Initial Alarm","First Alarm","Utility Emergency - Gas","NonMedical Emergencies","49","2005-01-01T11:34:50.000","2005-01-01T11:35:12.000","2005-01-01T11:37:52.000","2005-01-01T11:47:27.000","N","Y","231","182","2","2","1"
"500135530120221","2005-01-01T11:35:21.000","BRONX","3553","JEROME AVE & MOSHOLU PKWY S.","BRONX","10468","52","11","207","10","13","PD Link/Medical","Initial Alarm","First Alarm","Medical - PD Link 10-91","Medical Emergencies","14","2005-01-01T11:35:35.000","2005-01-01T11:35:59.000","2005-01-01T11:42:14.000","2005-01-01T12:02:04.000","N","Y","413","399","1","0","0"
"500119370140302","2005-01-01T11:36:06.000","BROOKLYN","1937","AUTUMN AVE & FULTON ST","BROOKLYN","11208","75","37","305","19","7","PD Link/Medical","Initial Alarm","First Alarm","Medical - PD Link 10-91","Medical Emergencies","7","2005-01-01T11:36:13.000","2005-01-01T11:36:23.000",,"2005-01-01T11:38:12.000","N","N","0","0","1","0","0"
"500160590150208","2005-01-01T11:37:26.000","QUEENS","6059","LIBERTY AVE & 123 ST","QUEENS","11419","106","28","410","28","5","EMS Link/Medical","Initial Alarm","First Alarm","Medical - EMS Link 10-91","Medical Emergencies","9","2005-01-01T11:37:35.000","2005-01-01T11:37:53.000","2005-01-01T11:38:59.000","2005-01-01T11:42:22.000","N","Y","93","84","1","0","0"
"500120400140303","2005-01-01T11:37:30.000","BROOKLYN","2040","LINDEN BLVD & SHEFFIELD AVE","BROOKLYN","11207","75","42","305","19","8","Phone","Initial Alarm","First Alarm","Vehicle Accident - Other","NonMedical Emergencies","35","2005-01-01T11:38:05.000","2005-01-01T11:39:03.000","2005-01-01T11:43:52.000","2005-01-01T11:53:58.000","N","Y","382","347","0","0","1"
"500135870120222","2005-01-01T11:37:40.000","BRONX","3587","DECATUR AVE & 211 ST","BRONX","10467","52","11","207","10","13","EMS Link/Medical","Initial Alarm","First Alarm","Medical - Assist Civilian","Medical Emergencies","9","2005-01-01T11:37:49.000","2005-01-01T11:38:17.000","2005-01-01T11:42:07.000","2005-01-01T12:06:22.000","N","Y","267","258","1","0","0"
"500106720110404","2005-01-01T11:38:20.000","MANHATTAN","672","8 AVE & 29 ST","MANHATTAN","10001","14","3","104","2","10","PD Link/Medical","Initial Alarm","First Alarm","Medical - Assist Civilian","Medical Emergencies","11","2005-01-01T11:38:31.000","2005-01-01T11:38:40.000","2005-01-01T11:41:51.000","2005-01-01T11:58:36.000","N","N","211","200","1","0","0"
"500116710110407","2005-01-01T11:39:11.000","MANHATTAN","1671","AMSTERDAM AVE & 156 ST","MANHATTAN","10032","33","7","112","6","13","Phone","Initial Alarm","First Alarm","Utility Emergency - Gas","NonMedical Emergencies","84","2005-01-01T11:40:35.000","2005-01-01T11:40:49.000","2005-01-01T11:44:29.000","2005-01-01T11:54:17.000","N","Y","318","234","3","2","1"
"500112740150209","2005-01-01T11:41:27.000","QUEENS","1274","ALMEDA AVE & BEACH 65 ST","QUEENS","11692","100","31","414","27","5","Phone","Initial Alarm","First Alarm","Utility Emergency - Water","NonMedical Emergencies","36","2005-01-01T11:42:03.000","2005-01-01T11:42:25.000","2005-01-01T11:46:41.000","2005-01-01T11:56:13.000","N","Y","314","278","0","1","0"
"500166120150210","2005-01-01T11:41:43.000","QUEENS","6612","DALNY & DEVONSHIRE RDS","QUEENS","11432","107","24","408","29","5","Phone","Initial Alarm","First Alarm","Carbon Monoxide - Code 1 - Investigation","NonMedical Emergencies","116","2005-01-01T11:43:39.000","2005-01-01T11:44:02.000","2005-01-01T11:51:39.000","2005-01-01T12:02:41.000","N","Y","596","480","1","1","0"
"500102170140304","2005-01-01T11:42:59.000","BROOKLYN","217","DRIGGS AVE & SOUTH 2 ST","BROOKLYN","11211","90","34","301","14","7","EMS Link/Medical","Initial Alarm","First Alarm","Medical - Assist Civilian","Medical Emergencies","9","2005-01-01T11:43:08.000","2005-01-01T11:43:23.000","2005-01-01T11:45:55.000","2005-01-01T11:50:18.000","N","Y","176","167","1","0","0"
"500125150120224","2005-01-01T11:43:38.000","BRONX","2515","165 ST BTW TRINTY & TINTON AVES","BRONX","10456","42","16","203","8","15","PD Link/Medical","Initial Alarm","First Alarm","Medical - PD Link 10-91","Medical Emergencies","11","2005-01-01T11:43:49.000","2005-01-01T11:44:10.000","2005-01-01T11:49:00.000","2005-01-01T11:52:37.000","N","Y","322","311","1","0","0"
"500144490150211","2005-01-01T11:43:53.000","QUEENS","4449","SANFORD AVE & MURRAY ST","QUEENS","11355","109","20","407","25","6","PD Link/Medical","Initial Alarm","First Alarm","Medical - Assist Civilian","Medical Emergencies","21","2005-01-01T11:44:14.000","2005-01-01T11:44:40.000","2005-01-01T11:48:05.000","2005-01-01T12:05:09.000","N","Y","252","231","1","0","0"
"500107220110408","2005-01-01T11:46:57.000","MANHATTAN","722","MADISON AVE & 35 ST","MANHATTAN","10016","17","2","106","2","12","PD Link/Medical","Initial Alarm","First Alarm","Medical - PD Link 10-91","Medical Emergencies","33","2005-01-01T11:47:30.000","2005-01-01T11:48:01.000","2005-01-01T11:53:29.000","2005-01-01T11:57:48.000","N","N","392","359","1","0","0"
"500128650120226","2005-01-01T11:48:33.000","BRONX","2865","CROSS BRONX EXPY, SOUTH, AND OLMSTEAD AV","BRONX","10472","43","18","209","8","15","Phone","Initial Alarm","First Alarm","Carbon Monoxide - Code 1 - Investigation","NonMedical Emergencies","102","2005-01-01T11:50:15.000","2005-01-01T11:50:34.000","2005-01-01T11:55:28.000","2005-01-01T12:11:18.000","N","Y","415","313","1","1","0"
"500129570120225","2005-01-01T11:49:15.000","BRONX","2957","ANTHONY AVE & 176 ST","BRONX","10457","46","15","205","9","15","PD Link/Medical","Initial Alarm","First Alarm","Medical - Assist Civilian","Medical Emergencies","13","2005-01-01T11:49:28.000","2005-01-01T11:49:48.000","2005-01-01T11:54:04.000","2005-01-01T12:04:48.000","N","Y","289","276","1","0","0"
"500186240150213","2005-01-01T11:53:45.000","QUEENS","8624","132 AVE & 178 ST","QUEENS","11434","113","27","412","29","5","Private Fire Alarm","Initial Alarm","First Alarm","Alarm System - Unwarranted","NonMedical Emergencies","126","2005-01-01T11:55:51.000","2005-01-01T11:56:14.000","2005-01-01T12:01:03.000","2005-01-01T12:06:52.000","N","Y","438","312","1","1","0"
"500108650110410","2005-01-01T11:54:39.000","MANHATTAN","865","BROADWAY & 51 ST","MANHATTAN","10019","18","4","105","2","12","PD Link/Medical","Initial Alarm","First Alarm","Medical - PD Link 10-91","Medical Emergencies","10","2005-01-01T11:54:49.000","2005-01-01T11:55:11.000",,"2005-01-01T11:57:51.000","N","N","0","0","1","0","0"
"500109560210411","2005-01-01T11:55:20.000","MANHATTAN","956","COLUMBUS AVE & 62 ST","MANHATTAN","10023","20","3","107","3","10","PD Link/Medical","Initial Alarm","First Alarm","Medical - PD Link 10-91","Medical Emergencies","12","2005-01-01T11:55:32.000","2005-01-01T11:55:45.000","2005-01-01T11:59:45.000","2005-01-01T12:16:29.000","N","Y","265","253","1","0","0"
"500178380150214","2005-01-01T11:56:18.000","QUEENS","7838","ROOSEVELT AVE & 88 ST","QUEENS","11372","115","21","403","24","14","Phone","Initial Alarm","First Alarm","Multiple Dwelling 'A' - Other fire","Structural Fires","65","2005-01-01T11:57:23.000","2005-01-01T11:57:37.000","2005-01-01T12:00:44.000","2005-01-01T12:26:14.000","N","Y","266","201","3","2","1"
"500128390120227","2005-01-01T11:57:17.000","BRONX","2839","BOYNTON AVE AND BRUCKNER BLVD SB SVC RD","BRONX","10472","43","18","209","8","15","PD Link/Medical","Initial Alarm","First Alarm","Medical - Assist Civilian","Medical Emergencies","15","2005-01-01T11:57:32.000","2005-01-01T11:58:01.000","2005-01-01T12:02:53.000","2005-01-01T12:37:27.000","N","Y","336","321","1","0","0"
"500115450140306","2005-01-01T11:57:50.000","BROOKLYN","1545","CATON AVE & ST. PAULS PL","BROOKLYN","11226","70","40","314","17","9","PD Link/Medical","Initial Alarm","First Alarm","Medical - Assist Civilian","Medical Emergencies","10","2005-01-01T11:58:00.000","2005-01-01T11:58:56.000","2005-01-01T12:02:04.000","2005-01-01T12:15:17.000","N","Y","254","244","1","0","0"
"500134390140307","2005-01-01T12:00:13.000","BROOKLYN","3439","BAY 25 ST-475' SO. OF CROSPEY AVE","BROOKLYN","11214","62","43","311","20","11","Phone","Initial Alarm","First Alarm","Utility Emergency - Water","NonMedical Emergencies","41","2005-01-01T12:00:54.000","2005-01-01T12:01:14.000","2005-01-01T12:07:26.000","2005-01-01T12:22:55.000","N","Y","433","392","0","1","0"
"500137470220228","2005-01-01T12:01:26.000","BRONX","3747","RIVERDALE & GREYSTONE AVES","BRONX","10463","50","11","208","10","16","Phone","Initial Alarm","First Alarm","Utility Emergency - Water","NonMedical Emergencies","100","2005-01-01T12:03:06.000","2005-01-01T12:03:20.000","2005-01-01T12:09:05.000","2005-01-01T12:19:12.000","N","Y","459","359","0","1","1"
"500170740150215","2005-01-01T12:02:28.000","QUEENS","7074","GRAND AVE & GOLDSMITH ST","QUEENS","11373","110","25","404","24","6","Verbal","Initial Alarm","First Alarm","Vehicle Accident - Other","NonMedical Emergencies","47","2005-01-01T12:03:15.000","2005-01-01T12:03:15.000","2005-01-01T12:03:43.000","2005-01-01T12:09:53.000","N","Y","75","28","1","1","0"
"500138700220229","2005-01-01T12:03:16.000","BRONX","3870","234 ST & BYRON AVE","BRONX","10466","47","11","212","11","16","Phone","Initial Alarm","First Alarm","Carbon Monoxide - Code 1 - Investigation","NonMedical Emergencies","67","2005-01-01T12:04:23.000","2005-01-01T12:04:41.000","2005-01-01T12:07:18.000","2005-01-01T12:13:51.000","N","Y","242","175","1","1","0"
"500107860210412","2005-01-01T12:03:24.000","MANHATTAN","786","7 AVE & 42 ST","MANHATTAN","10036","14","3","105","2","12","PD Link/Medical","Initial Alarm","First Alarm","Medical - PD Link 10-91","Medical Emergencies","9","2005-01-01T12:03:33.000","2005-01-01T12:04:00.000","2005-01-01T12:07:49.000","2005-01-01T12:16:40.000","N","Y","265","256","1","0","0"
"500112910110414","2005-01-01T12:06:15.000","MANHATTAN","1291","3 AVE & 104 ST","MANHATTAN","10029","23","8","111","4","13","Phone","Initial Alarm","First Alarm","Assist Civilian - Non-Medical","NonMedical Emergencies","62","2005-01-01T12:07:17.000","2005-01-01T12:07:37.000","2005-01-01T12:09:50.000","2005-01-01T12:32:18.000","N","Y","215","153","0","1","0"
"500146860120230","2005-01-01T12:06:20.000","BRONX","4686","BOLTON ST & PELHAM PKWY SOUTH","BRONX","10462","49","13","211","11","14","EMS Link/Medical","Initial Alarm","First Alarm","Medical - EMS Link 10-91","Medical Emergencies","15","2005-01-01T12:06:35.000","2005-01-01T12:06:56.000",,"2005-01-01T12:18:25.000","N","N","0","0","1","0","0"
"500116260110413","2005-01-01T12:06:40.000","MANHATTAN","1626","AC POWELL JR BLVD & 145 ST","MANHATTAN","10039","32","9","110","5","13","Private Fire Alarm","Initial Alarm","First Alarm","Alarm System - Unwarranted","NonMedical Emergencies","136","2005-01-01T12:08:56.000","2005-01-01T12:09:26.000","2005-01-01T12:11:52.000","2005-01-01T12:22:15.000","N","Y","312","176","1","1","1"
"500126460140308","2005-01-01T12:07:47.000","BROOKLYN","2646","5 AVE & 78 ST","BROOKLYN","11209","68","43","310","20","11","Phone","Initial Alarm","First Alarm","Utility Emergency - Electric","NonMedical Emergencies","170","2005-01-01T12:10:37.000","2005-01-01T12:10:50.000","2005-01-01T12:13:56.000","2005-01-01T12:28:22.000","N","Y","369","199","1","1","0"
"500106130110417","2005-01-01T12:10:44.000","MANHATTAN","613","LEXINGTON AVE & 23 ST","MANHATTAN","10010","13","2","105","2","12","Private Fire Alarm","Initial Alarm","First Alarm","Alarm System - Unwarranted","NonMedical Emergencies","152","2005-01-01T12:13:16.000","2005-01-01T12:13:34.000","2005-01-01T12:17:01.000","2005-01-01T12:29:06.000","N","Y","377","225","0","1","1"
"500113900110416","2005-01-01T12:10:48.000","MANHATTAN","1390","CLAREMONT AVE & 118 ST","MANHATTAN","10027","26","7","109","3","10","Private Fire Alarm","Initial Alarm","First Alarm","Alarm System - Unwarranted","NonMedical Emergencies","111","2005-01-01T12:12:39.000","2005-01-01T12:12:52.000","2005-01-01T12:15:47.000","2005-01-01T12:23:20.000","N","Y","299","188","3","2","1"
"500167290150216","2005-01-01T12:12:37.000","QUEENS","6729","CROSS IS. PKWY-NB/SVC RD & 88 RD","QUEENS","11426","105","23","413","26","3","PD Link/Medical","Initial Alarm","First Alarm","Medical - Assist Civilian","Medical Emergencies","30","2005-01-01T12:13:07.000","2005-01-01T12:13:34.000","2005-01-01T12:20:12.000","2005-01-01T12:37:30.000","N","Y","455","425","1","0","0"
"500105060140309","2005-01-01T12:13:57.000","BROOKLYN","506","WARREN & COLUMBIA STS","BROOKLYN","11201","76","39","306","15","7","Phone","Initial Alarm","First Alarm","Odor - Other Smoke","NonMedical Emergencies","44","2005-01-01T12:14:41.000","2005-01-01T12:15:05.000","2005-01-01T12:16:54.000","2005-01-01T12:28:41.000","N","Y","177","133","3","2","1"
"500121480120231","2005-01-01T12:14:17.000","BRONX","2148","BROWN PL & 138 ST","BRONX","10454","40","8","201","7","15","EMS Link/Medical","Initial Alarm","First Alarm","Medical - EMS Link 10-91","Medical Emergencies","14","2005-01-01T12:14:31.000","2005-01-01T12:14:47.000","2005-01-01T12:17:18.000","2005-01-01T12:24:06.000","N","Y","181","167","1","0","0"
"500171070150217","2005-01-01T12:14:56.000","QUEENS","7107","51 & JACKSON AVES","QUEENS",,,,,,,"BARS","DEFAULT RECORD","First Alarm","Non-Medical MFA - BARS","NonMedical MFAs","25","2005-01-01T12:15:21.000","2005-01-01T12:15:40.000","2005-01-01T12:18:31.000","2005-01-01T12:21:08.000","N","Y","215","190","3","2","1"
"500102980110418","2005-01-01T12:15:00.000","MANHATTAN","298","COLUMBIA & STANTON STS","MANHATTAN","10002","7","2","103","1","7","Phone","Initial Alarm","First Alarm","Assist Civilian - Non-Medical","NonMedical Emergencies","80","2005-01-01T12:16:20.000","2005-01-01T12:16:33.000","2005-01-01T12:19:27.000","2005-01-01T12:32:18.000","N","Y","267","187","0","1","0"
"500110560140310","2005-01-01T12:16:56.000","BROOKLYN","1056","ROGERS AVE & LINCOLN RD","BROOKLYN","11225","71","40","309","17","9","Phone","Initial Alarm","First Alarm","Carbon Monoxide - Code 3 - Emergency (over 9 ppm)","NonMedical Emergencies","62","2005-01-01T12:17:58.000","2005-01-01T12:18:20.000","2005-01-01T12:21:44.000","2005-01-01T12:38:59.000","N","Y","288","226","1","1","0"
"500126830140311","2005-01-01T12:17:23.000","BROOKLYN","2683","6 AVE & 50 ST","BROOKLYN","11220","72","38","307","15","7","Phone","Initial Alarm","First Alarm","Private Dwelling Fire","Structural Fires","39","2005-01-01T12:18:02.000","2005-01-01T12:18:13.000","2005-01-01T12:20:20.000","2005-01-01T12:39:18.000","N","Y","177","138","3","2","1"
"500121300150218","2005-01-01T12:17:32.000","QUEENS","2130","107 AVE & 90 ST","QUEENS","11417","106","32","410","27","8","PD Link/Medical","Initial Alarm","First Alarm","Medical - PD Link 10-91","Medical Emergencies","20","2005-01-01T12:17:52.000","2005-01-01T12:18:10.000","2005-01-01T12:23:33.000","2005-01-01T12:28:20.000","N","Y","361","341","1","0","0"
"500109670110419","2005-01-01T12:17:47.000","MANHATTAN","967","PARK AVE & 64 ST","MANHATTAN","10065","19","4","108","2","12","PD Link/Medical","Initial Alarm","First Alarm","Medical - PD Link 10-91","Medical Emergencies","10","2005-01-01T12:17:57.000","2005-01-01T12:18:17.000","2005-01-01T12:26:27.000","2005-01-01T12:27:22.000","N","Y","520","510","1","0","0"
"500177450150219","2005-01-01T12:17:54.000","QUEENS","7745","ASTORIA BLVD AND 87TH ST","QUEENS","11369","115","22","403","30","14","Phone","Initial Alarm","First Alarm","Undefined Emergency","NonMedical Emergencies","42","2005-01-01T12:18:36.000","2005-01-01T12:18:54.000","2005-01-01T12:22:54.000","2005-01-01T13:01:39.000","N","Y","300","258","3","1","1"
"500178580150220","2005-01-01T12:18:22.000","QUEENS","7858","34 AVE & 77 ST","QUEENS","11372","115","25","403","30","14","Phone","Initial Alarm","First Alarm","Carbon Monoxide - Code 1 - Investigation","NonMedical Emergencies","57","2005-01-01T12:19:19.000","2005-01-01T12:19:40.000","2005-01-01T12:24:28.000","2005-01-01T12:35:04.000","N","Y","366","309","2","1","1"
"500111280130057","2005-01-01T12:18:27.000","RICHMOND / STATEN ISLAND","1128","GRANDVIEW AVE AND RICHMOND TERRACE","RICHMOND / STATEN ISLAND","10303","121","49","501","31","11","EMS Link/Medical","Initial Alarm","First Alarm","Medical - EMS Link 10-91","Medical Emergencies","10","2005-01-01T12:18:37.000","2005-01-01T12:18:55.000","2005-01-01T12:22:04.000","2005-01-01T12:27:10.000","N","Y","217","207","1","0","0"
"500115240210420","2005-01-01T12:18:37.000","MANHATTAN","1524","ST. NICHOLAS AVE & 130 ST","MANHATTAN","10027","32","9","110","5","13","Phone","Initial Alarm","First Alarm","Multiple Dwelling 'A' - Food on the stove fire","Structural Fires","61","2005-01-01T12:19:38.000","2005-01-01T12:19:55.000","2005-01-01T12:23:07.000","2005-01-01T12:32:27.000","N","Y","270","209","4","2","1"
"500121450120232","2005-01-01T12:19:02.000","BRONX","2145","WILLOW AVE & 138 ST","BRONX","10454","40","17","201","7","15","Phone","Initial Alarm","First Alarm","Utility Emergency - Gas","NonMedical Emergencies","66","2005-01-01T12:20:08.000","2005-01-01T12:20:21.000","2005-01-01T12:23:07.000","2005-01-01T12:50:32.000","N","Y","245","179","3","2","1"
"500115960110421","2005-01-01T12:19:39.000","MANHATTAN","1596","HAMILTON PL & 141 ST","MANHATTAN","10031","30","7","109","6","13","PD Link/Medical","Initial Alarm","First Alarm","Medical - PD Link 10-91","Medical Emergencies","435","2005-01-01T12:26:54.000","2005-01-01T12:27:15.000","2005-01-01T12:28:57.000","2005-01-01T12:29:09.000","N","N","558","123","1","0","0"
"500109370210424","2005-01-01T12:19:53.000","MANHATTAN","937","2 AVE & 59 ST","MANHATTAN","10022","17","5","106","2","12","PD Link/Medical","Initial Alarm","First Alarm","Medical - PD Link 10-91","Medical Emergencies","13","2005-01-01T12:20:06.000","2005-01-01T12:20:35.000","2005-01-01T12:26:14.000","2005-01-01T12:29:41.000","N","Y","381","368","1","0","0"
"500118330110425","2005-01-01T12:20:10.000","MANHATTAN","1833","HILLSIDE AVE AND ELWOOD ST","MANHATTAN","10040","34","10","112","6","13","EMS Link/Medical","Initial Alarm","First Alarm","Medical - EMS Link 10-91","Medical Emergencies","9","2005-01-01T12:20:19.000","2005-01-01T12:21:21.000","2005-01-01T12:24:51.000","2005-01-01T12:27:33.000","N","Y","281","272","1","0","0"
"500171760150221","2005-01-01T12:20:57.000","QUEENS","7176","41 AVE & VERNON BLVD","QUEENS","11101","114","26","401","30","12","EMS Link/Medical","Initial Alarm","First Alarm","Medical - Assist Civilian","Medical Emergencies","34","2005-01-01T12:21:31.000","2005-01-01T12:21:56.000","2005-01-01T12:26:14.000","2005-01-01T12:37:47.000","N","N","317","283","1","0","0"
"500107870140312","2005-01-01T12:20:59.000","BROOKLYN","787","STUYVESANT & LAFAYETTE AVES","BROOKLYN","11221","81","36","303","16","8","EMS Link/Medical","Initial Alarm","First Alarm","Medical - EMS Link 10-91","Medical Emergencies","9","2005-01-01T12:21:08.000","2005-01-01T12:21:25.000","2005-01-01T12:27:10.000","2005-01-01T12:33:45.000","N","Y","371","362","1","0","0"
"500132880140313","2005-01-01T12:22:18.000","BROOKLYN","3288","EMMONS AVE & EAST 22 ST","BROOKLYN","11235","61","48","315","22","8","Private Fire Alarm","Initial Alarm","First Alarm","Alarm System - Unwarranted","NonMedical Emergencies","105","2005-01-01T12:24:03.000","2005-01-01T12:24:22.000","2005-01-01T12:29:03.000","2005-01-01T12:38:15.000","N","Y","405","300","3","2","1"
"500104650130058","2005-01-01T12:24:06.000","RICHMOND / STATEN ISLAND","465","WILLOW AVE & BAY ST","RICHMOND / STATEN ISLAND","10305","120","49","501","31","11","EMS Link/Medical","Initial Alarm","First Alarm","Medical - Assist Civilian","Medical Emergencies","9","2005-01-01T12:24:15.000","2005-01-01T12:24:32.000","2005-01-01T12:27:19.000","2005-01-01T12:34:36.000","N","Y","193","184","1","0","0"
"500119580140314","2005-01-01T12:24:37.000","BROOKLYN","1958","COZINE AVE & CRESCENT ST","BROOKLYN","11208","75","42","305","19","8","Phone","Initial Alarm","First Alarm","Odor - Other Smoke","NonMedical Emergencies","49","2005-01-01T12:25:26.000","2005-01-01T12:25:37.000","2005-01-01T12:30:17.000","2005-01-01T12:34:18.000","N","Y","340","291","1","0","0"
"500136470120233","2005-01-01T12:25:35.000","BRONX","3647","HICKS ST & CORSA AVE","BRONX","10469","47","12","212","11","16","PD Link/Medical","Initial Alarm","First Alarm","Medical - Assist Civilian","Medical Emergencies","14","2005-01-01T12:25:49.000","2005-01-01T12:26:07.000","2005-01-01T12:28:09.000","2005-01-01T12:56:55.000","N","Y","154","140","1","0","0"
"500108350140316","2005-01-01T12:27:57.000","BROOKLYN","835","BUSHWICK AVE & DECATUR ST","BROOKLYN","11207","83","37","304","32","8","Phone","Initial Alarm","First Alarm","Carbon Monoxide - Code 2 - Incident (1-9 ppm)","NonMedical Emergencies","31","2005-01-01T12:28:28.000","2005-01-01T12:28:45.000","2005-01-01T12:30:50.000","2005-01-01T12:37:11.000","N","Y","173","142","1","1","0"
"500143750150223","2005-01-01T12:28:43.000","QUEENS","4375","COOPER & CYPRESS AVES","QUEENS","11385","104","30","405","24","7","Verbal","Initial Alarm","First Alarm","Automobile Fire","NonStructural Fires","70","2005-01-01T12:29:53.000","2005-01-01T12:30:07.000","2005-01-01T12:33:22.000","2005-01-01T12:47:46.000","N","Y","279","209","1","1","0"
"500103570130060","2005-01-01T12:32:00.000","RICHMOND / STATEN ISLAND","357","BEMENT AVE & BOSWORTH ST","RICHMOND / STATEN ISLAND","10310","120","49","501","31","11","PD Link/Medical","Initial Alarm","First Alarm","Medical - Assist Civilian","Medical Emergencies","20","2005-01-01T12:32:20.000","2005-01-01T12:32:43.000","2005-01-01T12:35:33.000","2005-01-01T12:45:13.000","N","Y","213","193","1","1","2"
"500194460150226","2005-01-01T12:32:13.000","QUEENS","9446","56 AVE & 137 ST","QUEENS","11355","109","20","407","25","6","Phone","Initial Alarm","First Alarm","Utility Emergency - Undefined","NonMedical Emergencies","53","2005-01-01T12:33:06.000","2005-01-01T12:33:23.000","2005-01-01T12:39:32.000","2005-01-01T12:51:21.000","N","Y","439","386","1","0","0"
"500118330210426","2005-01-01T12:33:42.000","MANHATTAN","1833","HILLSIDE AVE AND ELWOOD ST","MANHATTAN","10040","34","10","112","6","13","PD Link/Medical","Initial Alarm","First Alarm","Medical - PD Link 10-91","Medical Emergencies","8","2005-01-01T12:33:50.000","2005-01-01T12:34:13.000",,"2005-01-01T12:35:47.000","N","N","0","0","1","0","0"
"500110370150228","2005-01-01T12:34:53.000","QUEENS","1037","SEAGIRT AVE & BEACH 6 ST","QUEENS","11691","101","31","414","27","5","Phone","Initial Alarm","First Alarm","Carbon Monoxide - Code 1 - Investigation","NonMedical Emergencies","49","2005-01-01T12:35:42.000","2005-01-01T12:36:10.000","2005-01-01T12:40:32.000","2005-01-01T12:50:37.000","N","Y","339","290","1","1","0"
"500168790150229","2005-01-01T12:37:07.000","QUEENS","6879","120 AVE & 227 ST","QUEENS","11411","105","27","413","29","5","Phone","Initial Alarm","First Alarm","Carbon Monoxide - Code 3 - Emergency (over 9 ppm)","NonMedical Emergencies","65","2005-01-01T12:38:12.000","2005-01-01T12:39:30.000","2005-01-01T12:43:04.000","2005-01-01T12:56:54.000","N","Y","357","292","1","1","0"
"500130640220238","2005-01-01T12:37:28.000","BRONX","3064","WHITE PLAINS RD & ARCHER ST","BRONX","10460","43","18","209","12","15","EMS Link/Medical","Initial Alarm","First Alarm","Medical - Assist Civilian","Medical Emergencies","10","2005-01-01T12:37:38.000","2005-01-01T12:38:09.000","2005-01-01T12:42:20.000","2005-01-01T12:48:09.000","N","Y","292","282","1","0","0"
"500117310140318","2005-01-01T12:38:18.000","BROOKLYN","1731","ATLANTIC AV & PENNSYLVANIA AV/G. PAYNE A","BROOKLYN","11207","75","37","305","19","7","PD Link/Medical","Initial Alarm","First Alarm","Medical - Assist Civilian","Medical Emergencies","7","2005-01-01T12:38:25.000","2005-01-01T12:38:42.000","2005-01-01T12:42:58.000","2005-01-01T13:14:26.000","N","Y","280","273","1","0","0"
"500120110130061","2005-01-01T12:39:35.000","RICHMOND / STATEN ISLAND","2011","MIDLAND AVE AND SOUTH RAILROAD AVE","RICHMOND / STATEN ISLAND","10306","122","50","502","31","11","PD Link/Medical","Initial Alarm","First Alarm","Medical - Assist Civilian","Medical Emergencies","10","2005-01-01T12:39:45.000","2005-01-01T12:40:05.000","2005-01-01T12:49:46.000","2005-01-01T12:57:54.000","N","Y","611","601","1","0","0"
"500144320120239","2005-01-01T12:39:42.000","BRONX","4432","TILLOTSON AVE AND CONNER ST","BRONX","10475","47","12","212","11","16","PD Link/Medical","Initial Alarm","First Alarm","Medical - Assist Civilian","Medical Emergencies","17","2005-01-01T12:39:59.000","2005-01-01T12:40:26.000","2005-01-01T12:46:45.000","2005-01-01T12:59:11.000","N","Y","423","406","1","0","0"
"500111360150230","2005-01-01T12:41:47.000","QUEENS","1136","SEAGIRT BLVD & BEACH 17 ST","QUEENS","11691","101","31","414","27","5","PD Link/Medical","Initial Alarm","First Alarm","Medical - Assist Civilian","Medical Emergencies","23","2005-01-01T12:42:10.000","2005-01-01T12:42:41.000","2005-01-01T12:46:51.000","2005-01-01T12:59:01.000","N","N","304","281","1","0","0"
"500149040120242","2005-01-01T12:42:26.000","BRONX","4904","GRAND CONCOURSE AND 196TH ST","BRONX","10468","52","14","207","10","13","Phone","Initial Alarm","First Alarm","Non-Medical 10-91 (Unnecessary Alarm)","NonMedical Emergencies","51","2005-01-01T12:43:17.000","2005-01-01T12:43:43.000","2005-01-01T12:48:47.000","2005-01-01T12:48:57.000","N","N","381","330","0","1","0"
"500113610150231","2005-01-01T12:42:42.000","QUEENS","1361","SHORE FRONT PKWY & BEACH 104 ST","QUEENS","11694","100","32","414","27","5","Phone","Initial Alarm","First Alarm","Multiple Dwelling 'A' - Food on the stove fire","Structural Fires","50","2005-01-01T12:43:32.000","2005-01-01T12:43:44.000","2005-01-01T12:46:35.000","2005-01-01T13:02:12.000","N","Y","233","183","3","2","1"
"500108780410429","2005-01-01T12:43:35.000","MANHATTAN","878","2 AVE & 53 ST","MANHATTAN","10022","17","4","106","2","12","PD Link/Medical","DEFAULT RECORD","First Alarm","Medical MFA - PD Link","Medical MFAs","10","2005-01-01T12:43:45.000","2005-01-01T12:44:06.000","2005-01-01T12:49:01.000","2005-01-01T12:50:01.000","N","Y","326","316","1","0","0"
"500125360220243","2005-01-01T12:44:30.000","BRONX","2536","MORRIS AVE & 166 ST","BRONX",,,,,,,"EMS Link/Medical","Initial Alarm","First Alarm","Medical - EMS Link 10-91","Medical Emergencies","9","2005-01-01T12:44:39.000","2005-01-01T12:45:13.000","2005-01-01T12:48:50.000","2005-01-01T12:49:42.000","N","Y","260","251","1","0","0"
"500107980140319","2005-01-01T12:44:40.000","BROOKLYN","798","LAFAYETTE AVE & BROADWAY","BROOKLYN","11221","83","34","304","32","7","Phone","Initial Alarm","First Alarm","Utility Emergency - Steam","NonMedical Emergencies","52","2005-01-01T12:45:32.000","2005-01-01T12:45:54.000","2005-01-01T12:50:12.000","2005-01-01T12:55:17.000","N","Y","332","280","0","1","0"
"500173790350232","2005-01-01T12:45:19.000","QUEENS","7379","35 AVE & 21 ST","QUEENS","11106","114","26","401","30","12","Verbal","Initial Alarm","First Alarm","Multiple Dwelling 'A' - Food on the stove fire","Structural Fires","38","2005-01-01T12:45:57.000","2005-01-01T12:45:57.000","2005-01-01T12:47:16.000","2005-01-01T13:03:06.000","N","Y","117","79","2","2","1"
"500108450140320","2005-01-01T12:48:10.000","BROOKLYN","845","ROCKAWAY AVE & FULTON ST","BROOKLYN","11233","73","37","316","23","8","Phone","Initial Alarm","First Alarm","Utility Emergency - Water","NonMedical Emergencies","60","2005-01-01T12:49:10.000","2005-01-01T12:49:30.000","2005-01-01T12:52:39.000","2005-01-01T13:02:04.000","N","Y","269","209","3","2","1"
"500116020110430","2005-01-01T12:51:01.000","MANHATTAN","1602","W 141 ST & LENOX AVE\MALCOLM X BLVD","MANHATTAN","10037","32","9","110","5","13","PD Link/Medical","DEFAULT RECORD","First Alarm","Medical MFA - PD Link","Medical MFAs","9","2005-01-01T12:51:10.000","2005-01-01T12:51:24.000","2005-01-01T12:55:08.000","2005-01-01T12:57:02.000","N","Y","247","238","1","0","0"
"500106820140321","2005-01-01T12:51:29.000","BROOKLYN","682","MARCY & LEXINGTON AVES","BROOKLYN","11216","79","36","303","13","8","EMS Link/Medical","Initial Alarm","First Alarm","Medical - Assist Civilian","Medical Emergencies","14","2005-01-01T12:51:43.000","2005-01-01T12:52:01.000","2005-01-01T12:56:28.000","2005-01-01T13:06:01.000","N","Y","299","285","1","0","0"
"500114150110431","2005-01-01T12:51:44.000","MANHATTAN","1415","E/S BROADWAY, 200' S OF W 120 ST","MANHATTAN","10027","26","7","109","3","10","PD Link/Medical","Initial Alarm","First Alarm","Medical - Assist Civilian","Medical Emergencies","19","2005-01-01T12:52:03.000","2005-01-01T12:52:24.000","2005-01-01T12:54:47.000","2005-01-01T13:30:56.000","N","Y","183","164","1","1","2"
"500104170210432","2005-01-01T12:54:05.000","MANHATTAN","417","FDR DRIVE & HOUSTON ST","MANHATTAN","10002","9","2","103","1","7","Phone","Initial Alarm","First Alarm","Utility Emergency - Electric","NonMedical Emergencies","61","2005-01-01T12:55:06.000","2005-01-01T12:55:18.000","2005-01-01T12:57:48.000","2005-01-01T13:32:00.000","N","Y","223","162","3","2","1"
"500132840150235","2005-01-01T12:54:17.000","QUEENS","3284","GCP EXT N-SVC RD & 94 ST","QUEENS","11378","104","30","405",,"7","EMS Link/Medical","Initial Alarm","First Alarm","Medical - EMS Link 10-91","Medical Emergencies","9","2005-01-01T12:54:26.000","2005-01-01T12:54:43.000","2005-01-01T13:01:00.000","2005-01-01T13:01:52.000","N","Y","403","394","1","0","0"
"500140390150236","2005-01-01T12:54:32.000","QUEENS","4039","ONDERDONK AVE & STANHOPE ST","QUEENS","11385","104","34","405","24","7","Verbal","Initial Alarm","First Alarm","Medical - Assist Civilian","Medical Emergencies","36","2005-01-01T12:55:08.000","2005-01-01T12:55:29.000","2005-01-01T12:59:08.000","2005-01-01T13:29:53.000","N","Y","276","240","1","1","0"
"500130750140322","2005-01-01T12:54:51.000","BROOKLYN","3075","AVE T & HENDRICKSON ST","BROOKLYN","11234","63","46","318","22","8","EMS Link/Medical","Initial Alarm","First Alarm","Medical - EMS Link 10-91","Medical Emergencies","8","2005-01-01T12:54:59.000","2005-01-01T12:55:19.000","2005-01-01T12:57:52.000","2005-01-01T13:03:43.000","N","Y","181","173","1","0","0"
"500192230150238","2005-01-01T12:57:08.000","QUEENS","9223","ALSTYNE & 51 AVES","QUEENS","11368","110","21","404","24","14","Phone","Initial Alarm","First Alarm","Carbon Monoxide - Code 1 - Investigation","NonMedical Emergencies","52","2005-01-01T12:58:00.000","2005-01-01T12:58:21.000","2005-01-01T13:02:06.000","2005-01-01T13:09:37.000","N","Y","298","246","1","1","0"
"500140760130063","2005-01-01T12:57:26.000","RICHMOND / STATEN ISLAND","4076","IONIA AND DELMAR AVES","RICHMOND / STATEN ISLAND","10312","123","51","503","31","11","PD Link/Medical","Initial Alarm","First Alarm","Medical - Assist Civilian","Medical Emergencies","9","2005-01-01T12:57:35.000","2005-01-01T12:58:03.000","2005-01-01T13:01:00.000","2005-01-01T13:13:24.000","N","Y","214","205","1","0","0"
"500141890120244","2005-01-01T12:58:45.000","BRONX","4189","LOGAN AND DEWEY AVES","BRONX","10465","45","13","210","8","14","EMS Link/Medical","Initial Alarm","First Alarm","Medical - Assist Civilian","Medical Emergencies","17","2005-01-01T12:59:02.000","2005-01-01T13:00:18.000","2005-01-01T13:03:31.000","2005-01-01T13:27:43.000","N","Y","286","269","1","0","0"
"500144830150239","2005-01-01T12:59:10.000","QUEENS","4483","FRANKLIN AVE & KISSENA BLVD","QUEENS","11355","109","20","407","25","6","PD Link/Medical","Initial Alarm","First Alarm","Medical - Assist Civilian","Medical Emergencies","16","2005-01-01T12:59:26.000","2005-01-01T12:59:48.000","2005-01-01T13:04:18.000","2005-01-01T13:50:12.000","N","Y","308","292","1","0","0"
"500104420110433","2005-01-01T12:59:16.000","MANHATTAN","442","AVENUE D & 8 ST","MANHATTAN","10009","9","2","103","1","12","Phone","Initial Alarm","First Alarm","Utility Emergency - Water","NonMedical Emergencies","109","2005-01-01T13:01:05.000","2005-01-01T13:01:24.000","2005-01-01T13:08:19.000","2005-01-01T13:17:17.000","N","Y","543","434","0","1","0"
"500123400120245","2005-01-01T12:59:50.000","BRONX","2340","FOREST AVE & 161 ST","BRONX","10456","42","16","203","8","15","PD Link/Medical","Initial Alarm","First Alarm","Medical - Assist Civilian","Medical Emergencies","10","2005-01-01T13:00:00.000","2005-01-01T13:00:20.000","2005-01-01T13:04:03.000","2005-01-01T13:55:38.000","N","Y","253","243","1","0","0"
"500110920140323","2005-01-01T12:59:53.000","BROOKLYN","1092","FLATBUSH AVE & WINTHROP ST","BROOKLYN","11225","71","40","309","17","9","PD Link/Medical","Initial Alarm","First Alarm","Medical - PD Link 10-91","Medical Emergencies","8","2005-01-01T13:00:01.000","2005-01-01T13:00:29.000",,"2005-01-01T13:06:26.000","N","N","0","0","1","0","0"
"500115710110434","2005-01-01T13:01:09.000","MANHATTAN","1571","BROADWAY & 137 ST","MANHATTAN","10031","30","7","109","6","13","Phone","Initial Alarm","First Alarm","Utility Emergency - Water","NonMedical Emergencies","53","2005-01-01T13:02:02.000","2005-01-01T13:02:15.000","2005-01-01T13:07:29.000","2005-01-01T13:22:26.000","N","Y","380","327","0","1","0"
"500122630130064","2005-01-01T13:01:16.000","RICHMOND / STATEN ISLAND","2263","HYLAN BLVD AND LINDBERGH AVE","RICHMOND / STATEN ISLAND","10306","122","50","502","31","11","PD Link/Medical","Initial Alarm","First Alarm","Medical - PD Link 10-91","Medical Emergencies","12","2005-01-01T13:01:28.000","2005-01-01T13:01:50.000","2005-01-01T13:07:07.000","2005-01-01T13:10:00.000","N","Y","351","339","1","0","0"
"500126220140326","2005-01-01T13:01:38.000","BROOKLYN","2622","7 AVE & 59 ST","BROOKLYN","11220","72","38","307","20","7","EMS Link/Medical","Initial Alarm","First Alarm","Medical - Assist Civilian","Medical Emergencies","7","2005-01-01T13:01:45.000","2005-01-01T13:02:02.000","2005-01-01T13:06:36.000","2005-01-01T13:10:58.000","N","Y","298","291","1","0","0"
"500121720120246","2005-01-01T13:02:15.000","BRONX","2172","CRIMMINS AVE & 141 ST","BRONX","10454","40","8","201","7","15","EMS Link/Medical","Initial Alarm","First Alarm","Medical - Assist Civilian","Medical Emergencies","9","2005-01-01T13:02:24.000","2005-01-01T13:02:39.000","2005-01-01T13:05:15.000","2005-01-01T13:10:40.000","N","Y","180","171","1","0","0"
"500104650140328","2005-01-01T13:03:35.000","BROOKLYN","465","CADMAN PLAZA WEST & MIDDAGH ST","BROOKLYN","11201","84","33","302","13","7","PD Link/Medical","Initial Alarm","First Alarm","Medical - PD Link 10-91","Medical Emergencies","12","2005-01-01T13:03:47.000","2005-01-01T13:04:07.000",,"2005-01-01T13:05:51.000","N","N","0","0","1","0","0"
"500133400120247","2005-01-01T13:03:40.000","BRONX","3340","MORRIS AVE & FORDHAM RD","BRONX","10468","52","14","207","10","15","EMS Link/Medical","Initial Alarm","First Alarm","Medical - EMS Link 10-91","Medical Emergencies","19","2005-01-01T13:03:59.000","2005-01-01T13:04:33.000","2005-01-01T13:08:50.000","2005-01-01T13:10:21.000","N","Y","310","291","1","0","0"
"500159400150241","2005-01-01T13:03:58.000","QUEENS","5940","148 DR & 257 ST","QUEENS","11422","105","31","413","29","5","Private Fire Alarm","Initial Alarm","First Alarm","Alarm System - Unwarranted","NonMedical Emergencies","86","2005-01-01T13:05:24.000","2005-01-01T13:05:47.000","2005-01-01T13:11:17.000","2005-01-01T13:15:04.000","N","Y","439","353","1","1","0"
"500106600110436","2005-01-01T13:05:19.000","MANHATTAN","660","AVE OF AMERICAS & W 28 ST","MANHATTAN","10001","13","3","105","2","12","PD Link/Medical","Initial Alarm","First Alarm","Medical - Assist Civilian","Medical Emergencies","6","2005-01-01T13:05:25.000","2005-01-01T13:05:33.000","2005-01-01T13:08:19.000","2005-01-01T13:22:23.000","N","Y","180","174","1","0","0"
"500110310140329","2005-01-01T13:06:03.000","BROOKLYN","1031","KINGSTON AVE & MONTGOMERY ST","BROOKLYN","11225","71","35","309","17","9","EMS Link/Medical","Initial Alarm","First Alarm","Medical - EMS Link 10-91","Medical Emergencies","33","2005-01-01T13:06:36.000","2005-01-01T13:06:59.000","2005-01-01T13:11:53.000","2005-01-01T13:14:22.000","N","N","350","317","1","0","0"
"500129700220248","2005-01-01T13:07:09.000","BRONX","2970","MARMION AVE & ELSMERE PL","BRONX","10460","48","17","206","12","15","Phone","Initial Alarm","First Alarm","Multiple Dwelling 'A' - Food on the stove fire","Structural Fires","51","2005-01-01T13:08:00.000","2005-01-01T13:08:18.000","2005-01-01T13:10:53.000","2005-01-01T13:21:25.000","N","Y","224","173","3","2","1"
"500136720140331","2005-01-01T13:07:34.000","BROOKLYN","3672","GERRITSEN & LOIS AVES","BROOKLYN","11229","61","46","315","22","9","Phone","Initial Alarm","First Alarm","Brush Fire","NonStructural Fires","98","2005-01-01T13:09:12.000","2005-01-01T13:09:32.000","2005-01-01T13:15:21.000","2005-01-01T15:19:13.000","N","Y","467","369","2","2","2"
"500108670110438","2005-01-01T13:07:47.000","MANHATTAN","867","10 AVE & 51 ST","MANHATTAN","10019","18","3","104","2","10","EMS Link/Medical","Initial Alarm","First Alarm","Medical - Assist Civilian","Medical Emergencies","9","2005-01-01T13:07:56.000","2005-01-01T13:08:12.000","2005-01-01T13:13:39.000","2005-01-01T13:33:14.000","N","Y","352","343","1","0","0"
"500125240120249","2005-01-01T13:07:55.000","BRONX","2524","GRAND CONCOURSE & 165 ST","BRONX","10456","44","16","204","9","15","EMS Link/Medical","Initial Alarm","First Alarm","Medical - EMS Link 10-91","Medical Emergencies","11","2005-01-01T13:08:06.000","2005-01-01T13:08:36.000","2005-01-01T13:12:21.000","2005-01-01T13:13:04.000","N","Y","266","255","1","0","0"
"500143470220250","2005-01-01T13:08:01.000","BRONX","4347","TIEMAN AVE & PELHAM PKWY NORTH","BRONX","10469","49","13","211","11","14","Phone","Initial Alarm","First Alarm","Vehicle Accident - Other","NonMedical Emergencies","63","2005-01-01T13:09:04.000","2005-01-01T13:09:15.000","2005-01-01T13:12:53.000","2005-01-01T13:41:40.000","N","Y","292","229","1","1","0"
"500149690120251","2005-01-01T13:08:05.000","BRONX","4969","INDEPENDENCE AVE & W231 ST","BRONX","10463","50","11","208","10","16","Private Fire Alarm","Initial Alarm","First Alarm","Alarm System - Unwarranted","NonMedical Emergencies","66","2005-01-01T13:09:11.000","2005-01-01T13:09:30.000","2005-01-01T13:14:10.000","2005-01-01T13:28:02.000","N","Y","365","299","3","2","1"
"500122410140330","2005-01-01T13:08:46.000","BROOKLYN","2241","AVENUE D & E 94 ST","BROOKLYN","11236","69","42","318","18","8","EMS Link/Medical","Initial Alarm","First Alarm","Medical - EMS Link 10-91","Medical Emergencies","12","2005-01-01T13:08:58.000","2005-01-01T13:09:17.000","2005-01-01T13:16:07.000","2005-01-01T13:16:29.000","N","Y","441","429","1","0","0"
"500115100110439","2005-01-01T13:09:50.000","MANHATTAN","1510","OLD BROADWAY & 129 ST","MANHATTAN","10027","26","7","109","5","13","EMS Link/Medical","Initial Alarm","First Alarm","Medical - Assist Civilian","Medical Emergencies","9","2005-01-01T13:09:59.000","2005-01-01T13:10:20.000","2005-01-01T13:14:00.000","2005-01-01T14:29:42.000","N","Y","250","241","1","0","0"
"500132400150243","2005-01-01T13:10:22.000","QUEENS","3240","62 RD & YELLOWSTONE BLVD","QUEENS","11375","112","29","406","28","6","Phone","Initial Alarm","First Alarm","Multiple Dwelling 'A' - Other fire","Structural Fires","73","2005-01-01T13:11:35.000","2005-01-01T13:11:54.000","2005-01-01T13:13:51.000","2005-01-01T13:27:29.000","N","Y","209","136","3","2","1"
"500121730120252","2005-01-01T13:10:46.000","BRONX","2173","CYPRESS AVE & 141 ST","BRONX","10454","40","8","201","7","15","Verbal","Initial Alarm","First Alarm","Demolition Debris or Rubbish Fire","NonStructural Fires","33","2005-01-01T13:11:19.000","2005-01-01T13:11:19.000","2005-01-01T13:12:14.000","2005-01-01T13:17:00.000","N","Y","88","55","1","0","0"
"500102880110440","2005-01-01T13:11:54.000","MANHATTAN","288","SUFFOLK & RIVINGTON STS","MANHATTAN","10002","7","1","103","1","12","EMS Link/Medical","Initial Alarm","First Alarm","Medical - EMS Link 10-91","Medical Emergencies","9","2005-01-01T13:12:03.000","2005-01-01T13:12:21.000","2005-01-01T13:16:12.000","2005-01-01T13:26:59.000","N","Y","258","249","1","0","0"
"500136980120253","2005-01-01T13:13:02.000","BRONX","3698","PAULDING AVE & 227 ST","BRONX","10466","47","12","212","11","16","Private Fire Alarm","Initial Alarm","First Alarm","Multiple Dwelling 'A' - Food on the stove fire","Structural Fires","103","2005-01-01T13:14:45.000","2005-01-01T13:15:07.000","2005-01-01T13:18:12.000","2005-01-01T13:26:39.000","N","Y","310","207","1","1","0"
"500157840150246","2005-01-01T13:13:48.000","QUEENS","5784","133 AVE & 224 ST","QUEENS","11413","105","31","413","29","5","Private Fire Alarm","Initial Alarm","First Alarm","Alarm System - Defective","NonMedical Emergencies","93","2005-01-01T13:15:21.000","2005-01-01T13:16:36.000","2005-01-01T13:20:52.000","2005-01-01T13:26:10.000","N","Y","424","331","1","1","0"
"500112990110441","2005-01-01T13:14:19.000","MANHATTAN","1299","MADISON AVE & 105 ST","MANHATTAN","10029","23","8","111","4","13","Phone","Initial Alarm","First Alarm","Non-Medical 10-91 (Unnecessary Alarm)","NonMedical Emergencies","103","2005-01-01T13:16:02.000","2005-01-01T13:16:22.000","2005-01-01T13:18:42.000","2005-01-01T13:21:44.000","N","Y","263","160","1","1","0"
"500103230110442","2005-01-01T13:15:04.000","MANHATTAN","323","W. BWAY & SPRING ST","MANHATTAN","10012","1","1","102","2","10","Phone","Initial Alarm","First Alarm","Non-Medical 10-91 (Unnecessary Alarm)","NonMedical Emergencies","98","2005-01-01T13:16:42.000","2005-01-01T13:17:05.000","2005-01-01T13:19:47.000","2005-01-01T13:23:59.000","N","Y","283","185","1","1","0"
"500134510140334","2005-01-01T13:15:57.000","BROOKLYN","3451","CROPSEY AVE & BAY 43 ST","BROOKLYN","11214","60","43","313","21","11","Phone","Initial Alarm","First Alarm","Utility Emergency - Electric","NonMedical Emergencies","45","2005-01-01T13:16:42.000","2005-01-01T13:17:06.000","2005-01-01T13:23:17.000","2005-01-01T13:38:06.000","N","Y","440","395","0","1","0"
"500100460110443","2005-01-01T13:16:15.000","MANHATTAN","46","BROADWAY & RECTOR ST","MANHATTAN","10005","1","1","101","2","10","Private Fire Alarm","Initial Alarm","First Alarm","Alarm System - Unwarranted","NonMedical Emergencies","99","2005-01-01T13:17:54.000","2005-01-01T13:18:10.000","2005-01-01T13:20:43.000","2005-01-01T13:36:15.000","N","Y","268","169","0","1","1"
"500168080150247","2005-01-01T13:18:18.000","QUEENS","6808","112 AVE & 219 ST","QUEENS","11429","105","27","413","29","5","Phone","Initial Alarm","First Alarm","Carbon Monoxide - Code 3 - Emergency (over 9 ppm)","NonMedical Emergencies","49","2005-01-01T13:19:07.000","2005-01-01T13:19:29.000","2005-01-01T13:23:17.000","2005-01-01T13:40:03.000","N","Y","299","250","1","1","0"
"500114870130068","2005-01-01T13:21:37.000","RICHMOND / STATEN ISLAND","1487","SEA VIEW AND QUINCY AVES","RICHMOND / STATEN ISLAND","10305","122","50","502","31","11","EMS Link/Medical","Initial Alarm","First Alarm","Medical - Assist Civilian","Medical Emergencies","82","2005-01-01T13:22:59.000","2005-01-01T13:23:21.000","2005-01-01T13:26:52.000","2005-01-01T13:54:24.000","N","Y","315","233","1","1","3"
"500112780110445","2005-01-01T13:22:11.000","MANHATTAN","1278","3 AVE & 102 ST","MANHATTAN","10029","23","8","111","4","13","EMS Link/Medical","Initial Alarm","First Alarm","Medical - EMS Link 10-91","Medical Emergencies","9","2005-01-01T13:22:20.000","2005-01-01T13:22:43.000",,"2005-01-01T13:24:36.000","N","N","0","0","1","0","0"
"500104510110446","2005-01-01T13:22:44.000","MANHATTAN","451","AVENUE D & 10 ST","MANHATTAN","10009","9","2","103","1","12","EMS Link/Medical","Initial Alarm","First Alarm","Medical - EMS Link 10-91","Medical Emergencies","19","2005-01-01T13:23:03.000","2005-01-01T13:23:24.000",,"2005-01-01T13:26:56.000","N","N","0","0","1","0","0"
"500110530140335","2005-01-01T13:22:48.000","BROOKLYN","1053","NOSTRAND AVE & MAPLE ST","BROOKLYN","11225","71","40","309","17","9","Phone","Initial Alarm","First Alarm","Carbon Monoxide - Code 2 - Incident (1-9 ppm)","NonMedical Emergencies","55","2005-01-01T13:23:43.000","2005-01-01T13:24:04.000","2005-01-01T13:26:42.000","2005-01-01T13:36:10.000","N","Y","234","179","1","1","0"
"500112100150248","2005-01-01T13:25:55.000","QUEENS","1210","HANTZ RD & BEACH 44 ST","QUEENS","11691","101","31","414","27","5","Private Fire Alarm","Initial Alarm","First Alarm","Alarm System - Defective","NonMedical Emergencies","67","2005-01-01T13:27:02.000","2005-01-01T13:27:24.000","2005-01-01T13:30:00.000","2005-01-01T13:48:47.000","N","Y","245","178","1","1","0"
"500112330110447","2005-01-01T13:26:42.000","MANHATTAN","1233","2 AVE & 95 ST","MANHATTAN","10128","19","5","108","2","12","Phone","Initial Alarm","First Alarm","Utility Emergency - Electric","NonMedical Emergencies","64","2005-01-01T13:27:46.000","2005-01-01T13:28:05.000","2005-01-01T13:30:38.000","2005-01-01T13:40:36.000","N","Y","236","172","0","1","0"
"500109330140336","2005-01-01T13:26:47.000","BROOKLYN","933","PUTNAM & TOMPKINS AVES","BROOKLYN","11221","79","36","303","13","8","EMS Link/Medical","Initial Alarm","First Alarm","Medical - EMS Link 10-91","Medical Emergencies","11","2005-01-01T13:26:58.000","2005-01-01T13:27:15.000",,"2005-01-01T13:35:02.000","N","N","0","0","1","0","0"
"500116030140337","2005-01-01T13:26:48.000","BROOKLYN","1603","WINTHROP & EAST 49 STS","BROOKLYN","11203","71","41","309","18","9","Phone","Initial Alarm","First Alarm","Carbon Monoxide - Code 1 - Investigation","NonMedical Emergencies","39","2005-01-01T13:27:27.000","2005-01-01T13:27:50.000","2005-01-01T13:34:44.000","2005-01-01T13:50:08.000","N","Y","476","437","1","1","0"
"500116430140339","2005-01-01T13:28:40.000","BROOKLYN","1643","PITKIN AVE & SARATOGA AVE","BROOKLYN","11212","73","41","316","23","9","Phone","Initial Alarm","First Alarm","Demolition Debris or Rubbish Fire","NonStructural Fires","60","2005-01-01T13:29:40.000","2005-01-01T13:29:58.000","2005-01-01T13:33:52.000","2005-01-01T13:39:02.000","N","Y","312","252","1","0","0"
"500138010120254","2005-01-01T13:29:27.000","BRONX","3801","BRONX BLVD & 228 ST","BRONX","10466","47","12","212","11","16","Phone","Initial Alarm","First Alarm","Carbon Monoxide - Code 2 - Incident (1-9 ppm)","NonMedical Emergencies","59","2005-01-01T13:30:26.000","2005-01-01T13:30:49.000","2005-01-01T13:35:25.000","2005-01-01T13:50:18.000","N","Y","358","299","1","1","0"
"500113340110448","2005-01-01T13:30:04.000","MANHATTAN","1334","PARK AVE & 110 ST","MANHATTAN","10029","23","8","111","4","13","Phone","Initial Alarm","First Alarm","Utility Emergency - Electric","NonMedical Emergencies","23","2005-01-01T13:30:27.000","2005-01-01T13:30:46.000","2005-01-01T13:35:25.000","2005-01-01T13:50:42.000","N","Y","321","298","0","1","0"
"500188100250249","2005-01-01T13:30:46.000","QUEENS","8810","105 AVE & INWOOD ST","QUEENS","11435","103","28","412","28","5","PD Link/Medical","Initial Alarm","First Alarm","Medical - Assist Civilian","Medical Emergencies","7","2005-01-01T13:30:53.000","2005-01-01T13:31:09.000","2005-01-01T13:34:31.000","2005-01-01T13:40:18.000","N","Y","225","218","1","0","0"
"500112850410452","2005-01-01T13:30:53.000","MANHATTAN","1285","CENTRAL PARK W & 103 ST","MANHATTAN","10025","24","6","107","3","13","Phone","Initial Alarm","First Alarm","Odor - Other Than Smoke","NonMedical Emergencies","99","2005-01-01T13:32:32.000","2005-01-01T13:32:45.000","2005-01-01T13:34:48.000","2005-01-01T13:43:22.000","N","Y","235","136","3","2","1"
"500105250210451","2005-01-01T13:31:14.000","MANHATTAN","525","BROADWAY & 12 ST","MANHATTAN","10003","9","2","102","2","12","Phone","Initial Alarm","First Alarm","Utility Emergency - Electric","NonMedical Emergencies","53","2005-01-01T13:32:07.000","2005-01-01T13:32:22.000","2005-01-01T13:34:34.000","2005-01-01T13:58:00.000","N","Y","200","147","3","2","1"
"500112750110450","2005-01-01T13:31:16.000","MANHATTAN","1275","2 AVE & 101 ST","MANHATTAN","10029","23","8","111","4","13","PD Link/Medical","Initial Alarm","First Alarm","Medical - PD Link 10-91","Medical Emergencies","24","2005-01-01T13:31:40.000","2005-01-01T13:32:02.000","2005-01-01T13:36:01.000","2005-01-01T13:44:31.000","N","Y","285","261","1","0","0"
"500117150210453","2005-01-01T13:32:12.000","MANHATTAN","1715","AMSTERDAM AVE & 172 ST","MANHATTAN","10032","33","10","112","6","13","Phone","Initial Alarm","First Alarm","Multiple Dwelling 'A' - Food on the stove fire","Structural Fires","59","2005-01-01T13:33:11.000","2005-01-01T13:33:33.000","2005-01-01T13:35:51.000","2005-01-01T13:48:19.000","N","Y","219","160","3","2","1"
"500122750220255","2005-01-01T13:32:15.000","BRONX","2275","153 ST & COURTLANDT","BRONX","10451","40","17","201","7","15","PD Link/Medical","Initial Alarm","First Alarm","Medical - PD Link 10-91","Medical Emergencies","8","2005-01-01T13:32:23.000","2005-01-01T13:32:45.000",,"2005-01-01T13:36:18.000","N","N","0","0","1","0","0"
"500116200110455","2005-01-01T13:33:01.000","MANHATTAN","1620","AMSTERDAM AVE & 144 ST","MANHATTAN","10031","30","7","109","6","13","Phone","Initial Alarm","First Alarm","Carbon Monoxide - Code 1 - Investigation","NonMedical Emergencies","62","2005-01-01T13:34:03.000","2005-01-01T13:34:15.000","2005-01-01T13:37:48.000","2005-01-01T13:49:07.000","N","Y","287","225","1","1","0"
"500113430140340","2005-01-01T13:33:47.000","BROOKLYN","1343","CLINTON & LUQUER STS","BROOKLYN","11231","76","39","306","15","7","Phone","Initial Alarm","First Alarm","Utility Emergency - Electric","NonMedical Emergencies","52","2005-01-01T13:34:39.000","2005-01-01T13:34:50.000","2005-01-01T13:37:43.000","2005-01-01T14:37:24.000","N","Y","236","184","0","1","0"
"500131090150250","2005-01-01T13:33:56.000","QUEENS","3109","FERNDALE AVE & PINEGROVE ST","QUEENS","11435","103","28","412","28","5","PD Link/Medical","Initial Alarm","First Alarm","Medical - PD Link 10-91","Medical Emergencies","392","2005-01-01T13:40:28.000","2005-01-01T13:40:59.000",,"2005-01-01T13:41:59.000","N","N","0","0","1","0","0"
"500192700150251","2005-01-01T13:33:59.000","QUEENS","9270","UNION TNPK & 71 DR","QUEENS","11375","112","29","406","28","6","PD Link/Medical","Initial Alarm","First Alarm","Medical - Assist Civilian","Medical Emergencies","11","2005-01-01T13:34:10.000","2005-01-01T13:34:29.000","2005-01-01T13:41:09.000","2005-01-01T13:51:50.000","N","Y","430","419","1","0","0"
"500101930110456","2005-01-01T13:34:10.000","MANHATTAN","193","MULBERRY & HESTER STS","MANHATTAN","10013","5","1","103","2","7","EMS Link/Medical","Initial Alarm","First Alarm","Medical - EMS Link 10-91","Medical Emergencies","9","2005-01-01T13:34:19.000","2005-01-01T13:34:39.000","2005-01-01T13:39:37.000","2005-01-01T13:39:44.000","N","Y","327","318","1","0","0"
"500135420240343","2005-01-01T13:35:09.000","BROOKLYN","3542","SURF AVE & W. 21 ST","BROOKLYN","11224","60","47","313","21","8","Phone","Initial Alarm","First Alarm","Assist Civilian - Non-Medical","NonMedical Emergencies","56","2005-01-01T13:36:05.000","2005-01-01T13:36:26.000","2005-01-01T13:47:55.000","2005-01-01T13:52:33.000","N","Y","766","710","1","0","0"
"500107400240341","2005-01-01T13:35:10.000","BROOKLYN","740","KNICKERBOCKER AVE & SUYDAM ST","BROOKLYN","11237","83","34","304","32","7","PD Link/Medical","Initial Alarm","First Alarm","Medical - Assist Civilian","Medical Emergencies","12","2005-01-01T13:35:22.000","2005-01-01T13:35:39.000","2005-01-01T13:40:09.000","2005-01-01T14:15:38.000","N","Y","299","287","1","0","0"
"500131580120257","2005-01-01T13:36:17.000","BRONX","3158","JEROME AVENUE & 181 ST.","BRONX","10453","46","14","205","10","15","PD Link/Medical","Initial Alarm","First Alarm","Medical - Assist Civilian","Medical Emergencies","11","2005-01-01T13:36:28.000","2005-01-01T13:36:55.000","2005-01-01T13:39:25.000","2005-01-01T13:58:47.000","N","Y","188","177","1","0","0"
"500103900130075","2005-01-01T13:36:24.000","RICHMOND / STATEN ISLAND","390","PURCELL ST & FORD PL","RICHMOND / STATEN ISLAND","10310","120","49","501","31","11","PD Link/Medical","Initial Alarm","First Alarm","Medical - Assist Civilian","Medical Emergencies","25","2005-01-01T13:36:49.000","2005-01-01T13:37:08.000","2005-01-01T13:40:13.000","2005-01-01T13:59:03.000","N","Y","229","204","1","0","0"
"500136220230076","2005-01-01T13:36:34.000","RICHMOND / STATEN ISLAND","3622","POMPEY AVE AND KATAN AVE","RICHMOND / STATEN ISLAND","10312","123","51","503","31","11","EMS Link/Medical","Initial Alarm","First Alarm","Medical - Assist Civilian","Medical Emergencies","28","2005-01-01T13:37:02.000","2005-01-01T13:37:28.000","2005-01-01T13:39:30.000","2005-01-01T13:52:32.000","N","Y","176","148","1","0","0"
"500103410140344","2005-01-01T13:37:18.000","BROOKLYN","341","LEE AVE & LORIMER ST","BROOKLYN","11206","90","33","301","14","7","Phone","Initial Alarm","First Alarm","Carbon Monoxide - Code 1 - Investigation","NonMedical Emergencies","52","2005-01-01T13:38:10.000","2005-01-01T13:38:23.000","2005-01-01T13:40:47.000","2005-01-01T13:53:41.000","N","Y","209","157","1","1","0"
"500129380120258","2005-01-01T13:38:41.000","BRONX","2938","CLAY AVE & 175 ST","BRONX","10457","46","15","205","9","15","EMS Link/Medical","Initial Alarm","First Alarm","Medical - EMS Link 10-91","Medical Emergencies","8","2005-01-01T13:38:49.000","2005-01-01T13:39:12.000","2005-01-01T13:42:59.000","2005-01-01T13:44:39.000","N","Y","258","250","1","0","0"
"500100430140345","2005-01-01T13:39:15.000","BROOKLYN","43","MANHATTAN AVE & INDIA ST","BROOKLYN","11222","94","33","301","14","12","PD Link/Medical","Initial Alarm","First Alarm","Medical - PD Link 10-91","Medical Emergencies","12","2005-01-01T13:39:27.000","2005-01-01T13:40:02.000","2005-01-01T13:42:40.000","2005-01-01T13:44:11.000","N","Y","205","193","1","0","0"
"500108570110462","2005-01-01T13:40:28.000","MANHATTAN","857","5 AVE & 50 ST","MANHATTAN","10022","18","4","105","2","12","Private Fire Alarm","Initial Alarm","First Alarm","Alarm System - Unwarranted","NonMedical Emergencies","123","2005-01-01T13:42:31.000","2005-01-01T13:42:47.000","2005-01-01T13:45:34.000","2005-01-01T14:05:29.000","N","Y","306","183","5","3","1"
"500126560120259","2005-01-01T13:40:30.000","BRONX","2656","CASTLE HILL & CINCINNATUS AVES","BRONX","10473","43","18","209","8","15","PD Link/Medical","Initial Alarm","First Alarm","Medical - PD Link 10-91","Medical Emergencies","12","2005-01-01T13:40:42.000","2005-01-01T13:41:00.000","2005-01-01T13:46:56.000","2005-01-01T13:53:59.000","N","Y","386","374","1","0","0"
"500133040120260","2005-01-01T13:40:44.000","BRONX","3304","CROTONA AVE & 183 ST","BRONX","10458","48","15","206","10","15","EMS Link/Medical","Initial Alarm","First Alarm","Medical - EMS Link 10-91","Medical Emergencies","9","2005-01-01T13:40:53.000","2005-01-01T13:41:11.000","2005-01-01T13:46:12.000","2005-01-01T13:50:15.000","N","Y","328","319","1","0","0"
"500168060150252","2005-01-01T13:41:11.000","QUEENS","6806","109 AVE & 227 ST","QUEENS","11429","105","27","413","29","5","EMS Link/Medical","Initial Alarm","First Alarm","Medical - Assist Civilian","Medical Emergencies","14","2005-01-01T13:41:25.000","2005-01-01T13:42:22.000","2005-01-01T13:46:58.000","2005-01-01T14:00:26.000","N","Y","347","333","1","0","0"
"500127980330077","2005-01-01T13:41:57.000","RICHMOND / STATEN ISLAND","2798","RICHMOND & ROCKLAND AVES","RICHMOND / STATEN ISLAND","10314","121","50","502","31","11","Private Fire Alarm","Initial Alarm","First Alarm","Alarm System - Unwarranted","NonMedical Emergencies","75","2005-01-01T13:43:12.000","2005-01-01T13:43:30.000","2005-01-01T13:47:08.000","2005-01-01T13:58:50.000","N","Y","311","236","3","2","1"
"500127800140346","2005-01-01T13:42:16.000","BROOKLYN","2780","12 AVE & 79 ST","BROOKLYN","11228","68","43","310","20","11","Phone","Initial Alarm","First Alarm","Multiple Dwelling 'A' - Food on the stove fire","Structural Fires","68","2005-01-01T13:43:24.000","2005-01-01T13:43:44.000","2005-01-01T13:45:14.000","2005-01-01T13:55:53.000","N","Y","178","110","3","2","1"
"500116460210463","2005-01-01T13:43:47.000","MANHATTAN","1646","8 AVE & 150 ST","MANHATTAN","10039","32","9","110","5","13","EMS Link/Medical","Initial Alarm","First Alarm","Medical - Assist Civilian","Medical Emergencies","10","2005-01-01T13:43:57.000","2005-01-01T13:44:17.000","2005-01-01T13:47:48.000","2005-01-01T13:57:45.000","N","Y","241","231","1","0","0"
"500198920150253","2005-01-01T13:44:41.000","QUEENS","9892","93 AVE & 168 ST","QUEENS","11433","103","27","412","29","5","PD Link/Medical","Initial Alarm","First Alarm","Medical - Assist Civilian","Medical Emergencies","9","2005-01-01T13:44:50.000","2005-01-01T13:45:02.000","2005-01-01T13:49:38.000","2005-01-01T14:18:17.000","N","Y","297","288","1","0","0"
"500128680130078","2005-01-01T13:45:58.000","RICHMOND / STATEN ISLAND","2868","FRANKLIN LA, 500'N ARTHUR KILL RD/R VFD","RICHMOND / STATEN ISLAND","10306","121","51","503","31","11","PD Link/Medical","Initial Alarm","First Alarm","Medical - PD Link 10-91","Medical Emergencies","7","2005-01-01T13:46:05.000","2005-01-01T13:46:25.000",,"2005-01-01T13:50:12.000","N","N","0","0","1","0","0"
"500137070220263","2005-01-01T13:46:14.000","BRONX","3707","GODWIN TERR & KIMBERLY PL NEAR 230 & BWA","BRONX","10463","50","11","208","10","13","Phone","Initial Alarm","First Alarm","Non-Medical 10-91 (Unnecessary Alarm)","NonMedical Emergencies","69","2005-01-01T13:47:23.000","2005-01-01T13:47:43.000",,"2005-01-01T13:48:01.000","N","N","0","0","1","0","0"
"500101680140347","2005-01-01T13:48:02.000","BROOKLYN","168","KINGSLAND & DRIGGS AVES","BROOKLYN",,,,,,,"PD Link/Medical","Initial Alarm","First Alarm","Medical - Assist Civilian","Medical Emergencies","8","2005-01-01T13:48:10.000","2005-01-01T13:48:32.000","2005-01-01T13:51:18.000","2005-01-01T14:01:00.000","N","Y","196","188","1","0","0"
"500128930120264","2005-01-01T13:48:33.000","BRONX","2893","WESTCHESTER & ROSEDALE AVES","BRONX","10472","43","18","209","12","15","PD Link/Medical","Initial Alarm","First Alarm","Medical - Assist Civilian","Medical Emergencies","9","2005-01-01T13:48:42.000","2005-01-01T13:49:09.000","2005-01-01T13:53:05.000","2005-01-01T14:26:26.000","N","Y","272","263","1","0","0"
"500115140140348","2005-01-01T13:49:31.000","BROOKLYN","1514","PROSPECT PARK SW & 10 AVE","BROOKLYN","11215","78","39","306","15","9","PD Link/Medical","Initial Alarm","First Alarm","Medical - PD Link 10-91","Medical Emergencies","18","2005-01-01T13:49:49.000","2005-01-01T13:50:14.000",,"2005-01-01T13:51:37.000","N","N","0","0","1","0","0"
"500103230310467","2005-01-01T13:50:10.000","MANHATTAN","323","W. BWAY & SPRING ST","MANHATTAN","10012","1","1","102","2","10","PD Link/Medical","Initial Alarm","First Alarm","Medical - PD Link 10-91","Medical Emergencies","10","2005-01-01T13:50:20.000","2005-01-01T13:50:40.000","2005-01-01T13:54:28.000","2005-01-01T14:02:37.000","N","Y","258","248","1","0","0"
"500129970120266","2005-01-01T13:51:56.000","BRONX","2997","ANTHONY AVE & EAST 178 ST.","BRONX","10457","46","15","205","9","15","PD Link/Medical","Initial Alarm","First Alarm","Medical - Assist Civilian","Medical Emergencies","18","2005-01-01T13:52:14.000","2005-01-01T13:53:10.000","2005-01-01T13:56:06.000","2005-01-01T14:11:54.000","N","Y","250","232","1","0","0"
"500126090120267","2005-01-01T13:52:10.000","BRONX","2609","N/B BRUCKNER BLVD & THERIOT AVE","BRONX","10473","43","18","209","8","15","Phone","Initial Alarm","First Alarm","Odor - Other Smoke","NonMedical Emergencies","83","2005-01-01T13:53:33.000","2005-01-01T13:53:47.000","2005-01-01T13:59:15.000","2005-01-01T14:11:30.000","N","Y","425","342","3","2","1"
"500106960140350","2005-01-01T13:53:47.000","BROOKLYN","696","DEKALB AVE & FORT GREENE PL","BROOKLYN","11217","88","35","302","13","8","Private Fire Alarm","Initial Alarm","First Alarm","Alarm System - Unwarranted","NonMedical Emergencies","108","2005-01-01T13:55:35.000","2005-01-01T13:55:56.000","2005-01-01T13:58:50.000","2005-01-01T14:03:17.000","N","Y","303","195","1","1","0"
"500128820140349","2005-01-01T13:54:13.000","BROOKLYN","2882","CROPSEY AVE & BAY 16 ST","BROOKLYN","11214","62","43","311","20","11","Phone","Initial Alarm","First Alarm","Utility Emergency - Gas","NonMedical Emergencies","66","2005-01-01T13:55:19.000","2005-01-01T13:55:34.000","2005-01-01T13:57:34.000","2005-01-01T14:10:30.000","N","Y","201","135","3","2","1"
"500152110150260","2005-01-01T13:55:11.000","QUEENS","5211","PENELOPE AVE & 75 PL","QUEENS","11379","104","30","405","24","6","Private Fire Alarm","Initial Alarm","First Alarm","Alarm System - Unwarranted","NonMedical Emergencies","120","2005-01-01T13:57:11.000","2005-01-01T13:57:28.000","2005-01-01T14:01:24.000","2005-01-01T14:11:46.000","N","Y","373","253","1","1","0"
"500143750550261","2005-01-01T13:56:27.000","QUEENS","4375","COOPER & CYPRESS AVES","QUEENS","11385","104","30","405","24","7","Verbal","Initial Alarm","First Alarm","Other Transportation Fire","NonStructural Fires","52","2005-01-01T13:57:19.000","2005-01-01T13:57:35.000","2005-01-01T14:00:40.000","2005-01-01T14:11:13.000","N","Y","253","201","1","1","0"
"500109860140351","2005-01-01T13:56:34.000","BROOKLYN","986","CLINTON AVE & FULTON ST","BROOKLYN","11238","88","35","302","13","8","Phone","Initial Alarm","First Alarm","Carbon Monoxide - Code 1 - Investigation","NonMedical Emergencies","61","2005-01-01T13:57:35.000","2005-01-01T13:58:04.000","2005-01-01T14:01:47.000","2005-01-01T14:11:52.000","N","Y","313","252","1","1","0"
"500136160140352","2005-01-01T13:57:54.000","BROOKLYN","3616","NEPTUNE AVE & BRIGHTON 10 ST","BROOKLYN","11235","61","48","315","21","8","Phone","Initial Alarm","First Alarm","Demolition Debris or Rubbish Fire","NonStructural Fires","58","2005-01-01T13:58:52.000","2005-01-01T13:59:14.000","2005-01-01T14:01:36.000","2005-01-01T14:34:55.000","N","Y","222","164","3","2","1"
"500149730120269","2005-01-01T13:59:24.000","BRONX","4973","HENRY HUDSON PKWY W & KAPPOCK ST","BRONX","10463","50","11","208","10","16","PD Link/Medical","DEFAULT RECORD","First Alarm","Medical MFA - PD Link","Medical MFAs","11","2005-01-01T13:59:35.000","2005-01-01T13:59:56.000","2005-01-01T14:05:10.000","2005-01-01T14:11:12.000","N","Y","346","335","1","0","0"
"500136420140358","2005-01-01T14:00:17.000","BROOKLYN","3642","ORIENTAL BLVD & NORFOLK ST","BROOKLYN","11235","61","48","315","22","8","Private Fire Alarm","Initial Alarm","First Alarm","Utility Emergency - Electric","NonMedical Emergencies","99","2005-01-01T14:01:56.000","2005-01-01T14:02:19.000","2005-01-01T14:11:04.000","2005-01-01T14:31:27.000","N","Y","647","548","3","2","2"
"500143470320270","2005-01-01T14:00:50.000","BRONX","4347","TIEMAN AVE & PELHAM PKWY NORTH","BRONX","10469","49","13","211","11","14","Phone","Initial Alarm","First Alarm","Vehicle Accident - Other","NonMedical Emergencies","56","2005-01-01T14:01:46.000","2005-01-01T14:02:06.000","2005-01-01T14:07:07.000","2005-01-01T14:13:26.000","N","Y","377","321","1","1","0"
"500108660140360","2005-01-01T14:01:36.000","BROOKLYN","866","RALPH AVE & MARION ST","BROOKLYN","11233","81","41","303","16","8","PD Link/Medical","Initial Alarm","First Alarm","Medical - Assist Civilian","Medical Emergencies","66","2005-01-01T14:02:42.000","2005-01-01T14:03:14.000","2005-01-01T14:07:29.000","2005-01-01T14:14:41.000","N","Y","353","287","1","0","0"
"500118130110471","2005-01-01T14:01:43.000","MANHATTAN","1813","SHERMAN AVE AND ISHAM ST","MANHATTAN","10034","34","10","112","6","13","EMS Link/Medical","Initial Alarm","First Alarm","Medical - Assist Civilian","Medical Emergencies","10","2005-01-01T14:01:53.000","2005-01-01T14:02:26.000","2005-01-01T14:05:54.000","2005-01-01T14:14:46.000","N","Y","251","241","1","0","0"
"500105130110472","2005-01-01T14:03:22.000","MANHATTAN","513","HUDSON & CHARLES STS","MANHATTAN","10014","6","3","102","2","10","PD Link/Medical","Initial Alarm","First Alarm","Medical - PD Link 10-91","Medical Emergencies","14","2005-01-01T14:03:36.000","2005-01-01T14:03:55.000","2005-01-01T14:07:07.000","2005-01-01T14:11:17.000","N","Y","225","211","1","0","0"
"500104010110473","2005-01-01T14:04:19.000","MANHATTAN","401","RIDGE & STANTON STS","MANHATTAN","10002","7","2","103","1","12","PD Link/Medical","Initial Alarm","First Alarm","Medical - Assist Civilian","Medical Emergencies","15","2005-01-01T14:04:34.000","2005-01-01T14:05:03.000","2005-01-01T14:08:13.000","2005-01-01T14:29:00.000","N","N","234","219","1","0","0"
"500122170140363","2005-01-01T14:04:22.000","BROOKLYN","2217","REMSEN AVE & AVENUE B","BROOKLYN","11236","67","45","317","18","8","Private Fire Alarm","Initial Alarm","First Alarm","Odor - Other Smoke","NonMedical Emergencies","79","2005-01-01T14:05:41.000","2005-01-01T14:06:04.000","2005-01-01T14:11:40.000","2005-01-01T14:20:04.000","N","Y","438","359","1","1","0"
"500114490240362","2005-01-01T14:05:14.000","BROOKLYN","1449","5 AVE & 39 ST","BROOKLYN","11232","72","38","307","15","7","EMS Link/Medical","Initial Alarm","First Alarm","Medical - Assist Civilian","Medical Emergencies","14","2005-01-01T14:05:28.000",,"2005-01-01T14:07:40.000","2005-01-01T14:24:45.000","N","Y","146","132","1","0","0"
"500119540140364","2005-01-01T14:05:25.000","BROOKLYN","1954","COZINE AVE & VAN SICKLEN AVE","BROOKLYN","11207","75","42","305","19","8","Phone","Initial Alarm","First Alarm","Carbon Monoxide - Code 3 - Emergency (over 9 ppm)","NonMedical Emergencies","71","2005-01-01T14:06:36.000","2005-01-01T14:07:03.000","2005-01-01T14:11:25.000","2005-01-01T14:26:39.000","N","Y","360","289","1","1","0"
"500103400130080","2005-01-01T14:05:30.000","RICHMOND / STATEN ISLAND","340","CASTLETON & PELTON AVES","RICHMOND / STATEN ISLAND","10310","120","49","501","31","11","Phone","Initial Alarm","First Alarm","Odor - Other Than Smoke","NonMedical Emergencies","96","2005-01-01T14:07:06.000","2005-01-01T14:07:19.000","2005-01-01T14:09:53.000","2005-01-01T14:22:37.000","N","Y","263","167","3","2","1"
"500108570210474","2005-01-01T14:05:32.000","MANHATTAN","857","5 AVE & 50 ST","MANHATTAN","10022","18","4","105","2","12","Verbal","Initial Alarm","First Alarm","Odor - Other Than Smoke","NonMedical Emergencies","38","2005-01-01T14:06:10.000","2005-01-01T14:06:10.000",,"2005-01-01T14:07:22.000","N","N","0","0","3","2","1"
"500106350110475","2005-01-01T14:07:38.000","MANHATTAN","635","10 AVE & 25 ST","MANHATTAN","10001","10","3","104","2","10","PD Link/Medical","Initial Alarm","First Alarm","Medical - PD Link 10-91","Medical Emergencies","8","2005-01-01T14:07:46.000","2005-01-01T14:08:11.000",,"2005-01-01T14:13:52.000","N","N","0","0","1","0","0"
"500110690240365","2005-01-01T14:08:04.000","BROOKLYN","1069","WASHINGTON AVE & LINCOLN PL","BROOKLYN","11238","77","35","308","17","9","Phone","Initial Alarm","First Alarm","Utility Emergency - Electric","NonMedical Emergencies","62","2005-01-01T14:09:06.000","2005-01-01T14:09:40.000","2005-01-01T14:11:32.000","2005-01-01T14:23:27.000","N","Y","208","146","0","1","0"
"500171870150263","2005-01-01T14:10:34.000","QUEENS","7187","40 AVE & 24 ST","QUEENS","11101","114","26","401","30","12","EMS Link/Medical","Initial Alarm","First Alarm","Medical - Assist Civilian","Medical Emergencies","11","2005-01-01T14:10:45.000","2005-01-01T14:11:11.000","2005-01-01T14:16:20.000","2005-01-01T14:30:33.000","N","Y","346","335","1","0","0"
"500109760110476","2005-01-01T14:11:29.000","MANHATTAN","976","2 AVE & 65 ST","MANHATTAN","10065","19","4","108","2","12","EMS Link/Medical","Initial Alarm","First Alarm","Medical - EMS Link 10-91","Medical Emergencies","9","2005-01-01T14:11:38.000","2005-01-01T14:11:59.000","2005-01-01T14:14:20.000","2005-01-01T14:18:42.000","N","Y","171","162","1","0","0"
"500114770140366","2005-01-01T14:12:29.000","BROOKLYN","1477","7 AVE & 47 ST","BROOKLYN","11220","72","38","307","15","7","EMS Link/Medical","Initial Alarm","First Alarm","Medical - Assist Civilian","Medical Emergencies","12","2005-01-01T14:12:41.000","2005-01-01T14:12:59.000","2005-01-01T14:17:21.000","2005-01-01T14:22:26.000","N","Y","292","280","1","0","0"
"500116520110477","2005-01-01T14:12:45.000","MANHATTAN","1652","ST. NICHOLAS AVE & 151 ST","MANHATTAN","10031","30","9","109","6","13","Phone","Initial Alarm","First Alarm","Demolition Debris or Rubbish Fire","NonStructural Fires","36","2005-01-01T14:13:21.000","2005-01-01T14:13:40.000","2005-01-01T14:18:31.000","2005-01-01T14:26:24.000","N","Y","346","310","1","1","0"
"500139070120271","2005-01-01T14:13:42.000","BRONX","3907","BROADWAY & W252 ST","BRONX","10471","50","11","208","10","16","Phone","Initial Alarm","First Alarm","Undefined Emergency","NonMedical Emergencies","77","2005-01-01T14:14:59.000","2005-01-01T14:15:15.000","2005-01-01T14:18:19.000","2005-01-01T14:45:34.000","N","Y","277","200","3","2","1"
"500192480150264","2005-01-01T14:14:27.000","QUEENS","9248","WALDRON & 108 STS","QUEENS","11368","110","21","404","24","14","PD Link/Medical","Initial Alarm","First Alarm","Medical - Assist Civilian","Medical Emergencies","7","2005-01-01T14:14:34.000","2005-01-01T14:15:00.000","2005-01-01T14:18:00.000","2005-01-01T14:41:55.000","N","Y","213","206","1","0","0"
"500117520110482","2005-01-01T14:15:11.000","MANHATTAN","1752","ST. NICHOLAS AVE AND 182ND ST","MANHATTAN","10033","34","10","112","6","13","PD Link/Medical","Initial Alarm","First Alarm","Medical - PD Link 10-91","Medical Emergencies","31","2005-01-01T14:15:42.000","2005-01-01T14:16:02.000","2005-01-01T14:19:03.000","2005-01-01T14:21:39.000","N","Y","232","201","1","0","0"
"500116710210485","2005-01-01T14:16:27.000","MANHATTAN","1671","AMSTERDAM AVE & 156 ST","MANHATTAN","10032","33","7","112","6","13","Phone","Initial Alarm","First Alarm","Odor - Other Than Smoke","NonMedical Emergencies","111","2005-01-01T14:18:18.000","2005-01-01T14:18:36.000","2005-01-01T14:21:58.000","2005-01-01T14:31:18.000","N","Y","331","220","3","2","1"
"500123100120272","2005-01-01T14:16:48.000","BRONX","2310","MELROSE AVE & 158 ST","BRONX","10451","40","17","201","7","15","Phone","Initial Alarm","First Alarm","Carbon Monoxide - Code 1 - Investigation","NonMedical Emergencies","110","2005-01-01T14:18:38.000","2005-01-01T14:19:08.000","2005-01-01T14:20:44.000","2005-01-01T14:30:57.000","N","Y","236","126","1","1","0"
"500109680140367","2005-01-01T14:16:51.000","BROOKLYN","968","GATES AVE & IRVING PL","BROOKLYN","11238","79","35","303","13","8","PD Link/Medical","Initial Alarm","First Alarm","Medical - Assist Civilian","Medical Emergencies","16","2005-01-01T14:17:07.000","2005-01-01T14:17:32.000","2005-01-01T14:20:15.000","2005-01-01T14:40:01.000","N","Y","204","188","1","0","0"
"500113120110486","2005-01-01T14:18:22.000","MANHATTAN","1312","AMSTERDAM AVE & 107 ST","MANHATTAN","10025","24","7","107","3","13","PD Link/Medical","Initial Alarm","First Alarm","Medical - Assist Civilian","Medical Emergencies","9","2005-01-01T14:18:31.000","2005-01-01T14:18:53.000","2005-01-01T14:22:59.000","2005-01-01T14:37:57.000","N","Y","277","268","1","0","0"
"500136320130082","2005-01-01T14:19:40.000","RICHMOND / STATEN ISLAND","3632","STUYVESANT AVE AND SYLVIA ST","RICHMOND / STATEN ISLAND","10312","123","51","503","31","11","Phone","Initial Alarm","First Alarm","Automobile Fire","NonStructural Fires","56","2005-01-01T14:20:36.000","2005-01-01T14:21:09.000","2005-01-01T14:24:10.000","2005-01-01T14:38:23.000","N","Y","270","214","1","1","0"
"500113500150265","2005-01-01T14:22:20.000","QUEENS","1350","BEACH CHANNEL DR & BEACH 98 ST","QUEENS","11694","100","32","414","27","5","PD Link/Medical","Initial Alarm","First Alarm","Medical - Assist Civilian","Medical Emergencies","14","2005-01-01T14:22:34.000","2005-01-01T14:23:10.000","2005-01-01T14:26:02.000","2005-01-01T15:00:57.000","N","Y","222","208","1","0","0"
"500198170150266","2005-01-01T14:22:34.000","QUEENS","9817","97 AVE & REMINGTON ST","QUEENS","11435","103","28","412","28","5","Phone","Initial Alarm","First Alarm","Carbon Monoxide - Code 1 - Investigation","NonMedical Emergencies","53","2005-01-01T14:23:27.000","2005-01-01T14:23:58.000","2005-01-01T14:25:49.000","2005-01-01T14:34:51.000","N","Y","195","142","1","1","0"
"500102600140368","2005-01-01T14:23:13.000","BROOKLYN","260","MANHATTAN AVE & DEVOE ST","BROOKLYN","11211","90","34","301","14","12","PD Link/Medical","Initial Alarm","First Alarm","Medical - Assist Civilian","Medical Emergencies","8","2005-01-01T14:23:21.000","2005-01-01T14:23:43.000","2005-01-01T14:26:38.000","2005-01-01T14:37:05.000","N","Y","205","197","1","0","0"
"500112850610488","2005-01-01T14:24:01.000","MANHATTAN","1285","CENTRAL PARK W & 103 ST","MANHATTAN","10025","24","7","107","3","13","PD Link/Medical","Initial Alarm","First Alarm","Medical - Assist Civilian","Medical Emergencies","12","2005-01-01T14:24:13.000","2005-01-01T14:24:41.000","2005-01-01T14:27:44.000","2005-01-01T14:47:47.000","N","Y","223","211","1","0","0"
